Workbook
Name Slicer_District: #N/A
Name Slicer_District1: #N/A
Name Slicer_District11: #N/A
Name Slicer_District2: #N/A
Name Slicer_District3: #N/A
Name Slicer_District4: #N/A
Name Slicer_District5: #N/A

Sheet Sunday
B2: Minimum Hours WTD - KEY | E2: District | F2: Cars | G2: LHC | H2: Allowed Hours | I2: Actual Hours | J2: Hours Variance
B3: Sunday | C3: 20 | E3: Baton Rouge North | F3: =SUM(G15:G22) -> 75 | G3: 0.79 | H3: =SUM(I15:I22) -> 59.25 | I3: =SUM(K15:K22) -> 123.8 | J3: =SUM(L15:L22) -> -16.2
B4: Monday | C4: 45.3 | E4: Baton Rouge South | F4: =SUM(G23:G29) -> 69 | G4: 0.79 | H4: =SUM(I23:I29) -> 54.51 | I4: =SUM(K23:K29) -> 116.16 | J4: =SUM(L23:L29) -> -23.84
B5: Tuesday | C5: 70.6 | E5: Gulf Coast North | F5: =SUM(G30:G38) -> 206 | G5: 0.79 | H5: =SUM(I30:I38) -> 162.74 | I5: =SUM(K30:K38) -> 202 | J5: =SUM(L30:L38) -> -2.53
B6: Wednesday | C6: 95.93 | E6: Lafayette | F6: =SUM(G39:G46) -> 204 | G6: 0.79 | H6: =SUM(I39:I46) -> 161.16 | I6: =SUM(K39:K46) -> 164.31 | J6: =SUM(L39:L46) -> -24.96
B7: Thursday | C7: 121.23 | E7: Gulf Coast West | F7: =SUM(G47:G53) -> 97 | G7: 0.79 | H7: =SUM(I47:I53) -> 76.63 | I7: =SUM(K47:K53) -> 113.51 | J7: =SUM(L47:L53) -> -26.49
B8: Friday | C8: 146.53 | E8: Nola North | F8: =SUM(G54:G62) -> 258 | G8: 0.79 | H8: =SUM(I54:I62) -> 203.82 | I8: =SUM(K54:K62) -> 208.55 | J8: =SUM(L54:L62) -> -6.54
B9: Saturday | C9: 171.8 | E9: Nola South | F9: =SUM(G63:G71) -> 203 | G9: 0.79 | H9: =SUM(I63:I71) -> 160.37 | I9: =SUM(K63:K71) -> 208.8 | J9: =SUM(L63:L71) -> 8.22
E10: Region | F10: =SUM(F3:F9) -> 1112 | G10: 0.79 | H10: =SUM(H3:H9) -> 878.48 | I10: =SUM(I3:I9) -> 1137.13 | J10: =SUM(J3:J9) -> -92.34
E14: District | F14: Store | G14: Cars WTD (EDIT) | H14: LHC | I14: Allowed Hours | J14: Adj Allowed Hrs | K14: Actual Hours (EDIT) | L14: Hours Variance
E15: Baton Rouge North | F15: 17 | G15: 12 | H15: 0.79 | I15: =Table1[[#This Row],[LHC]]*Table1[[#This Row],[Cars WTD (EDIT)]] -> 9.48 | J15: {=_xlfn.IFS(Table1[[#This Row],[Allowed Hours]]=0,0,Table1[[#This Row],[Allowed Hours]]<20,20,Table1[[#This Row],[Allowed Hours]]>20,Table1[[#This Row],[Allowed Hours]])} -> 20 | K15: 16.98 | L15: =K15-Table1[[#This Row],[Adj Allowed Hrs]] -> -3.02
E16: Baton Rouge North | F16: 22 | G16: 19 | H16: 0.79 | I16: =Table1[[#This Row],[LHC]]*Table1[[#This Row],[Cars WTD (EDIT)]] -> 15.01 | J16: {=_xlfn.IFS(Table1[[#This Row],[Allowed Hours]]=0,0,Table1[[#This Row],[Allowed Hours]]<20,20,Table1[[#This Row],[Allowed Hours]]>20,Table1[[#This Row],[Allowed Hours]])} -> 20 | K16: 22.79 | L16: =K16-Table1[[#This Row],[Adj Allowed Hrs]] -> 2.79
E17: Baton Rouge North | F17: 641 | G17: 9 | H17: 0.79 | I17: =Table1[[#This Row],[LHC]]*Table1[[#This Row],[Cars WTD (EDIT)]] -> 7.11 | J17: {=_xlfn.IFS(Table1[[#This Row],[Allowed Hours]]=0,0,Table1[[#This Row],[Allowed Hours]]<20,20,Table1[[#This Row],[Allowed Hours]]>20,Table1[[#This Row],[Allowed Hours]])} -> 20 | K17: 16.75 | L17: =K17-Table1[[#This Row],[Adj Allowed Hrs]] -> -3.25
E18: Baton Rouge North | F18: 717 | G18: 18 | H18: 0.79 | I18: =Table1[[#This Row],[LHC]]*Table1[[#This Row],[Cars WTD (EDIT)]] -> 14.22 | J18: {=_xlfn.IFS(Table1[[#This Row],[Allowed Hours]]=0,0,Table1[[#This Row],[Allowed Hours]]<20,20,Table1[[#This Row],[Allowed Hours]]>20,Table1[[#This Row],[Allowed Hours]])} -> 20 | K18: 22.96 | L18: =K18-Table1[[#This Row],[Adj Allowed Hrs]] -> 2.96
E19: Baton Rouge North | F19: 843 | G19: 2 | H19: 0.79 | I19: =Table1[[#This Row],[LHC]]*Table1[[#This Row],[Cars WTD (EDIT)]] -> 1.58 | J19: {=_xlfn.IFS(Table1[[#This Row],[Allowed Hours]]=0,0,Table1[[#This Row],[Allowed Hours]]<20,20,Table1[[#This Row],[Allowed Hours]]>20,Table1[[#This Row],[Allowed Hours]])} -> 20 | K19: 15.43 | L19: =K19-Table1[[#This Row],[Adj Allowed Hrs]] -> -4.57
E20: Baton Rouge North | F20: 881 | G20: 9 | H20: 0.79 | I20: =Table1[[#This Row],[LHC]]*Table1[[#This Row],[Cars WTD (EDIT)]] -> 7.11 | J20: {=_xlfn.IFS(Table1[[#This Row],[Allowed Hours]]=0,0,Table1[[#This Row],[Allowed Hours]]<20,20,Table1[[#This Row],[Allowed Hours]]>20,Table1[[#This Row],[Allowed Hours]])} -> 20 | K20: 12.92 | L20: =K20-Table1[[#This Row],[Adj Allowed Hrs]] -> -7.08
E21: Baton Rouge North | F21: 953 | G21: 6 | H21: 0.79 | I21: =Table1[[#This Row],[LHC]]*Table1[[#This Row],[Cars WTD (EDIT)]] -> 4.74 | J21: {=_xlfn.IFS(Table1[[#This Row],[Allowed Hours]]=0,0,Table1[[#This Row],[Allowed Hours]]<20,20,Table1[[#This Row],[Allowed Hours]]>20,Table1[[#This Row],[Allowed Hours]])} -> 20 | K21: 15.97 | L21: =K21-Table1[[#This Row],[Adj Allowed Hrs]] -> -4.03
E22: Baton Rouge North | F22: 3040 | H22: 0.79 | I22: =Table1[[#This Row],[LHC]]*Table1[[#This Row],[Cars WTD (EDIT)]] -> 0 | J22: {=_xlfn.IFS(Table1[[#This Row],[Allowed Hours]]=0,0,Table1[[#This Row],[Allowed Hours]]<20,20,Table1[[#This Row],[Allowed Hours]]>20,Table1[[#This Row],[Allowed Hours]])} -> 0 | L22: =K22-Table1[[#This Row],[Adj Allowed Hrs]] -> 0
E23: Baton Rouge South | F23: 18 | G23: 14 | H23: 0.79 | I23: =Table1[[#This Row],[LHC]]*Table1[[#This Row],[Cars WTD (EDIT)]] -> 11.06 | J23: {=_xlfn.IFS(Table1[[#This Row],[Allowed Hours]]=0,0,Table1[[#This Row],[Allowed Hours]]<20,20,Table1[[#This Row],[Allowed Hours]]>20,Table1[[#This Row],[Allowed Hours]])} -> 20 | K23: 11.34 | L23: =K23-Table1[[#This Row],[Adj Allowed Hrs]] -> -8.66
E24: Baton Rouge South | F24: 19 | G24: 6 | H24: 0.79 | I24: =Table1[[#This Row],[LHC]]*Table1[[#This Row],[Cars WTD (EDIT)]] -> 4.74 | J24: {=_xlfn.IFS(Table1[[#This Row],[Allowed Hours]]=0,0,Table1[[#This Row],[Allowed Hours]]<20,20,Table1[[#This Row],[Allowed Hours]]>20,Table1[[#This Row],[Allowed Hours]])} -> 20 | K24: 18.61 | L24: =K24-Table1[[#This Row],[Adj Allowed Hrs]] -> -1.39
E25: Baton Rouge South | F25: 282 | G25: 6 | H25: 0.79 | I25: =Table1[[#This Row],[LHC]]*Table1[[#This Row],[Cars WTD (EDIT)]] -> 4.74 | J25: {=_xlfn.IFS(Table1[[#This Row],[Allowed Hours]]=0,0,Table1[[#This Row],[Allowed Hours]]<20,20,Table1[[#This Row],[Allowed Hours]]>20,Table1[[#This Row],[Allowed Hours]])} -> 20 | K25: 7.56 | L25: =K25-Table1[[#This Row],[Adj Allowed Hrs]] -> -12.44
E26: Baton Rouge South | F26: 447 | G26: 7 | H26: 0.79 | I26: =Table1[[#This Row],[LHC]]*Table1[[#This Row],[Cars WTD (EDIT)]] -> 5.53 | J26: {=_xlfn.IFS(Table1[[#This Row],[Allowed Hours]]=0,0,Table1[[#This Row],[Allowed Hours]]<20,20,Table1[[#This Row],[Allowed Hours]]>20,Table1[[#This Row],[Allowed Hours]])} -> 20 | K26: 16.73 | L26: =K26-Table1[[#This Row],[Adj Allowed Hrs]] -> -3.27
E27: Baton Rouge South | F27: 448 | G27: 21 | H27: 0.79 | I27: =Table1[[#This Row],[LHC]]*Table1[[#This Row],[Cars WTD (EDIT)]] -> 16.59 | J27: {=_xlfn.IFS(Table1[[#This Row],[Allowed Hours]]=0,0,Table1[[#This Row],[Allowed Hours]]<20,20,Table1[[#This Row],[Allowed Hours]]>20,Table1[[#This Row],[Allowed Hours]])} -> 20 | K27: 24.31 | L27: =K27-Table1[[#This Row],[Adj Allowed Hrs]] -> 4.31
E28: Baton Rouge South | F28: 531 | G28: 6 | H28: 0.79 | I28: =Table1[[#This Row],[LHC]]*Table1[[#This Row],[Cars WTD (EDIT)]] -> 4.74 | J28: {=_xlfn.IFS(Table1[[#This Row],[Allowed Hours]]=0,0,Table1[[#This Row],[Allowed Hours]]<20,20,Table1[[#This Row],[Allowed Hours]]>20,Table1[[#This Row],[Allowed Hours]])} -> 20 | K28: 18.5 | L28: =K28-Table1[[#This Row],[Adj Allowed Hrs]] -> -1.5
E29: Baton Rouge South | F29: 832 | G29: 9 | H29: 0.79 | I29: =Table1[[#This Row],[LHC]]*Table1[[#This Row],[Cars WTD (EDIT)]] -> 7.11 | J29: {=_xlfn.IFS(Table1[[#This Row],[Allowed Hours]]=0,0,Table1[[#This Row],[Allowed Hours]]<20,20,Table1[[#This Row],[Allowed Hours]]>20,Table1[[#This Row],[Allowed Hours]])} -> 20 | K29: 19.11 | L29: =K29-Table1[[#This Row],[Adj Allowed Hrs]] -> -0.89
E30: Gulf Coast North | F30: 3 | G30: 10 | H30: 0.79 | I30: =Table1[[#This Row],[LHC]]*Table1[[#This Row],[Cars WTD (EDIT)]] -> 7.9 | J30: {=_xlfn.IFS(Table1[[#This Row],[Allowed Hours]]=0,0,Table1[[#This Row],[Allowed Hours]]<20,20,Table1[[#This Row],[Allowed Hours]]>20,Table1[[#This Row],[Allowed Hours]])} -> 20 | K30: 18 | L30: =K30-Table1[[#This Row],[Adj Allowed Hrs]] -> -2
E31: Gulf Coast North | F31: 5 | G31: 22 | H31: 0.79 | I31: =Table1[[#This Row],[LHC]]*Table1[[#This Row],[Cars WTD (EDIT)]] -> 17.38 | J31: {=_xlfn.IFS(Table1[[#This Row],[Allowed Hours]]=0,0,Table1[[#This Row],[Allowed Hours]]<20,20,Table1[[#This Row],[Allowed Hours]]>20,Table1[[#This Row],[Allowed Hours]])} -> 20 | K31: 28 | L31: =K31-Table1[[#This Row],[Adj Allowed Hrs]] -> 8
E32: Gulf Coast North | F32: 11 | G32: 10 | H32: 0.79 | I32: =Table1[[#This Row],[LHC]]*Table1[[#This Row],[Cars WTD (EDIT)]] -> 7.9 | J32: {=_xlfn.IFS(Table1[[#This Row],[Allowed Hours]]=0,0,Table1[[#This Row],[Allowed Hours]]<20,20,Table1[[#This Row],[Allowed Hours]]>20,Table1[[#This Row],[Allowed Hours]])} -> 20 | K32: 17 | L32: =K32-Table1[[#This Row],[Adj Allowed Hrs]] -> -3
E33: Gulf Coast North | F33: 14 | G33: 18 | H33: 0.79 | I33: =Table1[[#This Row],[LHC]]*Table1[[#This Row],[Cars WTD (EDIT)]] -> 14.22 | J33: {=_xlfn.IFS(Table1[[#This Row],[Allowed Hours]]=0,0,Table1[[#This Row],[Allowed Hours]]<20,20,Table1[[#This Row],[Allowed Hours]]>20,Table1[[#This Row],[Allowed Hours]])} -> 20 | K33: 18 | L33: =K33-Table1[[#This Row],[Adj Allowed Hrs]] -> -2
E34: Gulf Coast North | F34: 20 | G34: 20 | H34: 0.79 | I34: =Table1[[#This Row],[LHC]]*Table1[[#This Row],[Cars WTD (EDIT)]] -> 15.8 | J34: {=_xlfn.IFS(Table1[[#This Row],[Allowed Hours]]=0,0,Table1[[#This Row],[Allowed Hours]]<20,20,Table1[[#This Row],[Allowed Hours]]>20,Table1[[#This Row],[Allowed Hours]])} -> 20 | K34: 24 | L34: =K34-Table1[[#This Row],[Adj Allowed Hrs]] -> 4
... E71: NOLA South | F71: 3004 | G71: 9 | H71: 0.79 | I71: =Table1[[#This Row],[LHC]]*Table1[[#This Row],[Cars WTD (EDIT)]] -> 7.11 | J71: {=_xlfn.IFS(Table1[[#This Row],[Allowed Hours]]=0,0,Table1[[#This Row],[Allowed Hours]]<20,20,Table1[[#This Row],[Allowed Hours]]>20,Table1[[#This Row],[Allowed Hours]])} -> 20 | K71: 20.11 | L71: =K71-Table1[[#This Row],[Adj Allowed Hrs]] -> 0.11

Sheet Monday
B2: Minimum Hours WTD - KEY | E2: District | F2: Cars | G2: LHC | H2: Allowed Hours | I2: Actual Hours | J2: Hours Variance
B3: Sunday | C3: 20 | E3: Baton Rouge North | F3: =SUM(G14:G21) -> 144 | G3: 0.79 | H3: =SUM(I14:I21) -> 113.76 | I3: =SUM(K14:K21) -> 166.01 | J3: =SUM(L14:L21) -> -11.09
B4: Monday | C4: 45.3 | E4: Baton Rouge South | F4: =SUM(G22:G28) -> 193 | G4: 0.79 | H4: =SUM(I22:I28) -> 152.47 | I4: =SUM(K22:K28) -> 198.7 | J4: =SUM(L22:L28) -> 6.63
B5: Tuesday | C5: 70.6 | E5: Gulf Coast North | F5: =SUM(G29:G37) -> 305 | G5: 0.79 | H5: =SUM(I29:I37) -> 240.95 | I5: =SUM(K29:K37) -> 265 | J5: =SUM(L29:L37) -> -3.7
B6: Wednesday | C6: 95.93 | E6: Lafayette | F6: =SUM(G38:G45) -> 228 | G6: 0.79 | H6: =SUM(I38:I45) -> 180.12 | I6: =SUM(K38:K45) -> 220.53 | J6: =SUM(L38:L45) -> 1.58
B7: Thursday | C7: 121.23 | E7: Gulf Coast West | F7: =SUM(G46:G52) -> 206 | G7: 0.79 | H7: =SUM(I46:I52) -> 162.74 | I7: =SUM(K46:K52) -> 188.84 | J7: =SUM(L46:L52) -> 2.3
B8: Friday | C8: 146.53 | E8: Nola North | F8: =SUM(G53:G61) -> 404 | G8: 0.79 | H8: =SUM(I53:I61) -> 319.16 | I8: =SUM(K53:K61) -> 340.28 | J8: =SUM(L53:L61) -> 9.23
B9: Saturday | C9: 171.8 | E9: Nola South | F9: =SUM(G62:G70) -> 334 | G9: 0.79 | H9: =SUM(I62:I70) -> 263.86 | I9: =SUM(K62:K70) -> 314.3 | J9: =SUM(L62:L70) -> 17.99
E10: Region | F10: =SUM(F3:F9) -> 1814 | G10: 0.79 | H10: =SUM(H3:H9) -> 1433.06 | I10: =SUM(I3:I9) -> 1693.66 | J10: =SUM(J3:J9) -> 22.94
E13: District | F13: Store | G13: Cars WTD (EDIT) | H13: LHC | I13: Allowed Hours | J13: Adj Allowed Hrs | K13: Actual Hours (EDIT) | L13: Hours Variance
E14: Baton Rouge North | F14: 17 | G14: 20 | H14: 0.79 | I14: =Table13[[#This Row],[LHC]]*Table13[[#This Row],[Cars WTD (EDIT)]] -> 15.8 | J14: {=_xlfn.IFS(Table13[[#This Row],[Allowed Hours]]=0,0,Table13[[#This Row],[Allowed Hours]]<25.3,25.3,Table13[[#This Row],[Allowed Hours]]>25.3,Table13[[#This Row],[Allowed Hours]])} -> 25.3 | K14: 16.75 | L14: =K14-Table13[[#This Row],[Adj Allowed Hrs]] -> -8.55
E15: Baton Rouge North | F15: 22 | G15: 31 | H15: 0.79 | I15: =Table13[[#This Row],[LHC]]*Table13[[#This Row],[Cars WTD (EDIT)]] -> 24.49 | J15: {=_xlfn.IFS(Table13[[#This Row],[Allowed Hours]]=0,0,Table13[[#This Row],[Allowed Hours]]<25.3,25.3,Table13[[#This Row],[Allowed Hours]]>25.3,Table13[[#This Row],[Allowed Hours]])} -> 25.3 | K15: 19.89 | L15: =K15-Table13[[#This Row],[Adj Allowed Hrs]] -> -5.41
E16: Baton Rouge North | F16: 641 | G16: 24 | H16: 0.79 | I16: =Table13[[#This Row],[LHC]]*Table13[[#This Row],[Cars WTD (EDIT)]] -> 18.96 | J16: {=_xlfn.IFS(Table13[[#This Row],[Allowed Hours]]=0,0,Table13[[#This Row],[Allowed Hours]]<25.3,25.3,Table13[[#This Row],[Allowed Hours]]>25.3,Table13[[#This Row],[Allowed Hours]])} -> 25.3 | K16: 25.41 | L16: =K16-Table13[[#This Row],[Adj Allowed Hrs]] -> 0.11
E17: Baton Rouge North | F17: 717 | G17: 25 | H17: 0.79 | I17: =Table13[[#This Row],[LHC]]*Table13[[#This Row],[Cars WTD (EDIT)]] -> 19.75 | J17: {=_xlfn.IFS(Table13[[#This Row],[Allowed Hours]]=0,0,Table13[[#This Row],[Allowed Hours]]<25.3,25.3,Table13[[#This Row],[Allowed Hours]]>25.3,Table13[[#This Row],[Allowed Hours]])} -> 25.3 | K17: 23.39 | L17: =K17-Table13[[#This Row],[Adj Allowed Hrs]] -> -1.91
E18: Baton Rouge North | F18: 843 | G18: 7 | H18: 0.79 | I18: =Table13[[#This Row],[LHC]]*Table13[[#This Row],[Cars WTD (EDIT)]] -> 5.53 | J18: {=_xlfn.IFS(Table13[[#This Row],[Allowed Hours]]=0,0,Table13[[#This Row],[Allowed Hours]]<25.3,25.3,Table13[[#This Row],[Allowed Hours]]>25.3,Table13[[#This Row],[Allowed Hours]])} -> 25.3 | K18: 22.13 | L18: =K18-Table13[[#This Row],[Adj Allowed Hrs]] -> -3.17
E19: Baton Rouge North | F19: 881 | G19: 19 | H19: 0.79 | I19: =Table13[[#This Row],[LHC]]*Table13[[#This Row],[Cars WTD (EDIT)]] -> 15.01 | J19: {=_xlfn.IFS(Table13[[#This Row],[Allowed Hours]]=0,0,Table13[[#This Row],[Allowed Hours]]<25.3,25.3,Table13[[#This Row],[Allowed Hours]]>25.3,Table13[[#This Row],[Allowed Hours]])} -> 25.3 | K19: 17.31 | L19: =K19-Table13[[#This Row],[Adj Allowed Hrs]] -> -7.99
E20: Baton Rouge North | F20: 953 | G20: 18 | H20: 0.79 | I20: =Table13[[#This Row],[LHC]]*Table13[[#This Row],[Cars WTD (EDIT)]] -> 14.22 | J20: {=_xlfn.IFS(Table13[[#This Row],[Allowed Hours]]=0,0,Table13[[#This Row],[Allowed Hours]]<25.3,25.3,Table13[[#This Row],[Allowed Hours]]>25.3,Table13[[#This Row],[Allowed Hours]])} -> 25.3 | K20: 21.01 | L20: =K20-Table13[[#This Row],[Adj Allowed Hrs]] -> -4.29
E21: Baton Rouge North | F21: 3040 | H21: 0.79 | I21: =Table13[[#This Row],[LHC]]*Table13[[#This Row],[Cars WTD (EDIT)]] -> 0 | J21: {=_xlfn.IFS(Table13[[#This Row],[Allowed Hours]]=0,0,Table13[[#This Row],[Allowed Hours]]<25.3,25.3,Table13[[#This Row],[Allowed Hours]]>25.3,Table13[[#This Row],[Allowed Hours]])} -> 0 | K21: 20.12 | L21: =K21-Table13[[#This Row],[Adj Allowed Hrs]] -> 20.12
E22: Baton Rouge South | F22: 18 | G22: 36 | H22: 0.79 | I22: =Table13[[#This Row],[LHC]]*Table13[[#This Row],[Cars WTD (EDIT)]] -> 28.44 | J22: {=_xlfn.IFS(Table13[[#This Row],[Allowed Hours]]=0,0,Table13[[#This Row],[Allowed Hours]]<25.3,25.3,Table13[[#This Row],[Allowed Hours]]>25.3,Table13[[#This Row],[Allowed Hours]])} -> 28.44 | K22: 35.38 | L22: =K22-Table13[[#This Row],[Adj Allowed Hrs]] -> 6.94
E23: Baton Rouge South | F23: 19 | G23: 27 | H23: 0.79 | I23: =Table13[[#This Row],[LHC]]*Table13[[#This Row],[Cars WTD (EDIT)]] -> 21.33 | J23: {=_xlfn.IFS(Table13[[#This Row],[Allowed Hours]]=0,0,Table13[[#This Row],[Allowed Hours]]<25.3,25.3,Table13[[#This Row],[Allowed Hours]]>25.3,Table13[[#This Row],[Allowed Hours]])} -> 25.3 | K23: 41 | L23: =K23-Table13[[#This Row],[Adj Allowed Hrs]] -> 15.7
E24: Baton Rouge South | F24: 282 | G24: 14 | H24: 0.79 | I24: =Table13[[#This Row],[LHC]]*Table13[[#This Row],[Cars WTD (EDIT)]] -> 11.06 | J24: {=_xlfn.IFS(Table13[[#This Row],[Allowed Hours]]=0,0,Table13[[#This Row],[Allowed Hours]]<25.3,25.3,Table13[[#This Row],[Allowed Hours]]>25.3,Table13[[#This Row],[Allowed Hours]])} -> 25.3 | K24: 8.47 | L24: =K24-Table13[[#This Row],[Adj Allowed Hrs]] -> -16.83
E25: Baton Rouge South | F25: 447 | G25: 29 | H25: 0.79 | I25: =Table13[[#This Row],[LHC]]*Table13[[#This Row],[Cars WTD (EDIT)]] -> 22.91 | J25: {=_xlfn.IFS(Table13[[#This Row],[Allowed Hours]]=0,0,Table13[[#This Row],[Allowed Hours]]<25.3,25.3,Table13[[#This Row],[Allowed Hours]]>25.3,Table13[[#This Row],[Allowed Hours]])} -> 25.3 | K25: 29.19 | L25: =K25-Table13[[#This Row],[Adj Allowed Hrs]] -> 3.89
E26: Baton Rouge South | F26: 448 | G26: 47 | H26: 0.79 | I26: =Table13[[#This Row],[LHC]]*Table13[[#This Row],[Cars WTD (EDIT)]] -> 37.13 | J26: {=_xlfn.IFS(Table13[[#This Row],[Allowed Hours]]=0,0,Table13[[#This Row],[Allowed Hours]]<25.3,25.3,Table13[[#This Row],[Allowed Hours]]>25.3,Table13[[#This Row],[Allowed Hours]])} -> 37.13 | K26: 35.44 | L26: =K26-Table13[[#This Row],[Adj Allowed Hrs]] -> -1.69
E27: Baton Rouge South | F27: 531 | G27: 17 | H27: 0.79 | I27: =Table13[[#This Row],[LHC]]*Table13[[#This Row],[Cars WTD (EDIT)]] -> 13.43 | J27: {=_xlfn.IFS(Table13[[#This Row],[Allowed Hours]]=0,0,Table13[[#This Row],[Allowed Hours]]<25.3,25.3,Table13[[#This Row],[Allowed Hours]]>25.3,Table13[[#This Row],[Allowed Hours]])} -> 25.3 | K27: 30.19 | L27: =K27-Table13[[#This Row],[Adj Allowed Hrs]] -> 4.89
E28: Baton Rouge South | F28: 832 | G28: 23 | H28: 0.79 | I28: =Table13[[#This Row],[LHC]]*Table13[[#This Row],[Cars WTD (EDIT)]] -> 18.17 | J28: {=_xlfn.IFS(Table13[[#This Row],[Allowed Hours]]=0,0,Table13[[#This Row],[Allowed Hours]]<25.3,25.3,Table13[[#This Row],[Allowed Hours]]>25.3,Table13[[#This Row],[Allowed Hours]])} -> 25.3 | K28: 19.03 | L28: =K28-Table13[[#This Row],[Adj Allowed Hrs]] -> -6.27
E29: Gulf Coast North | F29: 3 | G29: 15 | H29: 0.79 | I29: =Table13[[#This Row],[LHC]]*Table13[[#This Row],[Cars WTD (EDIT)]] -> 11.85 | J29: {=_xlfn.IFS(Table13[[#This Row],[Allowed Hours]]=0,0,Table13[[#This Row],[Allowed Hours]]<25.3,25.3,Table13[[#This Row],[Allowed Hours]]>25.3,Table13[[#This Row],[Allowed Hours]])} -> 25.3 | K29: 26 | L29: =K29-Table13[[#This Row],[Adj Allowed Hrs]] -> 0.7
E30: Gulf Coast North | F30: 5 | G30: 34 | H30: 0.79 | I30: =Table13[[#This Row],[LHC]]*Table13[[#This Row],[Cars WTD (EDIT)]] -> 26.86 | J30: {=_xlfn.IFS(Table13[[#This Row],[Allowed Hours]]=0,0,Table13[[#This Row],[Allowed Hours]]<25.3,25.3,Table13[[#This Row],[Allowed Hours]]>25.3,Table13[[#This Row],[Allowed Hours]])} -> 26.86 | K30: 32 | L30: =K30-Table13[[#This Row],[Adj Allowed Hrs]] -> 5.14
E31: Gulf Coast North | F31: 11 | G31: 23 | H31: 0.79 | I31: =Table13[[#This Row],[LHC]]*Table13[[#This Row],[Cars WTD (EDIT)]] -> 18.17 | J31: {=_xlfn.IFS(Table13[[#This Row],[Allowed Hours]]=0,0,Table13[[#This Row],[Allowed Hours]]<25.3,25.3,Table13[[#This Row],[Allowed Hours]]>25.3,Table13[[#This Row],[Allowed Hours]])} -> 25.3 | K31: 30 | L31: =K31-Table13[[#This Row],[Adj Allowed Hrs]] -> 4.7
E32: Gulf Coast North | F32: 14 | G32: 26 | H32: 0.79 | I32: =Table13[[#This Row],[LHC]]*Table13[[#This Row],[Cars WTD (EDIT)]] -> 20.54 | J32: {=_xlfn.IFS(Table13[[#This Row],[Allowed Hours]]=0,0,Table13[[#This Row],[Allowed Hours]]<25.3,25.3,Table13[[#This Row],[Allowed Hours]]>25.3,Table13[[#This Row],[Allowed Hours]])} -> 25.3 | K32: 25 | L32: =K32-Table13[[#This Row],[Adj Allowed Hrs]] -> -0.3
E33: Gulf Coast North | F33: 20 | G33: 32 | H33: 0.79 | I33: =Table13[[#This Row],[LHC]]*Table13[[#This Row],[Cars WTD (EDIT)]] -> 25.28 | J33: {=_xlfn.IFS(Table13[[#This Row],[Allowed Hours]]=0,0,Table13[[#This Row],[Allowed Hours]]<25.3,25.3,Table13[[#This Row],[Allowed Hours]]>25.3,Table13[[#This Row],[Allowed Hours]])} -> 25.3 | K33: 22 | L33: =K33-Table13[[#This Row],[Adj Allowed Hrs]] -> -3.3
... E70: NOLA South | F70: 3004 | G70: 14 | H70: 0.79 | I70: =Table13[[#This Row],[LHC]]*Table13[[#This Row],[Cars WTD (EDIT)]] -> 11.06 | J70: {=_xlfn.IFS(Table13[[#This Row],[Allowed Hours]]=0,0,Table13[[#This Row],[Allowed Hours]]<25.3,25.3,Table13[[#This Row],[Allowed Hours]]>25.3,Table13[[#This Row],[Allowed Hours]])} -> 25.3 | K70: 27.63 | L70: =K70-Table13[[#This Row],[Adj Allowed Hrs]] -> 2.33

Sheet Tuesday
B2: Minimum Hours WTD - KEY | E2: District | F2: Cars | G2: LHC | H2: Allowed Hours | I2: Actual Hours | J2: Hours Variance
B3: Sunday | C3: 20 | E3: Baton Rouge North | F3: =SUM(G14:G21) -> 143 | G3: 0.79 | H3: =SUM(I14:I21) -> 112.97 | I3: =SUM(K14:K21) -> 188 | J3: =SUM(L14:L21) -> 10.9
B4: Monday | C4: 45.3 | E4: Baton Rouge South | F4: =SUM(G22:G28) -> 165 | G4: 0.79 | H4: =SUM(I22:I28) -> 130.35 | I4: =SUM(K22:K28) -> 211.78 | J4: =SUM(L22:L28) -> 33.12
B5: Tuesday | C5: 70.6 | E5: Gulf Coast North | F5: =SUM(G29:G37) -> 321 | G5: 0.79 | H5: =SUM(I29:I37) -> 253.59 | I5: =SUM(K29:K37) -> 268 | J5: =SUM(L29:L37) -> -20.43
B6: Wednesday | C6: 95.93 | E6: Lafayette | F6: =SUM(G38:G45) -> 177 | G6: 0.79 | H6: =SUM(I38:I45) -> 139.83 | I6: =SUM(K38:K45) -> 206.21 | J6: =SUM(L38:L45) -> -11.97
B7: Thursday | C7: 121.23 | E7: Gulf Coast West | F7: =SUM(G46:G52) -> 160 | G7: 0.79 | H7: =SUM(I46:I52) -> 126.4 | I7: =SUM(K46:K52) -> 178.69 | J7: =SUM(L46:L52) -> -1.55
B8: Friday | C8: 146.53 | E8: Nola North | F8: =SUM(G53:G61) -> 374 | G8: 0.79 | H8: =SUM(I53:I61) -> 295.46 | I8: =SUM(K53:K61) -> 317 | J8: =SUM(L53:L61) -> 19.94
B9: Saturday | C9: 171.8 | E9: Nola South | F9: =SUM(G62:G70) -> 328 | G9: 0.79 | H9: =SUM(I62:I70) -> 259.12 | I9: =SUM(K62:K70) -> 287.44 | J9: =SUM(L62:L70) -> 6.91
E10: Region | F10: =SUM(F3:F9) -> 1668 | G10: 0.79 | H10: =SUM(H3:H9) -> 1317.72 | I10: =SUM(I3:I9) -> 1657.12 | J10: =SUM(J3:J9) -> 36.92
E13: District | F13: Store | G13: Cars WTD (EDIT) | H13: LHC | I13: Allowed Hours | J13: Adj Allowed Hrs | K13: Actual Hours (EDIT) | L13: Hours Variance
E14: Baton Rouge North | F14: 17 | G14: 23 | H14: 0.79 | I14: =Table138[[#This Row],[LHC]]*Table138[[#This Row],[Cars WTD (EDIT)]] -> 18.17 | J14: {=_xlfn.IFS(Table138[[#This Row],[Allowed Hours]]=0,0,Table138[[#This Row],[Allowed Hours]]<25.3,25.3,Table138[[#This Row],[Allowed Hours]]>25.3,Table138[[#This Row],[Allowed Hours]])} -> 25.3 | K14: 24.3 | L14: =K14-Table138[[#This Row],[Adj Allowed Hrs]] -> -1
E15: Baton Rouge North | F15: 22 | G15: 23 | H15: 0.79 | I15: =Table138[[#This Row],[LHC]]*Table138[[#This Row],[Cars WTD (EDIT)]] -> 18.17 | J15: {=_xlfn.IFS(Table138[[#This Row],[Allowed Hours]]=0,0,Table138[[#This Row],[Allowed Hours]]<25.3,25.3,Table138[[#This Row],[Allowed Hours]]>25.3,Table138[[#This Row],[Allowed Hours]])} -> 25.3 | K15: 43.37 | L15: =K15-Table138[[#This Row],[Adj Allowed Hrs]] -> 18.07
E16: Baton Rouge North | F16: 641 | G16: 31 | H16: 0.79 | I16: =Table138[[#This Row],[LHC]]*Table138[[#This Row],[Cars WTD (EDIT)]] -> 24.49 | J16: {=_xlfn.IFS(Table138[[#This Row],[Allowed Hours]]=0,0,Table138[[#This Row],[Allowed Hours]]<25.3,25.3,Table138[[#This Row],[Allowed Hours]]>25.3,Table138[[#This Row],[Allowed Hours]])} -> 25.3 | K16: 25.14 | L16: =K16-Table138[[#This Row],[Adj Allowed Hrs]] -> -0.16
E17: Baton Rouge North | F17: 717 | G17: 25 | H17: 0.79 | I17: =Table138[[#This Row],[LHC]]*Table138[[#This Row],[Cars WTD (EDIT)]] -> 19.75 | J17: {=_xlfn.IFS(Table138[[#This Row],[Allowed Hours]]=0,0,Table138[[#This Row],[Allowed Hours]]<25.3,25.3,Table138[[#This Row],[Allowed Hours]]>25.3,Table138[[#This Row],[Allowed Hours]])} -> 25.3 | K17: 25.84 | L17: =K17-Table138[[#This Row],[Adj Allowed Hrs]] -> 0.54
E18: Baton Rouge North | F18: 843 | G18: 6 | H18: 0.79 | I18: =Table138[[#This Row],[LHC]]*Table138[[#This Row],[Cars WTD (EDIT)]] -> 4.74 | J18: {=_xlfn.IFS(Table138[[#This Row],[Allowed Hours]]=0,0,Table138[[#This Row],[Allowed Hours]]<25.3,25.3,Table138[[#This Row],[Allowed Hours]]>25.3,Table138[[#This Row],[Allowed Hours]])} -> 25.3 | K18: 15.65 | L18: =K18-Table138[[#This Row],[Adj Allowed Hrs]] -> -9.65
E19: Baton Rouge North | F19: 881 | G19: 20 | H19: 0.79 | I19: =Table138[[#This Row],[LHC]]*Table138[[#This Row],[Cars WTD (EDIT)]] -> 15.8 | J19: {=_xlfn.IFS(Table138[[#This Row],[Allowed Hours]]=0,0,Table138[[#This Row],[Allowed Hours]]<25.3,25.3,Table138[[#This Row],[Allowed Hours]]>25.3,Table138[[#This Row],[Allowed Hours]])} -> 25.3 | K19: 19.2 | L19: =K19-Table138[[#This Row],[Adj Allowed Hrs]] -> -6.1
E20: Baton Rouge North | F20: 953 | G20: 15 | H20: 0.79 | I20: =Table138[[#This Row],[LHC]]*Table138[[#This Row],[Cars WTD (EDIT)]] -> 11.85 | J20: {=_xlfn.IFS(Table138[[#This Row],[Allowed Hours]]=0,0,Table138[[#This Row],[Allowed Hours]]<25.3,25.3,Table138[[#This Row],[Allowed Hours]]>25.3,Table138[[#This Row],[Allowed Hours]])} -> 25.3 | K20: 18.77 | L20: =K20-Table138[[#This Row],[Adj Allowed Hrs]] -> -6.53
E21: Baton Rouge North | F21: 3040 | H21: 0.79 | I21: =Table138[[#This Row],[LHC]]*Table138[[#This Row],[Cars WTD (EDIT)]] -> 0 | J21: {=_xlfn.IFS(Table138[[#This Row],[Allowed Hours]]=0,0,Table138[[#This Row],[Allowed Hours]]<25.3,25.3,Table138[[#This Row],[Allowed Hours]]>25.3,Table138[[#This Row],[Allowed Hours]])} -> 0 | K21: 15.73 | L21: =K21-Table138[[#This Row],[Adj Allowed Hrs]] -> 15.73
E22: Baton Rouge South | F22: 18 | G22: 34 | H22: 0.79 | I22: =Table138[[#This Row],[LHC]]*Table138[[#This Row],[Cars WTD (EDIT)]] -> 26.86 | J22: {=_xlfn.IFS(Table138[[#This Row],[Allowed Hours]]=0,0,Table138[[#This Row],[Allowed Hours]]<25.3,25.3,Table138[[#This Row],[Allowed Hours]]>25.3,Table138[[#This Row],[Allowed Hours]])} -> 26.86 | K22: 36.26 | L22: =K22-Table138[[#This Row],[Adj Allowed Hrs]] -> 9.4
E23: Baton Rouge South | F23: 19 | G23: 29 | H23: 0.79 | I23: =Table138[[#This Row],[LHC]]*Table138[[#This Row],[Cars WTD (EDIT)]] -> 22.91 | J23: {=_xlfn.IFS(Table138[[#This Row],[Allowed Hours]]=0,0,Table138[[#This Row],[Allowed Hours]]<25.3,25.3,Table138[[#This Row],[Allowed Hours]]>25.3,Table138[[#This Row],[Allowed Hours]])} -> 25.3 | K23: 32.01 | L23: =K23-Table138[[#This Row],[Adj Allowed Hrs]] -> 6.71
E24: Baton Rouge South | F24: 282 | G24: 9 | H24: 0.79 | I24: =Table138[[#This Row],[LHC]]*Table138[[#This Row],[Cars WTD (EDIT)]] -> 7.11 | J24: {=_xlfn.IFS(Table138[[#This Row],[Allowed Hours]]=0,0,Table138[[#This Row],[Allowed Hours]]<25.3,25.3,Table138[[#This Row],[Allowed Hours]]>25.3,Table138[[#This Row],[Allowed Hours]])} -> 25.3 | K24: 17.86 | L24: =K24-Table138[[#This Row],[Adj Allowed Hrs]] -> -7.44
E25: Baton Rouge South | F25: 447 | G25: 22 | H25: 0.79 | I25: =Table138[[#This Row],[LHC]]*Table138[[#This Row],[Cars WTD (EDIT)]] -> 17.38 | J25: {=_xlfn.IFS(Table138[[#This Row],[Allowed Hours]]=0,0,Table138[[#This Row],[Allowed Hours]]<25.3,25.3,Table138[[#This Row],[Allowed Hours]]>25.3,Table138[[#This Row],[Allowed Hours]])} -> 25.3 | K25: 32.98 | L25: =K25-Table138[[#This Row],[Adj Allowed Hrs]] -> 7.68
E26: Baton Rouge South | F26: 448 | G26: 28 | H26: 0.79 | I26: =Table138[[#This Row],[LHC]]*Table138[[#This Row],[Cars WTD (EDIT)]] -> 22.12 | J26: {=_xlfn.IFS(Table138[[#This Row],[Allowed Hours]]=0,0,Table138[[#This Row],[Allowed Hours]]<25.3,25.3,Table138[[#This Row],[Allowed Hours]]>25.3,Table138[[#This Row],[Allowed Hours]])} -> 25.3 | K26: 35.82 | L26: =K26-Table138[[#This Row],[Adj Allowed Hrs]] -> 10.52
E27: Baton Rouge South | F27: 531 | G27: 13 | H27: 0.79 | I27: =Table138[[#This Row],[LHC]]*Table138[[#This Row],[Cars WTD (EDIT)]] -> 10.27 | J27: {=_xlfn.IFS(Table138[[#This Row],[Allowed Hours]]=0,0,Table138[[#This Row],[Allowed Hours]]<25.3,25.3,Table138[[#This Row],[Allowed Hours]]>25.3,Table138[[#This Row],[Allowed Hours]])} -> 25.3 | K27: 33.71 | L27: =K27-Table138[[#This Row],[Adj Allowed Hrs]] -> 8.41
E28: Baton Rouge South | F28: 832 | G28: 30 | H28: 0.79 | I28: =Table138[[#This Row],[LHC]]*Table138[[#This Row],[Cars WTD (EDIT)]] -> 23.7 | J28: {=_xlfn.IFS(Table138[[#This Row],[Allowed Hours]]=0,0,Table138[[#This Row],[Allowed Hours]]<25.3,25.3,Table138[[#This Row],[Allowed Hours]]>25.3,Table138[[#This Row],[Allowed Hours]])} -> 25.3 | K28: 23.14 | L28: =K28-Table138[[#This Row],[Adj Allowed Hrs]] -> -2.16
E29: Gulf Coast North | F29: 3 | G29: 26 | H29: 0.79 | I29: =Table138[[#This Row],[LHC]]*Table138[[#This Row],[Cars WTD (EDIT)]] -> 20.54 | J29: {=_xlfn.IFS(Table138[[#This Row],[Allowed Hours]]=0,0,Table138[[#This Row],[Allowed Hours]]<25.3,25.3,Table138[[#This Row],[Allowed Hours]]>25.3,Table138[[#This Row],[Allowed Hours]])} -> 25.3 | K29: 19 | L29: =K29-Table138[[#This Row],[Adj Allowed Hrs]] -> -6.3
E30: Gulf Coast North | F30: 5 | G30: 41 | H30: 0.79 | I30: =Table138[[#This Row],[LHC]]*Table138[[#This Row],[Cars WTD (EDIT)]] -> 32.39 | J30: {=_xlfn.IFS(Table138[[#This Row],[Allowed Hours]]=0,0,Table138[[#This Row],[Allowed Hours]]<25.3,25.3,Table138[[#This Row],[Allowed Hours]]>25.3,Table138[[#This Row],[Allowed Hours]])} -> 32.39 | K30: 34 | L30: =K30-Table138[[#This Row],[Adj Allowed Hrs]] -> 1.61
E31: Gulf Coast North | F31: 11 | G31: 19 | H31: 0.79 | I31: =Table138[[#This Row],[LHC]]*Table138[[#This Row],[Cars WTD (EDIT)]] -> 15.01 | J31: {=_xlfn.IFS(Table138[[#This Row],[Allowed Hours]]=0,0,Table138[[#This Row],[Allowed Hours]]<25.3,25.3,Table138[[#This Row],[Allowed Hours]]>25.3,Table138[[#This Row],[Allowed Hours]])} -> 25.3 | K31: 27 | L31: =K31-Table138[[#This Row],[Adj Allowed Hrs]] -> 1.7
E32: Gulf Coast North | F32: 14 | G32: 16 | H32: 0.79 | I32: =Table138[[#This Row],[LHC]]*Table138[[#This Row],[Cars WTD (EDIT)]] -> 12.64 | J32: {=_xlfn.IFS(Table138[[#This Row],[Allowed Hours]]=0,0,Table138[[#This Row],[Allowed Hours]]<25.3,25.3,Table138[[#This Row],[Allowed Hours]]>25.3,Table138[[#This Row],[Allowed Hours]])} -> 25.3 | K32: 18 | L32: =K32-Table138[[#This Row],[Adj Allowed Hrs]] -> -7.3
E33: Gulf Coast North | F33: 20 | G33: 36 | H33: 0.79 | I33: =Table138[[#This Row],[LHC]]*Table138[[#This Row],[Cars WTD (EDIT)]] -> 28.44 | J33: {=_xlfn.IFS(Table138[[#This Row],[Allowed Hours]]=0,0,Table138[[#This Row],[Allowed Hours]]<25.3,25.3,Table138[[#This Row],[Allowed Hours]]>25.3,Table138[[#This Row],[Allowed Hours]])} -> 28.44 | K33: 25 | L33: =K33-Table138[[#This Row],[Adj Allowed Hrs]] -> -3.44
... E70: NOLA South | F70: 3004 | G70: 13 | H70: 0.79 | I70: =Table138[[#This Row],[LHC]]*Table138[[#This Row],[Cars WTD (EDIT)]] -> 10.27 | J70: {=_xlfn.IFS(Table138[[#This Row],[Allowed Hours]]=0,0,Table138[[#This Row],[Allowed Hours]]<25.3,25.3,Table138[[#This Row],[Allowed Hours]]>25.3,Table138[[#This Row],[Allowed Hours]])} -> 25.3 | K70: 20.19 | L70: =K70-Table138[[#This Row],[Adj Allowed Hrs]] -> -5.11

Sheet Wednesday
B2: Minimum Hours WTD - KEY | E2: District | F2: Cars | G2: LHC | H2: Allowed Hours | I2: Actual Hours | J2: Hours Variance
B3: Sunday | C3: 20 | E3: Baton Rouge North | F3: =SUM(G14:G21) -> 117 | G3: 0.79 | H3: =SUM(I14:I21) -> 92.43 | I3: =SUM(K14:K21) -> 205.96 | J3: =SUM(L14:L21) -> 28.86
B4: Monday | C4: 45.3 | E4: Baton Rouge South | F4: =SUM(G22:G28) -> 153 | G4: 0.79 | H4: =SUM(I22:I28) -> 120.87 | I4: =SUM(K22:K28) -> 221.02 | J4: =SUM(L22:L28) -> 43.92
B5: Tuesday | C5: 70.6 | E5: Gulf Coast North | F5: =SUM(G29:G37) -> 321 | G5: 0.79 | H5: =SUM(I29:I37) -> 253.59 | I5: =SUM(K29:K37) -> 279 | J5: =SUM(L29:L37) -> -1.55
B6: Wednesday | C6: 95.93 | E6: Lafayette | F6: =SUM(G38:G45) -> 188 | G6: 0.79 | H6: =SUM(I38:I45) -> 148.52 | I6: =SUM(K38:K45) -> 206.67 | J6: =SUM(L38:L45) -> 14.62
B7: Thursday | C7: 121.23 | E7: Gulf Coast West | F7: =SUM(G46:G52) -> 179 | G7: 0.79 | H7: =SUM(I46:I52) -> 141.41 | I7: =SUM(K46:K52) -> 178.08 | J7: =SUM(L46:L52) -> -6.09
B8: Friday | C8: 146.53 | E8: Nola North | F8: =SUM(G53:G61) -> 368 | G8: 0.79 | H8: =SUM(I53:I61) -> 290.72 | I8: =SUM(K53:K61) -> 322.99 | J8: =SUM(L53:L61) -> 25.14
B9: Saturday | C9: 171.8 | E9: Nola South | F9: =SUM(G62:G70) -> 329 | G9: 0.79 | H9: =SUM(I62:I70) -> 259.91 | I9: =SUM(K62:K70) -> 321.68 | J9: =SUM(L62:L70) -> 28.53
E10: Region | F10: =SUM(F3:F9) -> 1655 | G10: 0.79 | H10: =SUM(H3:H9) -> 1307.45 | I10: =SUM(I3:I9) -> 1735.4 | J10: =SUM(J3:J9) -> 133.43
E13: District | F13: Store | G13: Cars WTD (EDIT) | H13: LHC | I13: Allowed Hours | J13: Adj Allowed Hrs | K13: Actual Hours (EDIT) | L13: Hours Variance
E14: Baton Rouge North | F14: 17 | G14: 15 | H14: 0.79 | I14: =Table13813[[#This Row],[LHC]]*Table13813[[#This Row],[Cars WTD (EDIT)]] -> 11.85 | J14: {=_xlfn.IFS(Table13813[[#This Row],[Allowed Hours]]=0,0,Table13813[[#This Row],[Allowed Hours]]<25.3,25.3,Table13813[[#This Row],[Allowed Hours]]>25.3,Table13813[[#This Row],[Allowed Hours]])} -> 25.3 | K14: 19.88 | L14: =K14-Table13813[[#This Row],[Adj Allowed Hrs]] -> -5.42
E15: Baton Rouge North | F15: 22 | G15: 24 | H15: 0.79 | I15: =Table13813[[#This Row],[LHC]]*Table13813[[#This Row],[Cars WTD (EDIT)]] -> 18.96 | J15: {=_xlfn.IFS(Table13813[[#This Row],[Allowed Hours]]=0,0,Table13813[[#This Row],[Allowed Hours]]<25.3,25.3,Table13813[[#This Row],[Allowed Hours]]>25.3,Table13813[[#This Row],[Allowed Hours]])} -> 25.3 | K15: 29.3 | L15: =K15-Table13813[[#This Row],[Adj Allowed Hrs]] -> 4
E16: Baton Rouge North | F16: 641 | G16: 20 | H16: 0.79 | I16: =Table13813[[#This Row],[LHC]]*Table13813[[#This Row],[Cars WTD (EDIT)]] -> 15.8 | J16: {=_xlfn.IFS(Table13813[[#This Row],[Allowed Hours]]=0,0,Table13813[[#This Row],[Allowed Hours]]<25.3,25.3,Table13813[[#This Row],[Allowed Hours]]>25.3,Table13813[[#This Row],[Allowed Hours]])} -> 25.3 | K16: 37.17 | L16: =K16-Table13813[[#This Row],[Adj Allowed Hrs]] -> 11.87
E17: Baton Rouge North | F17: 717 | G17: 22 | H17: 0.79 | I17: =Table13813[[#This Row],[LHC]]*Table13813[[#This Row],[Cars WTD (EDIT)]] -> 17.38 | J17: {=_xlfn.IFS(Table13813[[#This Row],[Allowed Hours]]=0,0,Table13813[[#This Row],[Allowed Hours]]<25.3,25.3,Table13813[[#This Row],[Allowed Hours]]>25.3,Table13813[[#This Row],[Allowed Hours]])} -> 25.3 | K17: 34.87 | L17: =K17-Table13813[[#This Row],[Adj Allowed Hrs]] -> 9.57
E18: Baton Rouge North | F18: 843 | G18: 1 | H18: 0.79 | I18: =Table13813[[#This Row],[LHC]]*Table13813[[#This Row],[Cars WTD (EDIT)]] -> 0.79 | J18: {=_xlfn.IFS(Table13813[[#This Row],[Allowed Hours]]=0,0,Table13813[[#This Row],[Allowed Hours]]<25.3,25.3,Table13813[[#This Row],[Allowed Hours]]>25.3,Table13813[[#This Row],[Allowed Hours]])} -> 25.3 | K18: 23.99 | L18: =K18-Table13813[[#This Row],[Adj Allowed Hrs]] -> -1.31
E19: Baton Rouge North | F19: 881 | G19: 15 | H19: 0.79 | I19: =Table13813[[#This Row],[LHC]]*Table13813[[#This Row],[Cars WTD (EDIT)]] -> 11.85 | J19: {=_xlfn.IFS(Table13813[[#This Row],[Allowed Hours]]=0,0,Table13813[[#This Row],[Allowed Hours]]<25.3,25.3,Table13813[[#This Row],[Allowed Hours]]>25.3,Table13813[[#This Row],[Allowed Hours]])} -> 25.3 | K19: 33.69 | L19: =K19-Table13813[[#This Row],[Adj Allowed Hrs]] -> 8.39
E20: Baton Rouge North | F20: 953 | G20: 20 | H20: 0.79 | I20: =Table13813[[#This Row],[LHC]]*Table13813[[#This Row],[Cars WTD (EDIT)]] -> 15.8 | J20: {=_xlfn.IFS(Table13813[[#This Row],[Allowed Hours]]=0,0,Table13813[[#This Row],[Allowed Hours]]<25.3,25.3,Table13813[[#This Row],[Allowed Hours]]>25.3,Table13813[[#This Row],[Allowed Hours]])} -> 25.3 | K20: 16.64 | L20: =K20-Table13813[[#This Row],[Adj Allowed Hrs]] -> -8.66
E21: Baton Rouge North | F21: 3040 | H21: 0.79 | I21: =Table13813[[#This Row],[LHC]]*Table13813[[#This Row],[Cars WTD (EDIT)]] -> 0 | J21: {=_xlfn.IFS(Table13813[[#This Row],[Allowed Hours]]=0,0,Table13813[[#This Row],[Allowed Hours]]<25.3,25.3,Table13813[[#This Row],[Allowed Hours]]>25.3,Table13813[[#This Row],[Allowed Hours]])} -> 0 | K21: 10.42 | L21: =K21-Table13813[[#This Row],[Adj Allowed Hrs]] -> 10.42
E22: Baton Rouge South | F22: 18 | G22: 30 | H22: 0.79 | I22: =Table13813[[#This Row],[LHC]]*Table13813[[#This Row],[Cars WTD (EDIT)]] -> 23.7 | J22: {=_xlfn.IFS(Table13813[[#This Row],[Allowed Hours]]=0,0,Table13813[[#This Row],[Allowed Hours]]<25.3,25.3,Table13813[[#This Row],[Allowed Hours]]>25.3,Table13813[[#This Row],[Allowed Hours]])} -> 25.3 | K22: 37.34 | L22: =K22-Table13813[[#This Row],[Adj Allowed Hrs]] -> 12.04
E23: Baton Rouge South | F23: 19 | G23: 18 | H23: 0.79 | I23: =Table13813[[#This Row],[LHC]]*Table13813[[#This Row],[Cars WTD (EDIT)]] -> 14.22 | J23: {=_xlfn.IFS(Table13813[[#This Row],[Allowed Hours]]=0,0,Table13813[[#This Row],[Allowed Hours]]<25.3,25.3,Table13813[[#This Row],[Allowed Hours]]>25.3,Table13813[[#This Row],[Allowed Hours]])} -> 25.3 | K23: 23.98 | L23: =K23-Table13813[[#This Row],[Adj Allowed Hrs]] -> -1.32
E24: Baton Rouge South | F24: 282 | G24: 9 | H24: 0.79 | I24: =Table13813[[#This Row],[LHC]]*Table13813[[#This Row],[Cars WTD (EDIT)]] -> 7.11 | J24: {=_xlfn.IFS(Table13813[[#This Row],[Allowed Hours]]=0,0,Table13813[[#This Row],[Allowed Hours]]<25.3,25.3,Table13813[[#This Row],[Allowed Hours]]>25.3,Table13813[[#This Row],[Allowed Hours]])} -> 25.3 | K24: 18.57 | L24: =K24-Table13813[[#This Row],[Adj Allowed Hrs]] -> -6.73
E25: Baton Rouge South | F25: 447 | G25: 23 | H25: 0.79 | I25: =Table13813[[#This Row],[LHC]]*Table13813[[#This Row],[Cars WTD (EDIT)]] -> 18.17 | J25: {=_xlfn.IFS(Table13813[[#This Row],[Allowed Hours]]=0,0,Table13813[[#This Row],[Allowed Hours]]<25.3,25.3,Table13813[[#This Row],[Allowed Hours]]>25.3,Table13813[[#This Row],[Allowed Hours]])} -> 25.3 | K25: 31.71 | L25: =K25-Table13813[[#This Row],[Adj Allowed Hrs]] -> 6.41
E26: Baton Rouge South | F26: 448 | G26: 28 | H26: 0.79 | I26: =Table13813[[#This Row],[LHC]]*Table13813[[#This Row],[Cars WTD (EDIT)]] -> 22.12 | J26: {=_xlfn.IFS(Table13813[[#This Row],[Allowed Hours]]=0,0,Table13813[[#This Row],[Allowed Hours]]<25.3,25.3,Table13813[[#This Row],[Allowed Hours]]>25.3,Table13813[[#This Row],[Allowed Hours]])} -> 25.3 | K26: 47.07 | L26: =K26-Table13813[[#This Row],[Adj Allowed Hrs]] -> 21.77
E27: Baton Rouge South | F27: 531 | G27: 19 | H27: 0.79 | I27: =Table13813[[#This Row],[LHC]]*Table13813[[#This Row],[Cars WTD (EDIT)]] -> 15.01 | J27: {=_xlfn.IFS(Table13813[[#This Row],[Allowed Hours]]=0,0,Table13813[[#This Row],[Allowed Hours]]<25.3,25.3,Table13813[[#This Row],[Allowed Hours]]>25.3,Table13813[[#This Row],[Allowed Hours]])} -> 25.3 | K27: 36.22 | L27: =K27-Table13813[[#This Row],[Adj Allowed Hrs]] -> 10.92
E28: Baton Rouge South | F28: 832 | G28: 26 | H28: 0.79 | I28: =Table13813[[#This Row],[LHC]]*Table13813[[#This Row],[Cars WTD (EDIT)]] -> 20.54 | J28: {=_xlfn.IFS(Table13813[[#This Row],[Allowed Hours]]=0,0,Table13813[[#This Row],[Allowed Hours]]<25.3,25.3,Table13813[[#This Row],[Allowed Hours]]>25.3,Table13813[[#This Row],[Allowed Hours]])} -> 25.3 | K28: 26.13 | L28: =K28-Table13813[[#This Row],[Adj Allowed Hrs]] -> 0.83
E29: Gulf Coast North | F29: 3 | G29: 28 | H29: 0.79 | I29: =Table13813[[#This Row],[LHC]]*Table13813[[#This Row],[Cars WTD (EDIT)]] -> 22.12 | J29: {=_xlfn.IFS(Table13813[[#This Row],[Allowed Hours]]=0,0,Table13813[[#This Row],[Allowed Hours]]<25.3,25.3,Table13813[[#This Row],[Allowed Hours]]>25.3,Table13813[[#This Row],[Allowed Hours]])} -> 25.3 | K29: 5 | L29: =K29-Table13813[[#This Row],[Adj Allowed Hrs]] -> -20.3
E30: Gulf Coast North | F30: 5 | G30: 30 | H30: 0.79 | I30: =Table13813[[#This Row],[LHC]]*Table13813[[#This Row],[Cars WTD (EDIT)]] -> 23.7 | J30: {=_xlfn.IFS(Table13813[[#This Row],[Allowed Hours]]=0,0,Table13813[[#This Row],[Allowed Hours]]<25.3,25.3,Table13813[[#This Row],[Allowed Hours]]>25.3,Table13813[[#This Row],[Allowed Hours]])} -> 25.3 | K30: 46 | L30: =K30-Table13813[[#This Row],[Adj Allowed Hrs]] -> 20.7
E31: Gulf Coast North | F31: 11 | G31: 22 | H31: 0.79 | I31: =Table13813[[#This Row],[LHC]]*Table13813[[#This Row],[Cars WTD (EDIT)]] -> 17.38 | J31: {=_xlfn.IFS(Table13813[[#This Row],[Allowed Hours]]=0,0,Table13813[[#This Row],[Allowed Hours]]<25.3,25.3,Table13813[[#This Row],[Allowed Hours]]>25.3,Table13813[[#This Row],[Allowed Hours]])} -> 25.3 | K31: 28 | L31: =K31-Table13813[[#This Row],[Adj Allowed Hrs]] -> 2.7
E32: Gulf Coast North | F32: 14 | G32: 22 | H32: 0.79 | I32: =Table13813[[#This Row],[LHC]]*Table13813[[#This Row],[Cars WTD (EDIT)]] -> 17.38 | J32: {=_xlfn.IFS(Table13813[[#This Row],[Allowed Hours]]=0,0,Table13813[[#This Row],[Allowed Hours]]<25.3,25.3,Table13813[[#This Row],[Allowed Hours]]>25.3,Table13813[[#This Row],[Allowed Hours]])} -> 25.3 | K32: 23 | L32: =K32-Table13813[[#This Row],[Adj Allowed Hrs]] -> -2.3
E33: Gulf Coast North | F33: 20 | G33: 36 | H33: 0.79 | I33: =Table13813[[#This Row],[LHC]]*Table13813[[#This Row],[Cars WTD (EDIT)]] -> 28.44 | J33: {=_xlfn.IFS(Table13813[[#This Row],[Allowed Hours]]=0,0,Table13813[[#This Row],[Allowed Hours]]<25.3,25.3,Table13813[[#This Row],[Allowed Hours]]>25.3,Table13813[[#This Row],[Allowed Hours]])} -> 28.44 | K33: 41 | L33: =K33-Table13813[[#This Row],[Adj Allowed Hrs]] -> 12.56
... E70: NOLA South | F70: 3004 | G70: 7 | H70: 0.79 | I70: =Table13813[[#This Row],[LHC]]*Table13813[[#This Row],[Cars WTD (EDIT)]] -> 5.53 | J70: {=_xlfn.IFS(Table13813[[#This Row],[Allowed Hours]]=0,0,Table13813[[#This Row],[Allowed Hours]]<25.3,25.3,Table13813[[#This Row],[Allowed Hours]]>25.3,Table13813[[#This Row],[Allowed Hours]])} -> 25.3 | K70: 28.31 | L70: =K70-Table13813[[#This Row],[Adj Allowed Hrs]] -> 3.01

Sheet Thursday
B2: Minimum Hours WTD - KEY | E2: District | F2: Cars | G2: LHC | H2: Allowed Hours | I2: Actual Hours | J2: Hours Variance
B3: Sunday | C3: 20 | E3: Baton Rouge North | F3: =SUM(G14:G21) -> 112 | G3: 0.79 | H3: =SUM(I14:I21) -> 88.48 | I3: =SUM(K14:K21) -> 153.95 | J3: =SUM(L14:L21) -> -23.15
B4: Monday | C4: 45.3 | E4: Baton Rouge South | F4: =SUM(G22:G28) -> 109 | G4: 0.79 | H4: =SUM(I22:I28) -> 86.11 | I4: =SUM(K22:K28) -> 188.54 | J4: =SUM(L22:L28) -> 11.44
B5: Tuesday | C5: 70.6 | E5: Gulf Coast North | F5: =SUM(G29:G37) -> 254 | G5: 0.79 | H5: =SUM(I29:I37) -> 200.66 | I5: =SUM(K29:K37) -> 257 | J5: =SUM(L29:L37) -> 1.69
B6: Wednesday | C6: 95.93 | E6: Lafayette | F6: =SUM(G38:G45) -> 154 | G6: 0.79 | H6: =SUM(I38:I45) -> 121.66 | I6: =SUM(K38:K45) -> 184.26 | J6: =SUM(L38:L45) -> -18.14
B7: Thursday | C7: 121.23 | E7: Gulf Coast West | F7: =SUM(G46:G52) -> 175 | G7: 0.79 | H7: =SUM(I46:I52) -> 138.25 | I7: =SUM(K46:K52) -> 159.6 | J7: =SUM(L46:L52) -> -21.43
B8: Friday | C8: 146.53 | E8: Nola North | F8: =SUM(G53:G61) -> 296 | G8: 0.79 | H8: =SUM(I53:I61) -> 233.84 | I8: =SUM(K53:K61) -> 286.3 | J8: =SUM(L53:L61) -> 20.78
B9: Saturday | C9: 171.8 | E9: Nola South | F9: =SUM(G62:G70) -> 270 | G9: 0.79 | H9: =SUM(I62:I70) -> 213.3 | I9: =SUM(K62:K70) -> 278.14 | J9: =SUM(L62:L70) -> 34.72
E10: Region | F10: =SUM(F3:F9) -> 1370 | G10: 0.79 | H10: =SUM(H3:H9) -> 1082.3 | I10: =SUM(I3:I9) -> 1507.79 | J10: =SUM(J3:J9) -> 5.91
E13: District | F13: Store | G13: Cars WTD (EDIT) | H13: LHC | I13: Allowed Hours | J13: Adj Allowed Hrs | K13: Actual Hours (EDIT) | L13: Hours Variance
E14: Baton Rouge North | F14: 17 | G14: 21 | H14: 0.79 | I14: =Table1381314[[#This Row],[LHC]]*Table1381314[[#This Row],[Cars WTD (EDIT)]] -> 16.59 | J14: {=_xlfn.IFS(Table1381314[[#This Row],[Allowed Hours]]=0,0,Table1381314[[#This Row],[Allowed Hours]]<25.3,25.3,Table1381314[[#This Row],[Allowed Hours]]>25.3,Table1381314[[#This Row],[Allowed Hours]])} -> 25.3 | K14: 22.13 | L14: =K14-Table1381314[[#This Row],[Adj Allowed Hrs]] -> -3.17
E15: Baton Rouge North | F15: 22 | G15: 25 | H15: 0.79 | I15: =Table1381314[[#This Row],[LHC]]*Table1381314[[#This Row],[Cars WTD (EDIT)]] -> 19.75 | J15: {=_xlfn.IFS(Table1381314[[#This Row],[Allowed Hours]]=0,0,Table1381314[[#This Row],[Allowed Hours]]<25.3,25.3,Table1381314[[#This Row],[Allowed Hours]]>25.3,Table1381314[[#This Row],[Allowed Hours]])} -> 25.3 | K15: 26.76 | L15: =K15-Table1381314[[#This Row],[Adj Allowed Hrs]] -> 1.46
E16: Baton Rouge North | F16: 641 | G16: 27 | H16: 0.79 | I16: =Table1381314[[#This Row],[LHC]]*Table1381314[[#This Row],[Cars WTD (EDIT)]] -> 21.33 | J16: {=_xlfn.IFS(Table1381314[[#This Row],[Allowed Hours]]=0,0,Table1381314[[#This Row],[Allowed Hours]]<25.3,25.3,Table1381314[[#This Row],[Allowed Hours]]>25.3,Table1381314[[#This Row],[Allowed Hours]])} -> 25.3 | K16: 23.42 | L16: =K16-Table1381314[[#This Row],[Adj Allowed Hrs]] -> -1.88
E17: Baton Rouge North | F17: 717 | G17: 16 | H17: 0.79 | I17: =Table1381314[[#This Row],[LHC]]*Table1381314[[#This Row],[Cars WTD (EDIT)]] -> 12.64 | J17: {=_xlfn.IFS(Table1381314[[#This Row],[Allowed Hours]]=0,0,Table1381314[[#This Row],[Allowed Hours]]<25.3,25.3,Table1381314[[#This Row],[Allowed Hours]]>25.3,Table1381314[[#This Row],[Allowed Hours]])} -> 25.3 | K17: 24.29 | L17: =K17-Table1381314[[#This Row],[Adj Allowed Hrs]] -> -1.01
E18: Baton Rouge North | F18: 843 | G18: 2 | H18: 0.79 | I18: =Table1381314[[#This Row],[LHC]]*Table1381314[[#This Row],[Cars WTD (EDIT)]] -> 1.58 | J18: {=_xlfn.IFS(Table1381314[[#This Row],[Allowed Hours]]=0,0,Table1381314[[#This Row],[Allowed Hours]]<25.3,25.3,Table1381314[[#This Row],[Allowed Hours]]>25.3,Table1381314[[#This Row],[Allowed Hours]])} -> 25.3 | K18: 1.46 | L18: =K18-Table1381314[[#This Row],[Adj Allowed Hrs]] -> -23.84
E19: Baton Rouge North | F19: 881 | G19: 12 | H19: 0.79 | I19: =Table1381314[[#This Row],[LHC]]*Table1381314[[#This Row],[Cars WTD (EDIT)]] -> 9.48 | J19: {=_xlfn.IFS(Table1381314[[#This Row],[Allowed Hours]]=0,0,Table1381314[[#This Row],[Allowed Hours]]<25.3,25.3,Table1381314[[#This Row],[Allowed Hours]]>25.3,Table1381314[[#This Row],[Allowed Hours]])} -> 25.3 | K19: 19.73 | L19: =K19-Table1381314[[#This Row],[Adj Allowed Hrs]] -> -5.57
E20: Baton Rouge North | F20: 953 | G20: 9 | H20: 0.79 | I20: =Table1381314[[#This Row],[LHC]]*Table1381314[[#This Row],[Cars WTD (EDIT)]] -> 7.11 | J20: {=_xlfn.IFS(Table1381314[[#This Row],[Allowed Hours]]=0,0,Table1381314[[#This Row],[Allowed Hours]]<25.3,25.3,Table1381314[[#This Row],[Allowed Hours]]>25.3,Table1381314[[#This Row],[Allowed Hours]])} -> 25.3 | K20: 20.71 | L20: =K20-Table1381314[[#This Row],[Adj Allowed Hrs]] -> -4.59
E21: Baton Rouge North | F21: 3040 | H21: 0.79 | I21: =Table1381314[[#This Row],[LHC]]*Table1381314[[#This Row],[Cars WTD (EDIT)]] -> 0 | J21: {=_xlfn.IFS(Table1381314[[#This Row],[Allowed Hours]]=0,0,Table1381314[[#This Row],[Allowed Hours]]<25.3,25.3,Table1381314[[#This Row],[Allowed Hours]]>25.3,Table1381314[[#This Row],[Allowed Hours]])} -> 0 | K21: 15.45 | L21: =K21-Table1381314[[#This Row],[Adj Allowed Hrs]] -> 15.45
E22: Baton Rouge South | F22: 18 | G22: 23 | H22: 0.79 | I22: =Table1381314[[#This Row],[LHC]]*Table1381314[[#This Row],[Cars WTD (EDIT)]] -> 18.17 | J22: {=_xlfn.IFS(Table1381314[[#This Row],[Allowed Hours]]=0,0,Table1381314[[#This Row],[Allowed Hours]]<25.3,25.3,Table1381314[[#This Row],[Allowed Hours]]>25.3,Table1381314[[#This Row],[Allowed Hours]])} -> 25.3 | K22: 24.84 | L22: =K22-Table1381314[[#This Row],[Adj Allowed Hrs]] -> -0.46
E23: Baton Rouge South | F23: 19 | G23: 32 | H23: 0.79 | I23: =Table1381314[[#This Row],[LHC]]*Table1381314[[#This Row],[Cars WTD (EDIT)]] -> 25.28 | J23: {=_xlfn.IFS(Table1381314[[#This Row],[Allowed Hours]]=0,0,Table1381314[[#This Row],[Allowed Hours]]<25.3,25.3,Table1381314[[#This Row],[Allowed Hours]]>25.3,Table1381314[[#This Row],[Allowed Hours]])} -> 25.3 | K23: 33.43 | L23: =K23-Table1381314[[#This Row],[Adj Allowed Hrs]] -> 8.13
E24: Baton Rouge South | F24: 282 | G24: 3 | H24: 0.79 | I24: =Table1381314[[#This Row],[LHC]]*Table1381314[[#This Row],[Cars WTD (EDIT)]] -> 2.37 | J24: {=_xlfn.IFS(Table1381314[[#This Row],[Allowed Hours]]=0,0,Table1381314[[#This Row],[Allowed Hours]]<25.3,25.3,Table1381314[[#This Row],[Allowed Hours]]>25.3,Table1381314[[#This Row],[Allowed Hours]])} -> 25.3 | K24: 10.89 | L24: =K24-Table1381314[[#This Row],[Adj Allowed Hrs]] -> -14.41
E25: Baton Rouge South | F25: 447 | G25: 13 | H25: 0.79 | I25: =Table1381314[[#This Row],[LHC]]*Table1381314[[#This Row],[Cars WTD (EDIT)]] -> 10.27 | J25: {=_xlfn.IFS(Table1381314[[#This Row],[Allowed Hours]]=0,0,Table1381314[[#This Row],[Allowed Hours]]<25.3,25.3,Table1381314[[#This Row],[Allowed Hours]]>25.3,Table1381314[[#This Row],[Allowed Hours]])} -> 25.3 | K25: 32.88 | L25: =K25-Table1381314[[#This Row],[Adj Allowed Hrs]] -> 7.58
E26: Baton Rouge South | F26: 448 | G26: 14 | H26: 0.79 | I26: =Table1381314[[#This Row],[LHC]]*Table1381314[[#This Row],[Cars WTD (EDIT)]] -> 11.06 | J26: {=_xlfn.IFS(Table1381314[[#This Row],[Allowed Hours]]=0,0,Table1381314[[#This Row],[Allowed Hours]]<25.3,25.3,Table1381314[[#This Row],[Allowed Hours]]>25.3,Table1381314[[#This Row],[Allowed Hours]])} -> 25.3 | K26: 35.14 | L26: =K26-Table1381314[[#This Row],[Adj Allowed Hrs]] -> 9.84
E27: Baton Rouge South | F27: 531 | G27: 13 | H27: 0.79 | I27: =Table1381314[[#This Row],[LHC]]*Table1381314[[#This Row],[Cars WTD (EDIT)]] -> 10.27 | J27: {=_xlfn.IFS(Table1381314[[#This Row],[Allowed Hours]]=0,0,Table1381314[[#This Row],[Allowed Hours]]<25.3,25.3,Table1381314[[#This Row],[Allowed Hours]]>25.3,Table1381314[[#This Row],[Allowed Hours]])} -> 25.3 | K27: 23.39 | L27: =K27-Table1381314[[#This Row],[Adj Allowed Hrs]] -> -1.91
E28: Baton Rouge South | F28: 832 | G28: 11 | H28: 0.79 | I28: =Table1381314[[#This Row],[LHC]]*Table1381314[[#This Row],[Cars WTD (EDIT)]] -> 8.69 | J28: {=_xlfn.IFS(Table1381314[[#This Row],[Allowed Hours]]=0,0,Table1381314[[#This Row],[Allowed Hours]]<25.3,25.3,Table1381314[[#This Row],[Allowed Hours]]>25.3,Table1381314[[#This Row],[Allowed Hours]])} -> 25.3 | K28: 27.97 | L28: =K28-Table1381314[[#This Row],[Adj Allowed Hrs]] -> 2.67
E29: Gulf Coast North | F29: 3 | G29: 16 | H29: 0.79 | I29: =Table1381314[[#This Row],[LHC]]*Table1381314[[#This Row],[Cars WTD (EDIT)]] -> 12.64 | J29: {=_xlfn.IFS(Table1381314[[#This Row],[Allowed Hours]]=0,0,Table1381314[[#This Row],[Allowed Hours]]<25.3,25.3,Table1381314[[#This Row],[Allowed Hours]]>25.3,Table1381314[[#This Row],[Allowed Hours]])} -> 25.3 | K29: 15 | L29: =K29-Table1381314[[#This Row],[Adj Allowed Hrs]] -> -10.3
E30: Gulf Coast North | F30: 5 | G30: 24 | H30: 0.79 | I30: =Table1381314[[#This Row],[LHC]]*Table1381314[[#This Row],[Cars WTD (EDIT)]] -> 18.96 | J30: {=_xlfn.IFS(Table1381314[[#This Row],[Allowed Hours]]=0,0,Table1381314[[#This Row],[Allowed Hours]]<25.3,25.3,Table1381314[[#This Row],[Allowed Hours]]>25.3,Table1381314[[#This Row],[Allowed Hours]])} -> 25.3 | K30: 35 | L30: =K30-Table1381314[[#This Row],[Adj Allowed Hrs]] -> 9.7
E31: Gulf Coast North | F31: 11 | G31: 16 | H31: 0.79 | I31: =Table1381314[[#This Row],[LHC]]*Table1381314[[#This Row],[Cars WTD (EDIT)]] -> 12.64 | J31: {=_xlfn.IFS(Table1381314[[#This Row],[Allowed Hours]]=0,0,Table1381314[[#This Row],[Allowed Hours]]<25.3,25.3,Table1381314[[#This Row],[Allowed Hours]]>25.3,Table1381314[[#This Row],[Allowed Hours]])} -> 25.3 | K31: 26 | L31: =K31-Table1381314[[#This Row],[Adj Allowed Hrs]] -> 0.7
E32: Gulf Coast North | F32: 14 | G32: 24 | H32: 0.79 | I32: =Table1381314[[#This Row],[LHC]]*Table1381314[[#This Row],[Cars WTD (EDIT)]] -> 18.96 | J32: {=_xlfn.IFS(Table1381314[[#This Row],[Allowed Hours]]=0,0,Table1381314[[#This Row],[Allowed Hours]]<25.3,25.3,Table1381314[[#This Row],[Allowed Hours]]>25.3,Table1381314[[#This Row],[Allowed Hours]])} -> 25.3 | K32: 32 | L32: =K32-Table1381314[[#This Row],[Adj Allowed Hrs]] -> 6.7
E33: Gulf Coast North | F33: 20 | G33: 25 | H33: 0.79 | I33: =Table1381314[[#This Row],[LHC]]*Table1381314[[#This Row],[Cars WTD (EDIT)]] -> 19.75 | J33: {=_xlfn.IFS(Table1381314[[#This Row],[Allowed Hours]]=0,0,Table1381314[[#This Row],[Allowed Hours]]<25.3,25.3,Table1381314[[#This Row],[Allowed Hours]]>25.3,Table1381314[[#This Row],[Allowed Hours]])} -> 25.3 | K33: 25 | L33: =K33-Table1381314[[#This Row],[Adj Allowed Hrs]] -> -0.3
... E70: NOLA South | F70: 3004 | G70: 17 | H70: 0.79 | I70: =Table1381314[[#This Row],[LHC]]*Table1381314[[#This Row],[Cars WTD (EDIT)]] -> 13.43 | J70: {=_xlfn.IFS(Table1381314[[#This Row],[Allowed Hours]]=0,0,Table1381314[[#This Row],[Allowed Hours]]<25.3,25.3,Table1381314[[#This Row],[Allowed Hours]]>25.3,Table1381314[[#This Row],[Allowed Hours]])} -> 25.3 | K70: 21.49 | L70: =K70-Table1381314[[#This Row],[Adj Allowed Hrs]] -> -3.81

Sheet Friday
B2: Minimum Hours WTD - KEY | E2: District | F2: Cars | G2: LHC | H2: Allowed Hours | I2: Actual Hours | J2: Hours Variance
B3: Sunday | C3: 20 | E3: Baton Rouge North | F3: =SUM(G14:G21) -> 0 | G3: 0.79 | H3: =SUM(I14:I21) -> 0 | I3: =SUM(K14:K21) -> 0 | J3: =SUM(L14:L21) -> 0
B4: Monday | C4: 45.3 | E4: Baton Rouge South | F4: =SUM(G22:G28) -> 188 | G4: 0.79 | H4: =SUM(I22:I28) -> 148.52 | I4: =SUM(K22:K28) -> 211.5 | J4: =SUM(L22:L28) -> 29.7
B5: Tuesday | C5: 70.6 | E5: Gulf Coast North | F5: =SUM(G29:G37) -> 365 | G5: 0.79 | H5: =SUM(I29:I37) -> 288.35 | I5: =SUM(K29:K37) -> 295 | J5: =SUM(L29:L37) -> -12.39
B6: Wednesday | C6: 95.93 | E6: Lafayette | F6: =SUM(G38:G45) -> 236 | G6: 0.79 | H6: =SUM(I38:I45) -> 186.44 | I6: =SUM(K38:K45) -> 177.95 | J6: =SUM(L38:L45) -> -44.93
B7: Thursday | C7: 121.23 | E7: Gulf Coast West | F7: =SUM(G46:G52) -> 0 | G7: 0.79 | H7: =SUM(I46:I52) -> 0 | I7: =SUM(K46:K52) -> 0 | J7: =SUM(L46:L52) -> 0
B8: Friday | C8: 146.53 | E8: Nola North | F8: =SUM(G53:G61) -> 415 | G8: 0.79 | H8: =SUM(I53:I61) -> 327.85 | I8: =SUM(K53:K61) -> 319.8 | J8: =SUM(L53:L61) -> -12.83
B9: Saturday | C9: 171.8 | E9: Nola South | F9: =SUM(G62:G70) -> 0 | G9: 0.79 | H9: =SUM(I62:I70) -> 0 | I9: =SUM(K62:K70) -> 0 | J9: =SUM(L62:L70) -> 0
E10: Region | F10: =SUM(F3:F9) -> 1204 | G10: 0.79 | H10: =SUM(H3:H9) -> 951.16 | I10: =SUM(I3:I9) -> 1004.25 | J10: =SUM(J3:J9) -> -40.45
E13: District | F13: Store | G13: Cars WTD (EDIT) | H13: LHC | I13: Allowed Hours | J13: Adj Allowed Hrs | K13: Actual Hours (EDIT) | L13: Hours Variance
E14: Baton Rouge North | F14: 17 | H14: 0.79 | I14: =Table13813141516[[#This Row],[LHC]]*Table13813141516[[#This Row],[Cars WTD (EDIT)]] -> 0 | J14: {=_xlfn.IFS(Table13813141516[[#This Row],[Allowed Hours]]=0,0,Table13813141516[[#This Row],[Allowed Hours]]<25.3,25.3,Table13813141516[[#This Row],[Allowed Hours]]>25.3,Table13813141516[[#This Row],[Allowed Hours]])} -> 0 | L14: =K14-Table13813141516[[#This Row],[Adj Allowed Hrs]] -> 0
E15: Baton Rouge North | F15: 22 | H15: 0.79 | I15: =Table13813141516[[#This Row],[LHC]]*Table13813141516[[#This Row],[Cars WTD (EDIT)]] -> 0 | J15: {=_xlfn.IFS(Table13813141516[[#This Row],[Allowed Hours]]=0,0,Table13813141516[[#This Row],[Allowed Hours]]<25.3,25.3,Table13813141516[[#This Row],[Allowed Hours]]>25.3,Table13813141516[[#This Row],[Allowed Hours]])} -> 0 | L15: =K15-Table13813141516[[#This Row],[Adj Allowed Hrs]] -> 0
E16: Baton Rouge North | F16: 641 | H16: 0.79 | I16: =Table13813141516[[#This Row],[LHC]]*Table13813141516[[#This Row],[Cars WTD (EDIT)]] -> 0 | J16: {=_xlfn.IFS(Table13813141516[[#This Row],[Allowed Hours]]=0,0,Table13813141516[[#This Row],[Allowed Hours]]<25.3,25.3,Table13813141516[[#This Row],[Allowed Hours]]>25.3,Table13813141516[[#This Row],[Allowed Hours]])} -> 0 | L16: =K16-Table13813141516[[#This Row],[Adj Allowed Hrs]] -> 0
E17: Baton Rouge North | F17: 717 | H17: 0.79 | I17: =Table13813141516[[#This Row],[LHC]]*Table13813141516[[#This Row],[Cars WTD (EDIT)]] -> 0 | J17: {=_xlfn.IFS(Table13813141516[[#This Row],[Allowed Hours]]=0,0,Table13813141516[[#This Row],[Allowed Hours]]<25.3,25.3,Table13813141516[[#This Row],[Allowed Hours]]>25.3,Table13813141516[[#This Row],[Allowed Hours]])} -> 0 | L17: =K17-Table13813141516[[#This Row],[Adj Allowed Hrs]] -> 0
E18: Baton Rouge North | F18: 843 | H18: 0.79 | I18: =Table13813141516[[#This Row],[LHC]]*Table13813141516[[#This Row],[Cars WTD (EDIT)]] -> 0 | J18: {=_xlfn.IFS(Table13813141516[[#This Row],[Allowed Hours]]=0,0,Table13813141516[[#This Row],[Allowed Hours]]<25.3,25.3,Table13813141516[[#This Row],[Allowed Hours]]>25.3,Table13813141516[[#This Row],[Allowed Hours]])} -> 0 | L18: =K18-Table13813141516[[#This Row],[Adj Allowed Hrs]] -> 0
E19: Baton Rouge North | F19: 881 | H19: 0.79 | I19: =Table13813141516[[#This Row],[LHC]]*Table13813141516[[#This Row],[Cars WTD (EDIT)]] -> 0 | J19: {=_xlfn.IFS(Table13813141516[[#This Row],[Allowed Hours]]=0,0,Table13813141516[[#This Row],[Allowed Hours]]<25.3,25.3,Table13813141516[[#This Row],[Allowed Hours]]>25.3,Table13813141516[[#This Row],[Allowed Hours]])} -> 0 | L19: =K19-Table13813141516[[#This Row],[Adj Allowed Hrs]] -> 0
E20: Baton Rouge North | F20: 953 | H20: 0.79 | I20: =Table13813141516[[#This Row],[LHC]]*Table13813141516[[#This Row],[Cars WTD (EDIT)]] -> 0 | J20: {=_xlfn.IFS(Table13813141516[[#This Row],[Allowed Hours]]=0,0,Table13813141516[[#This Row],[Allowed Hours]]<25.3,25.3,Table13813141516[[#This Row],[Allowed Hours]]>25.3,Table13813141516[[#This Row],[Allowed Hours]])} -> 0 | L20: =K20-Table13813141516[[#This Row],[Adj Allowed Hrs]] -> 0
E21: Baton Rouge North | F21: 3040 | H21: 0.79 | I21: =Table13813141516[[#This Row],[LHC]]*Table13813141516[[#This Row],[Cars WTD (EDIT)]] -> 0 | J21: {=_xlfn.IFS(Table13813141516[[#This Row],[Allowed Hours]]=0,0,Table13813141516[[#This Row],[Allowed Hours]]<25.3,25.3,Table13813141516[[#This Row],[Allowed Hours]]>25.3,Table13813141516[[#This Row],[Allowed Hours]])} -> 0 | L21: =K21-Table13813141516[[#This Row],[Adj Allowed Hrs]] -> 0
E22: Baton Rouge South | F22: 18 | G22: 36 | H22: 0.79 | I22: =Table13813141516[[#This Row],[LHC]]*Table13813141516[[#This Row],[Cars WTD (EDIT)]] -> 28.44 | J22: {=_xlfn.IFS(Table13813141516[[#This Row],[Allowed Hours]]=0,0,Table13813141516[[#This Row],[Allowed Hours]]<25.3,25.3,Table13813141516[[#This Row],[Allowed Hours]]>25.3,Table13813141516[[#This Row],[Allowed Hours]])} -> 28.44 | K22: 30.93 | L22: =K22-Table13813141516[[#This Row],[Adj Allowed Hrs]] -> 2.49
E23: Baton Rouge South | F23: 19 | G23: 24 | H23: 0.79 | I23: =Table13813141516[[#This Row],[LHC]]*Table13813141516[[#This Row],[Cars WTD (EDIT)]] -> 18.96 | J23: {=_xlfn.IFS(Table13813141516[[#This Row],[Allowed Hours]]=0,0,Table13813141516[[#This Row],[Allowed Hours]]<25.3,25.3,Table13813141516[[#This Row],[Allowed Hours]]>25.3,Table13813141516[[#This Row],[Allowed Hours]])} -> 25.3 | K23: 33.07 | L23: =K23-Table13813141516[[#This Row],[Adj Allowed Hrs]] -> 7.77
E24: Baton Rouge South | F24: 282 | G24: 12 | H24: 0.79 | I24: =Table13813141516[[#This Row],[LHC]]*Table13813141516[[#This Row],[Cars WTD (EDIT)]] -> 9.48 | J24: {=_xlfn.IFS(Table13813141516[[#This Row],[Allowed Hours]]=0,0,Table13813141516[[#This Row],[Allowed Hours]]<25.3,25.3,Table13813141516[[#This Row],[Allowed Hours]]>25.3,Table13813141516[[#This Row],[Allowed Hours]])} -> 25.3 | K24: 13.3 | L24: =K24-Table13813141516[[#This Row],[Adj Allowed Hrs]] -> -12
E25: Baton Rouge South | F25: 447 | G25: 27 | H25: 0.79 | I25: =Table13813141516[[#This Row],[LHC]]*Table13813141516[[#This Row],[Cars WTD (EDIT)]] -> 21.33 | J25: {=_xlfn.IFS(Table13813141516[[#This Row],[Allowed Hours]]=0,0,Table13813141516[[#This Row],[Allowed Hours]]<25.3,25.3,Table13813141516[[#This Row],[Allowed Hours]]>25.3,Table13813141516[[#This Row],[Allowed Hours]])} -> 25.3 | K25: 28.39 | L25: =K25-Table13813141516[[#This Row],[Adj Allowed Hrs]] -> 3.09
E26: Baton Rouge South | F26: 448 | G26: 34 | H26: 0.79 | I26: =Table13813141516[[#This Row],[LHC]]*Table13813141516[[#This Row],[Cars WTD (EDIT)]] -> 26.86 | J26: {=_xlfn.IFS(Table13813141516[[#This Row],[Allowed Hours]]=0,0,Table13813141516[[#This Row],[Allowed Hours]]<25.3,25.3,Table13813141516[[#This Row],[Allowed Hours]]>25.3,Table13813141516[[#This Row],[Allowed Hours]])} -> 26.86 | K26: 48.79 | L26: =K26-Table13813141516[[#This Row],[Adj Allowed Hrs]] -> 21.93
E27: Baton Rouge South | F27: 531 | G27: 24 | H27: 0.79 | I27: =Table13813141516[[#This Row],[LHC]]*Table13813141516[[#This Row],[Cars WTD (EDIT)]] -> 18.96 | J27: {=_xlfn.IFS(Table13813141516[[#This Row],[Allowed Hours]]=0,0,Table13813141516[[#This Row],[Allowed Hours]]<25.3,25.3,Table13813141516[[#This Row],[Allowed Hours]]>25.3,Table13813141516[[#This Row],[Allowed Hours]])} -> 25.3 | K27: 24.18 | L27: =K27-Table13813141516[[#This Row],[Adj Allowed Hrs]] -> -1.12
E28: Baton Rouge South | F28: 832 | G28: 31 | H28: 0.79 | I28: =Table13813141516[[#This Row],[LHC]]*Table13813141516[[#This Row],[Cars WTD (EDIT)]] -> 24.49 | J28: {=_xlfn.IFS(Table13813141516[[#This Row],[Allowed Hours]]=0,0,Table13813141516[[#This Row],[Allowed Hours]]<25.3,25.3,Table13813141516[[#This Row],[Allowed Hours]]>25.3,Table13813141516[[#This Row],[Allowed Hours]])} -> 25.3 | K28: 32.84 | L28: =K28-Table13813141516[[#This Row],[Adj Allowed Hrs]] -> 7.54
E29: Gulf Coast North | F29: 3 | G29: 24 | H29: 0.79 | I29: =Table13813141516[[#This Row],[LHC]]*Table13813141516[[#This Row],[Cars WTD (EDIT)]] -> 18.96 | J29: {=_xlfn.IFS(Table13813141516[[#This Row],[Allowed Hours]]=0,0,Table13813141516[[#This Row],[Allowed Hours]]<25.3,25.3,Table13813141516[[#This Row],[Allowed Hours]]>25.3,Table13813141516[[#This Row],[Allowed Hours]])} -> 25.3 | K29: 7 | L29: =K29-Table13813141516[[#This Row],[Adj Allowed Hrs]] -> -18.3
E30: Gulf Coast North | F30: 5 | G30: 40 | H30: 0.79 | I30: =Table13813141516[[#This Row],[LHC]]*Table13813141516[[#This Row],[Cars WTD (EDIT)]] -> 31.6 | J30: {=_xlfn.IFS(Table13813141516[[#This Row],[Allowed Hours]]=0,0,Table13813141516[[#This Row],[Allowed Hours]]<25.3,25.3,Table13813141516[[#This Row],[Allowed Hours]]>25.3,Table13813141516[[#This Row],[Allowed Hours]])} -> 31.6 | K30: 30 | L30: =K30-Table13813141516[[#This Row],[Adj Allowed Hrs]] -> -1.6
E31: Gulf Coast North | F31: 11 | G31: 17 | H31: 0.79 | I31: =Table13813141516[[#This Row],[LHC]]*Table13813141516[[#This Row],[Cars WTD (EDIT)]] -> 13.43 | J31: {=_xlfn.IFS(Table13813141516[[#This Row],[Allowed Hours]]=0,0,Table13813141516[[#This Row],[Allowed Hours]]<25.3,25.3,Table13813141516[[#This Row],[Allowed Hours]]>25.3,Table13813141516[[#This Row],[Allowed Hours]])} -> 25.3 | K31: 28 | L31: =K31-Table13813141516[[#This Row],[Adj Allowed Hrs]] -> 2.7
E32: Gulf Coast North | F32: 14 | G32: 32 | H32: 0.79 | I32: =Table13813141516[[#This Row],[LHC]]*Table13813141516[[#This Row],[Cars WTD (EDIT)]] -> 25.28 | J32: {=_xlfn.IFS(Table13813141516[[#This Row],[Allowed Hours]]=0,0,Table13813141516[[#This Row],[Allowed Hours]]<25.3,25.3,Table13813141516[[#This Row],[Allowed Hours]]>25.3,Table13813141516[[#This Row],[Allowed Hours]])} -> 25.3 | K32: 26 | L32: =K32-Table13813141516[[#This Row],[Adj Allowed Hrs]] -> 0.7
E33: Gulf Coast North | F33: 20 | G33: 40 | H33: 0.79 | I33: =Table13813141516[[#This Row],[LHC]]*Table13813141516[[#This Row],[Cars WTD (EDIT)]] -> 31.6 | J33: {=_xlfn.IFS(Table13813141516[[#This Row],[Allowed Hours]]=0,0,Table13813141516[[#This Row],[Allowed Hours]]<25.3,25.3,Table13813141516[[#This Row],[Allowed Hours]]>25.3,Table13813141516[[#This Row],[Allowed Hours]])} -> 31.6 | K33: 32 | L33: =K33-Table13813141516[[#This Row],[Adj Allowed Hrs]] -> 0.4
... E42: Lafayette | F42: 720 | G42: 31 | H42: 0.79 | I42: =Table13813141516[[#This Row],[LHC]]*Table13813141516[[#This Row],[Cars WTD (EDIT)]] -> 24.49 | J42: {=_xlfn.IFS(Table13813141516[[#This Row],[Allowed Hours]]=0,0,Table13813141516[[#This Row],[Allowed Hours]]<25.3,25.3,Table13813141516[[#This Row],[Allowed Hours]]>25.3,Table13813141516[[#This Row],[Allowed Hours]])} -> 25.3 | K42: 28.3 | L42: =K42-Table13813141516[[#This Row],[Adj Allowed Hrs]] -> 3
E43: Lafayette | F43: 728 | G43: 23 | H43: 0.79 | I43: =Table13813141516[[#This Row],[LHC]]*Table13813141516[[#This Row],[Cars WTD (EDIT)]] -> 18.17 | J43: {=_xlfn.IFS(Table13813141516[[#This Row],[Allowed Hours]]=0,0,Table13813141516[[#This Row],[Allowed Hours]]<25.3,25.3,Table13813141516[[#This Row],[Allowed Hours]]>25.3,Table13813141516[[#This Row],[Allowed Hours]])} -> 25.3 | L43: =K43-Table13813141516[[#This Row],[Adj Allowed Hrs]] -> -25.3
E44: Lafayette | F44: 830 | G44: 24 | H44: 0.79 | I44: =Table13813141516[[#This Row],[LHC]]*Table13813141516[[#This Row],[Cars WTD (EDIT)]] -> 18.96 | J44: {=_xlfn.IFS(Table13813141516[[#This Row],[Allowed Hours]]=0,0,Table13813141516[[#This Row],[Allowed Hours]]<25.3,25.3,Table13813141516[[#This Row],[Allowed Hours]]>25.3,Table13813141516[[#This Row],[Allowed Hours]])} -> 25.3 | K44: 28.2 | L44: =K44-Table13813141516[[#This Row],[Adj Allowed Hrs]] -> 2.9
E45: Lafayette | F45: 975 | G45: 12 | H45: 0.79 | I45: =Table13813141516[[#This Row],[LHC]]*Table13813141516[[#This Row],[Cars WTD (EDIT)]] -> 9.48 | J45: {=_xlfn.IFS(Table13813141516[[#This Row],[Allowed Hours]]=0,0,Table13813141516[[#This Row],[Allowed Hours]]<25.3,25.3,Table13813141516[[#This Row],[Allowed Hours]]>25.3,Table13813141516[[#This Row],[Allowed Hours]])} -> 25.3 | K45: 14.65 | L45: =K45-Table13813141516[[#This Row],[Adj Allowed Hrs]] -> -10.65
E46: Gulf Coast West | F46: 46 | H46: 0.79 | I46: =Table13813141516[[#This Row],[LHC]]*Table13813141516[[#This Row],[Cars WTD (EDIT)]] -> 0 | J46: {=_xlfn.IFS(Table13813141516[[#This Row],[Allowed Hours]]=0,0,Table13813141516[[#This Row],[Allowed Hours]]<25.3,25.3,Table13813141516[[#This Row],[Allowed Hours]]>25.3,Table13813141516[[#This Row],[Allowed Hours]])} -> 0 | L46: =K46-Table13813141516[[#This Row],[Adj Allowed Hrs]] -> 0
E47: Gulf Coast West | F47: 283 | H47: 0.79 | I47: =Table13813141516[[#This Row],[LHC]]*Table13813141516[[#This Row],[Cars WTD (EDIT)]] -> 0 | J47: {=_xlfn.IFS(Table13813141516[[#This Row],[Allowed Hours]]=0,0,Table13813141516[[#This Row],[Allowed Hours]]<25.3,25.3,Table13813141516[[#This Row],[Allowed Hours]]>25.3,Table13813141516[[#This Row],[Allowed Hours]])} -> 0 | L47: =K47-Table13813141516[[#This Row],[Adj Allowed Hrs]] -> 0
E48: Gulf Coast West | F48: 847 | H48: 0.79 | I48: =Table13813141516[[#This Row],[LHC]]*Table13813141516[[#This Row],[Cars WTD (EDIT)]] -> 0 | J48: {=_xlfn.IFS(Table13813141516[[#This Row],[Allowed Hours]]=0,0,Table13813141516[[#This Row],[Allowed Hours]]<25.3,25.3,Table13813141516[[#This Row],[Allowed Hours]]>25.3,Table13813141516[[#This Row],[Allowed Hours]])} -> 0 | L48: =K48-Table13813141516[[#This Row],[Adj Allowed Hrs]] -> 0
E49: Gulf Coast West | F49: 865 | H49: 0.79 | I49: =Table13813141516[[#This Row],[LHC]]*Table13813141516[[#This Row],[Cars WTD (EDIT)]] -> 0 | J49: {=_xlfn.IFS(Table13813141516[[#This Row],[Allowed Hours]]=0,0,Table13813141516[[#This Row],[Allowed Hours]]<25.3,25.3,Table13813141516[[#This Row],[Allowed Hours]]>25.3,Table13813141516[[#This Row],[Allowed Hours]])} -> 0 | L49: =K49-Table13813141516[[#This Row],[Adj Allowed Hrs]] -> 0
E50: Gulf Coast West | F50: 919 | H50: 0.79 | I50: =Table13813141516[[#This Row],[LHC]]*Table13813141516[[#This Row],[Cars WTD (EDIT)]] -> 0 | J50: {=_xlfn.IFS(Table13813141516[[#This Row],[Allowed Hours]]=0,0,Table13813141516[[#This Row],[Allowed Hours]]<25.3,25.3,Table13813141516[[#This Row],[Allowed Hours]]>25.3,Table13813141516[[#This Row],[Allowed Hours]])} -> 0 | L50: =K50-Table13813141516[[#This Row],[Adj Allowed Hrs]] -> 0
E51: Gulf Coast West | F51: 954 | H51: 0.79 | I51: =Table13813141516[[#This Row],[LHC]]*Table13813141516[[#This Row],[Cars WTD (EDIT)]] -> 0 | J51: {=_xlfn.IFS(Table13813141516[[#This Row],[Allowed Hours]]=0,0,Table13813141516[[#This Row],[Allowed Hours]]<25.3,25.3,Table13813141516[[#This Row],[Allowed Hours]]>25.3,Table13813141516[[#This Row],[Allowed Hours]])} -> 0 | L51: =K51-Table13813141516[[#This Row],[Adj Allowed Hrs]] -> 0
E52: Gulf Coast West | F52: 3017 | G52: 0 | H52: 0.79 | I52: =Table13813141516[[#This Row],[LHC]]*Table13813141516[[#This Row],[Cars WTD (EDIT)]] -> 0 | J52: {=_xlfn.IFS(Table13813141516[[#This Row],[Allowed Hours]]=0,0,Table13813141516[[#This Row],[Allowed Hours]]<25.3,25.3,Table13813141516[[#This Row],[Allowed Hours]]>25.3,Table13813141516[[#This Row],[Allowed Hours]])} -> 0 | K52: 0 | L52: =K52-Table13813141516[[#This Row],[Adj Allowed Hrs]] -> 0
E53: NOLA North | F53: 1 | G53: 28 | H53: 0.79 | I53: =Table13813141516[[#This Row],[LHC]]*Table13813141516[[#This Row],[Cars WTD (EDIT)]] -> 22.12 | J53: {=_xlfn.IFS(Table13813141516[[#This Row],[Allowed Hours]]=0,0,Table13813141516[[#This Row],[Allowed Hours]]<25.3,25.3,Table13813141516[[#This Row],[Allowed Hours]]>25.3,Table13813141516[[#This Row],[Allowed Hours]])} -> 25.3 | K53: 22.47 | L53: =K53-Table13813141516[[#This Row],[Adj Allowed Hrs]] -> -2.83
E54: NOLA North | F54: 2 | G54: 46 | H54: 0.79 | I54: =Table13813141516[[#This Row],[LHC]]*Table13813141516[[#This Row],[Cars WTD (EDIT)]] -> 36.34 | J54: {=_xlfn.IFS(Table13813141516[[#This Row],[Allowed Hours]]=0,0,Table13813141516[[#This Row],[Allowed Hours]]<25.3,25.3,Table13813141516[[#This Row],[Allowed Hours]]>25.3,Table13813141516[[#This Row],[Allowed Hours]])} -> 36.34 | K54: 24.74 | L54: =K54-Table13813141516[[#This Row],[Adj Allowed Hrs]] -> -11.6
E55: NOLA North | F55: 4 | G55: 60 | H55: 0.79 | I55: =Table13813141516[[#This Row],[LHC]]*Table13813141516[[#This Row],[Cars WTD (EDIT)]] -> 47.4 | J55: {=_xlfn.IFS(Table13813141516[[#This Row],[Allowed Hours]]=0,0,Table13813141516[[#This Row],[Allowed Hours]]<25.3,25.3,Table13813141516[[#This Row],[Allowed Hours]]>25.3,Table13813141516[[#This Row],[Allowed Hours]])} -> 47.4 | K55: 55.79 | L55: =K55-Table13813141516[[#This Row],[Adj Allowed Hrs]] -> 8.39
E56: NOLA North | F56: 6 | G56: 47 | H56: 0.79 | I56: =Table13813141516[[#This Row],[LHC]]*Table13813141516[[#This Row],[Cars WTD (EDIT)]] -> 37.13 | J56: {=_xlfn.IFS(Table13813141516[[#This Row],[Allowed Hours]]=0,0,Table13813141516[[#This Row],[Allowed Hours]]<25.3,25.3,Table13813141516[[#This Row],[Allowed Hours]]>25.3,Table13813141516[[#This Row],[Allowed Hours]])} -> 37.13 | K56: 33.84 | L56: =K56-Table13813141516[[#This Row],[Adj Allowed Hrs]] -> -3.29
E57: NOLA North | F57: 15 | G57: 61 | H57: 0.79 | I57: =Table13813141516[[#This Row],[LHC]]*Table13813141516[[#This Row],[Cars WTD (EDIT)]] -> 48.19 | J57: {=_xlfn.IFS(Table13813141516[[#This Row],[Allowed Hours]]=0,0,Table13813141516[[#This Row],[Allowed Hours]]<25.3,25.3,Table13813141516[[#This Row],[Allowed Hours]]>25.3,Table13813141516[[#This Row],[Allowed Hours]])} -> 48.19 | K57: 54 | L57: =K57-Table13813141516[[#This Row],[Adj Allowed Hrs]] -> 5.81
E58: NOLA North | F58: 28 | G58: 45 | H58: 0.79 | I58: =Table13813141516[[#This Row],[LHC]]*Table13813141516[[#This Row],[Cars WTD (EDIT)]] -> 35.55 | J58: {=_xlfn.IFS(Table13813141516[[#This Row],[Allowed Hours]]=0,0,Table13813141516[[#This Row],[Allowed Hours]]<25.3,25.3,Table13813141516[[#This Row],[Allowed Hours]]>25.3,Table13813141516[[#This Row],[Allowed Hours]])} -> 35.55 | K58: 39.59 | L58: =K58-Table13813141516[[#This Row],[Adj Allowed Hrs]] -> 4.04
E59: NOLA North | F59: 32 | G59: 47 | H59: 0.79 | I59: =Table13813141516[[#This Row],[LHC]]*Table13813141516[[#This Row],[Cars WTD (EDIT)]] -> 37.13 | J59: {=_xlfn.IFS(Table13813141516[[#This Row],[Allowed Hours]]=0,0,Table13813141516[[#This Row],[Allowed Hours]]<25.3,25.3,Table13813141516[[#This Row],[Allowed Hours]]>25.3,Table13813141516[[#This Row],[Allowed Hours]])} -> 37.13 | K59: 25.73 | L59: =K59-Table13813141516[[#This Row],[Adj Allowed Hrs]] -> -11.4
E60: NOLA North | F60: 606 | G60: 51 | H60: 0.79 | I60: =Table13813141516[[#This Row],[LHC]]*Table13813141516[[#This Row],[Cars WTD (EDIT)]] -> 40.29 | J60: {=_xlfn.IFS(Table13813141516[[#This Row],[Allowed Hours]]=0,0,Table13813141516[[#This Row],[Allowed Hours]]<25.3,25.3,Table13813141516[[#This Row],[Allowed Hours]]>25.3,Table13813141516[[#This Row],[Allowed Hours]])} -> 40.29 | K60: 37.23 | L60: =K60-Table13813141516[[#This Row],[Adj Allowed Hrs]] -> -3.06
E61: NOLA North | F61: 999 | G61: 30 | H61: 0.79 | I61: =Table13813141516[[#This Row],[LHC]]*Table13813141516[[#This Row],[Cars WTD (EDIT)]] -> 23.7 | J61: {=_xlfn.IFS(Table13813141516[[#This Row],[Allowed Hours]]=0,0,Table13813141516[[#This Row],[Allowed Hours]]<25.3,25.3,Table13813141516[[#This Row],[Allowed Hours]]>25.3,Table13813141516[[#This Row],[Allowed Hours]])} -> 25.3 | K61: 26.41 | L61: =K61-Table13813141516[[#This Row],[Adj Allowed Hrs]] -> 1.11
E62: NOLA South | F62: 8 | H62: 0.79 | I62: =Table13813141516[[#This Row],[LHC]]*Table13813141516[[#This Row],[Cars WTD (EDIT)]] -> 0 | J62: {=_xlfn.IFS(Table13813141516[[#This Row],[Allowed Hours]]=0,0,Table13813141516[[#This Row],[Allowed Hours]]<25.3,25.3,Table13813141516[[#This Row],[Allowed Hours]]>25.3,Table13813141516[[#This Row],[Allowed Hours]])} -> 0 | L62: =K62-Table13813141516[[#This Row],[Adj Allowed Hrs]] -> 0
E63: NOLA South | F63: 10 | H63: 0.79 | I63: =Table13813141516[[#This Row],[LHC]]*Table13813141516[[#This Row],[Cars WTD (EDIT)]] -> 0 | J63: {=_xlfn.IFS(Table13813141516[[#This Row],[Allowed Hours]]=0,0,Table13813141516[[#This Row],[Allowed Hours]]<25.3,25.3,Table13813141516[[#This Row],[Allowed Hours]]>25.3,Table13813141516[[#This Row],[Allowed Hours]])} -> 0 | L63: =K63-Table13813141516[[#This Row],[Adj Allowed Hrs]] -> 0
E64: NOLA South | F64: 12 | H64: 0.79 | I64: =Table13813141516[[#This Row],[LHC]]*Table13813141516[[#This Row],[Cars WTD (EDIT)]] -> 0 | J64: {=_xlfn.IFS(Table13813141516[[#This Row],[Allowed Hours]]=0,0,Table13813141516[[#This Row],[Allowed Hours]]<25.3,25.3,Table13813141516[[#This Row],[Allowed Hours]]>25.3,Table13813141516[[#This Row],[Allowed Hours]])} -> 0 | L64: =K64-Table13813141516[[#This Row],[Adj Allowed Hrs]] -> 0
E65: NOLA South | F65: 13 | H65: 0.79 | I65: =Table13813141516[[#This Row],[LHC]]*Table13813141516[[#This Row],[Cars WTD (EDIT)]] -> 0 | J65: {=_xlfn.IFS(Table13813141516[[#This Row],[Allowed Hours]]=0,0,Table13813141516[[#This Row],[Allowed Hours]]<25.3,25.3,Table13813141516[[#This Row],[Allowed Hours]]>25.3,Table13813141516[[#This Row],[Allowed Hours]])} -> 0 | L65: =K65-Table13813141516[[#This Row],[Adj Allowed Hrs]] -> 0
E66: NOLA South | F66: 31 | H66: 0.79 | I66: =Table13813141516[[#This Row],[LHC]]*Table13813141516[[#This Row],[Cars WTD (EDIT)]] -> 0 | J66: {=_xlfn.IFS(Table13813141516[[#This Row],[Allowed Hours]]=0,0,Table13813141516[[#This Row],[Allowed Hours]]<25.3,25.3,Table13813141516[[#This Row],[Allowed Hours]]>25.3,Table13813141516[[#This Row],[Allowed Hours]])} -> 0 | L66: =K66-Table13813141516[[#This Row],[Adj Allowed Hrs]] -> 0
E67: NOLA South | F67: 92 | H67: 0.79 | I67: =Table13813141516[[#This Row],[LHC]]*Table13813141516[[#This Row],[Cars WTD (EDIT)]] -> 0 | J67: {=_xlfn.IFS(Table13813141516[[#This Row],[Allowed Hours]]=0,0,Table13813141516[[#This Row],[Allowed Hours]]<25.3,25.3,Table13813141516[[#This Row],[Allowed Hours]]>25.3,Table13813141516[[#This Row],[Allowed Hours]])} -> 0 | L67: =K67-Table13813141516[[#This Row],[Adj Allowed Hrs]] -> 0
E68: NOLA South | F68: 116 | H68: 0.79 | I68: =Table13813141516[[#This Row],[LHC]]*Table13813141516[[#This Row],[Cars WTD (EDIT)]] -> 0 | J68: {=_xlfn.IFS(Table13813141516[[#This Row],[Allowed Hours]]=0,0,Table13813141516[[#This Row],[Allowed Hours]]<25.3,25.3,Table13813141516[[#This Row],[Allowed Hours]]>25.3,Table13813141516[[#This Row],[Allowed Hours]])} -> 0 | L68: =K68-Table13813141516[[#This Row],[Adj Allowed Hrs]] -> 0
E69: NOLA South | F69: 870 | H69: 0.79 | I69: =Table13813141516[[#This Row],[LHC]]*Table13813141516[[#This Row],[Cars WTD (EDIT)]] -> 0 | J69: {=_xlfn.IFS(Table13813141516[[#This Row],[Allowed Hours]]=0,0,Table13813141516[[#This Row],[Allowed Hours]]<25.3,25.3,Table13813141516[[#This Row],[Allowed Hours]]>25.3,Table13813141516[[#This Row],[Allowed Hours]])} -> 0 | L69: =K69-Table13813141516[[#This Row],[Adj Allowed Hrs]] -> 0
E70: NOLA South | F70: 3004 | H70: 0.79 | I70: =Table13813141516[[#This Row],[LHC]]*Table13813141516[[#This Row],[Cars WTD (EDIT)]] -> 0 | J70: {=_xlfn.IFS(Table13813141516[[#This Row],[Allowed Hours]]=0,0,Table13813141516[[#This Row],[Allowed Hours]]<25.3,25.3,Table13813141516[[#This Row],[Allowed Hours]]>25.3,Table13813141516[[#This Row],[Allowed Hours]])} -> 0 | L70: =K70-Table13813141516[[#This Row],[Adj Allowed Hrs]] -> 0

Sheet Saturday
B2: Minimum Hours WTD - KEY | E2: District | F2: Cars | G2: LHC | H2: Allowed Hours | I2: Actual Hours | J2: Hours Variance
B3: Sunday | C3: 20 | E3: Baton Rouge North | F3: =SUM(G14:G21) -> 0 | G3: 0.79 | H3: =SUM(I14:I21) -> 0 | I3: =SUM(K14:K21) -> 0 | J3: =SUM(L14:L21) -> 0
B4: Monday | C4: 45.3 | E4: Baton Rouge South | F4: =SUM(G22:G28) -> 0 | G4: 0.79 | H4: =SUM(I22:I28) -> 0 | I4: =SUM(K22:K28) -> 0 | J4: =SUM(L22:L28) -> 0
B5: Tuesday | C5: 70.6 | E5: Gulf Coast North | F5: =SUM(G29:G37) -> 0 | G5: 0.79 | H5: =SUM(I29:I37) -> 0 | I5: =SUM(K29:K37) -> 0 | J5: =SUM(L29:L37) -> 0
B6: Wednesday | C6: 95.93 | E6: Lafayette | F6: =SUM(G38:G45) -> 0 | G6: 0.79 | H6: =SUM(I38:I45) -> 0 | I6: =SUM(K38:K45) -> 0 | J6: =SUM(L38:L45) -> 0
B7: Thursday | C7: 121.23 | E7: Gulf Coast West | F7: =SUM(G46:G52) -> 0 | G7: 0.79 | H7: =SUM(I46:I52) -> 0 | I7: =SUM(K46:K52) -> 0 | J7: =SUM(L46:L52) -> 0
B8: Friday | C8: 146.53 | E8: Nola North | F8: =SUM(G53:G61) -> 0 | G8: 0.79 | H8: =SUM(I53:I61) -> 0 | I8: =SUM(K53:K61) -> 0 | J8: =SUM(L53:L61) -> 0
B9: Saturday | C9: 171.8 | E9: Nola South | F9: =SUM(G62:G70) -> 0 | G9: 0.79 | H9: =SUM(I62:I70) -> 0 | I9: =SUM(K62:K70) -> 0 | J9: =SUM(L62:L70) -> 0
E10: Region | F10: =SUM(F3:F9) -> 0 | G10: 0.79 | H10: =SUM(H3:H9) -> 0 | I10: =SUM(I3:I9) -> 0 | J10: =SUM(J3:J9) -> 0
E13: District | F13: Store | G13: Cars WTD (EDIT) | H13: LHC | I13: Allowed Hours | J13: Adj Allowed Hrs | K13: Actual Hours (EDIT) | L13: Hours Variance
E14: Baton Rouge North | F14: 17 | H14: 0.79 | I14: =Table138131415[[#This Row],[LHC]]*Table138131415[[#This Row],[Cars WTD (EDIT)]] -> 0 | J14: {=_xlfn.IFS(Table138131415[[#This Row],[Allowed Hours]]=0,0,Table138131415[[#This Row],[Allowed Hours]]<25.3,25.3,Table138131415[[#This Row],[Allowed Hours]]>25.3,Table138131415[[#This Row],[Allowed Hours]])} -> 0 | L14: =K14-Table138131415[[#This Row],[Adj Allowed Hrs]] -> 0
E15: Baton Rouge North | F15: 22 | H15: 0.79 | I15: =Table138131415[[#This Row],[LHC]]*Table138131415[[#This Row],[Cars WTD (EDIT)]] -> 0 | J15: {=_xlfn.IFS(Table138131415[[#This Row],[Allowed Hours]]=0,0,Table138131415[[#This Row],[Allowed Hours]]<25.3,25.3,Table138131415[[#This Row],[Allowed Hours]]>25.3,Table138131415[[#This Row],[Allowed Hours]])} -> 0 | L15: =K15-Table138131415[[#This Row],[Adj Allowed Hrs]] -> 0
E16: Baton Rouge North | F16: 641 | H16: 0.79 | I16: =Table138131415[[#This Row],[LHC]]*Table138131415[[#This Row],[Cars WTD (EDIT)]] -> 0 | J16: {=_xlfn.IFS(Table138131415[[#This Row],[Allowed Hours]]=0,0,Table138131415[[#This Row],[Allowed Hours]]<25.3,25.3,Table138131415[[#This Row],[Allowed Hours]]>25.3,Table138131415[[#This Row],[Allowed Hours]])} -> 0 | L16: =K16-Table138131415[[#This Row],[Adj Allowed Hrs]] -> 0
E17: Baton Rouge North | F17: 717 | H17: 0.79 | I17: =Table138131415[[#This Row],[LHC]]*Table138131415[[#This Row],[Cars WTD (EDIT)]] -> 0 | J17: {=_xlfn.IFS(Table138131415[[#This Row],[Allowed Hours]]=0,0,Table138131415[[#This Row],[Allowed Hours]]<25.3,25.3,Table138131415[[#This Row],[Allowed Hours]]>25.3,Table138131415[[#This Row],[Allowed Hours]])} -> 0 | L17: =K17-Table138131415[[#This Row],[Adj Allowed Hrs]] -> 0
E18: Baton Rouge North | F18: 843 | H18: 0.79 | I18: =Table138131415[[#This Row],[LHC]]*Table138131415[[#This Row],[Cars WTD (EDIT)]] -> 0 | J18: {=_xlfn.IFS(Table138131415[[#This Row],[Allowed Hours]]=0,0,Table138131415[[#This Row],[Allowed Hours]]<25.3,25.3,Table138131415[[#This Row],[Allowed Hours]]>25.3,Table138131415[[#This Row],[Allowed Hours]])} -> 0 | L18: =K18-Table138131415[[#This Row],[Adj Allowed Hrs]] -> 0
E19: Baton Rouge North | F19: 881 | H19: 0.79 | I19: =Table138131415[[#This Row],[LHC]]*Table138131415[[#This Row],[Cars WTD (EDIT)]] -> 0 | J19: {=_xlfn.IFS(Table138131415[[#This Row],[Allowed Hours]]=0,0,Table138131415[[#This Row],[Allowed Hours]]<25.3,25.3,Table138131415[[#This Row],[Allowed Hours]]>25.3,Table138131415[[#This Row],[Allowed Hours]])} -> 0 | L19: =K19-Table138131415[[#This Row],[Adj Allowed Hrs]] -> 0
E20: Baton Rouge North | F20: 953 | H20: 0.79 | I20: =Table138131415[[#This Row],[LHC]]*Table138131415[[#This Row],[Cars WTD (EDIT)]] -> 0 | J20: {=_xlfn.IFS(Table138131415[[#This Row],[Allowed Hours]]=0,0,Table138131415[[#This Row],[Allowed Hours]]<25.3,25.3,Table138131415[[#This Row],[Allowed Hours]]>25.3,Table138131415[[#This Row],[Allowed Hours]])} -> 0 | L20: =K20-Table138131415[[#This Row],[Adj Allowed Hrs]] -> 0
E21: Baton Rouge North | F21: 3040 | H21: 0.79 | I21: =Table138131415[[#This Row],[LHC]]*Table138131415[[#This Row],[Cars WTD (EDIT)]] -> 0 | J21: {=_xlfn.IFS(Table138131415[[#This Row],[Allowed Hours]]=0,0,Table138131415[[#This Row],[Allowed Hours]]<25.3,25.3,Table138131415[[#This Row],[Allowed Hours]]>25.3,Table138131415[[#This Row],[Allowed Hours]])} -> 0 | L21: =K21-Table138131415[[#This Row],[Adj Allowed Hrs]] -> 0
E22: Baton Rouge South | F22: 18 | H22: 0.79 | I22: =Table138131415[[#This Row],[LHC]]*Table138131415[[#This Row],[Cars WTD (EDIT)]] -> 0 | J22: {=_xlfn.IFS(Table138131415[[#This Row],[Allowed Hours]]=0,0,Table138131415[[#This Row],[Allowed Hours]]<25.3,25.3,Table138131415[[#This Row],[Allowed Hours]]>25.3,Table138131415[[#This Row],[Allowed Hours]])} -> 0 | L22: =K22-Table138131415[[#This Row],[Adj Allowed Hrs]] -> 0
E23: Baton Rouge South | F23: 19 | H23: 0.79 | I23: =Table138131415[[#This Row],[LHC]]*Table138131415[[#This Row],[Cars WTD (EDIT)]] -> 0 | J23: {=_xlfn.IFS(Table138131415[[#This Row],[Allowed Hours]]=0,0,Table138131415[[#This Row],[Allowed Hours]]<25.3,25.3,Table138131415[[#This Row],[Allowed Hours]]>25.3,Table138131415[[#This Row],[Allowed Hours]])} -> 0 | L23: =K23-Table138131415[[#This Row],[Adj Allowed Hrs]] -> 0
E24: Baton Rouge South | F24: 282 | H24: 0.79 | I24: =Table138131415[[#This Row],[LHC]]*Table138131415[[#This Row],[Cars WTD (EDIT)]] -> 0 | J24: {=_xlfn.IFS(Table138131415[[#This Row],[Allowed Hours]]=0,0,Table138131415[[#This Row],[Allowed Hours]]<25.3,25.3,Table138131415[[#This Row],[Allowed Hours]]>25.3,Table138131415[[#This Row],[Allowed Hours]])} -> 0 | L24: =K24-Table138131415[[#This Row],[Adj Allowed Hrs]] -> 0
E25: Baton Rouge South | F25: 447 | H25: 0.79 | I25: =Table138131415[[#This Row],[LHC]]*Table138131415[[#This Row],[Cars WTD (EDIT)]] -> 0 | J25: {=_xlfn.IFS(Table138131415[[#This Row],[Allowed Hours]]=0,0,Table138131415[[#This Row],[Allowed Hours]]<25.3,25.3,Table138131415[[#This Row],[Allowed Hours]]>25.3,Table138131415[[#This Row],[Allowed Hours]])} -> 0 | L25: =K25-Table138131415[[#This Row],[Adj Allowed Hrs]] -> 0
... E70: NOLA South | F70: 3004 | H70: 0.79 | I70: =Table138131415[[#This Row],[LHC]]*Table138131415[[#This Row],[Cars WTD (EDIT)]] -> 0 | J70: {=_xlfn.IFS(Table138131415[[#This Row],[Allowed Hours]]=0,0,Table138131415[[#This Row],[Allowed Hours]]<25.3,25.3,Table138131415[[#This Row],[Allowed Hours]]>25.3,Table138131415[[#This Row],[Allowed Hours]])} -> 0 | L70: =K70-Table138131415[[#This Row],[Adj Allowed Hrs]] -> 0

Sheet WTD
C2: Sunday | D2: Monday | E2: Tuesday | F2: Wednesday | G2: Thursday | H2: Friday | I2: Saturday | J2: WTD Variances | K2: WTD Actual | L2: Adj Allow | M2: Adj WTD Variance | O2: PTO Days | P2: Vacant Shops | Q2: Total Hours | R2: Full Adj Hours End of Week
B3: Baton Rouge North | C3: =Sunday!J3 -> -16.2 | D3: =Monday!J3 -> -11.09 | E3: =Tuesday!J3 -> 10.9 | F3: =Wednesday!J3 -> 28.86 | G3: =Thursday!J3 -> -23.15 | H3: =Friday!J3 -> 0 | I3: =Saturday!J3 -> 0 | J3: =SUM(C3:I3) -> -10.68 | K3: =SUM(Sunday!I3+Monday!I3+Tuesday!I3+Wednesday!I3+Thursday!I3+Friday!I3+Saturday!I3) -> 837.72 | L3: =SUM(M14:M21) -> 1204 | M3: =K3-L3 -> -366.28 | O3: 0 | P3: 0 | Q3: =(O3*10)+(P3*50) -> 0 | R3: =M3-Q3 -> -366.28
B4: Baton Rouge South | C4: =Sunday!J4 -> -23.84 | D4: =Monday!J4 -> 6.63 | E4: =Tuesday!J4 -> 33.12 | F4: =Wednesday!J4 -> 43.92 | G4: =Thursday!J4 -> 11.44 | H4: =Friday!J4 -> 29.7 | I4: =Saturday!J4 -> 0 | J4: =SUM(C4:I4) -> 100.97 | K4: =SUM(Sunday!I4+Monday!I4+Tuesday!I4+Wednesday!I4+Thursday!I4+Friday!I4+Saturday!I4) -> 1147.7 | L4: =SUM(M22:M28) -> 1204 | M4: =K4-L4 -> -56.3 | O4: 5 | P4: 1 | Q4: =(O4*10)+(P4*50) -> 100 | R4: =M4-Q4 -> -156.3
B5: Gulf Coast North | C5: =Sunday!J5 -> -2.53 | D5: =Monday!J5 -> -3.7 | E5: =Tuesday!J5 -> -20.43 | F5: =Wednesday!J5 -> -1.55 | G5: =Thursday!J5 -> 1.69 | H5: =Friday!J5 -> -12.39 | I5: =Saturday!J5 -> 0 | J5: =SUM(C5:I5) -> -38.91 | K5: =SUM(Sunday!I5+Monday!I5+Tuesday!I5+Wednesday!I5+Thursday!I5+Friday!I5+Saturday!I5) -> 1566 | L5: =SUM(M29:M37) -> 1731.72 | M5: =K5-L5 -> -165.72 | O5: 2 | P5: 0 | Q5: =(O5*10)+(P5*50) -> 20 | R5: =M5-Q5 -> -185.72
B6: Lafayette | C6: =Sunday!J6 -> -24.96 | D6: =Monday!J6 -> 1.58 | E6: =Tuesday!J6 -> -11.97 | F6: =Wednesday!J6 -> 14.62 | G6: =Thursday!J6 -> -18.14 | H6: =Friday!J6 -> -44.93 | I6: =Saturday!J6 -> 0 | J6: =SUM(C6:I6) -> -83.8 | K6: =SUM(Sunday!I6+Monday!I6+Tuesday!I6+Wednesday!I6+Thursday!I6+Friday!I6+Saturday!I6) -> 1159.93 | L6: =SUM(M38:M45) -> 1418.09 | M6: =K6-L6 -> -258.16 | O6: 0 | P6: 0 | Q6: =(O6*10)+(P6*50) -> 0 | R6: =M6-Q6 -> -258.16
B7: Gulf Coast West | C7: =Sunday!J7 -> -26.49 | D7: =Monday!J7 -> 2.3 | E7: =Tuesday!J7 -> -1.55 | F7: =Wednesday!J7 -> -6.09 | G7: =Thursday!J7 -> -21.43 | H7: =Friday!J7 -> 0 | I7: =Saturday!J7 -> 0 | J7: =SUM(C7:I7) -> -53.26 | K7: =SUM(Sunday!I7+Monday!I7+Tuesday!I7+Wednesday!I7+Thursday!I7+Friday!I7+Saturday!I7) -> 818.72 | L7: =SUM(M46:M52) -> 1204 | M7: =K7-L7 -> -385.28 | O7: 0 | P7: 0 | Q7: =(O7*10)+(P7*50) -> 0 | R7: =M7-Q7 -> -385.28
B8: NOLA North | C8: =Sunday!J8 -> -6.54 | D8: =Monday!J8 -> 9.23 | E8: =Tuesday!J8 -> 19.94 | F8: =Wednesday!J8 -> 25.14 | G8: =Thursday!J8 -> 20.78 | H8: =Friday!J8 -> -12.83 | I8: =Saturday!J8 -> 0 | J8: =SUM(C8:I8) -> 55.72 | K8: =SUM(Sunday!I8+Monday!I8+Tuesday!I8+Wednesday!I8+Thursday!I8+Friday!I8+Saturday!I8) -> 1794.92 | L8: =SUM(M53:M61) -> 1776.05 | M8: =K8-L8 -> 18.87 | O8: 7 | P8: 1 | Q8: =(O8*10)+(P8*50) -> 120 | R8: =M8-Q8 -> -101.13
B9: NOLA South | C9: =Sunday!J9 -> 8.22 | D9: =Monday!J9 -> 17.99 | E9: =Tuesday!J9 -> 6.91 | F9: =Wednesday!J9 -> 28.53 | G9: =Thursday!J9 -> 34.72 | H9: =Friday!J9 -> 0 | I9: =Saturday!J9 -> 0 | J9: =SUM(C9:I9) -> 96.37 | K9: =SUM(Sunday!I9+Monday!I9+Tuesday!I9+Wednesday!I9+Thursday!I9+Friday!I9+Saturday!I9) -> 1410.36 | L9: =SUM(M62:M70) -> 1581.4 | M9: =K9-L9 -> -171.04 | O9: 4 | P9: 1 | Q9: =(O9*10)+(P9*50) -> 90 | R9: =M9-Q9 -> -261.04
B10: Gulf Coast Region | C10: =SUM(C3:C9) -> -92.34 | D10: =SUM(D3:D9) -> 22.94 | E10: =SUM(E3:E9) -> 36.92 | F10: =SUM(F3:F9) -> 133.43 | G10: =SUM(G3:G9) -> 5.91 | H10: =SUM(H3:H9) -> -40.45 | I10: =SUM(I3:I9) -> 0 | J10: =SUM(J3:J9) -> 66.41 | K10: =Sunday!H10+Monday!H10+Tuesday!H10+Wednesday!H10+Thursday!H10+Friday!H10+Saturday!H10 -> 6970.17 | L10: =SUM(L3:L9) -> 10119.26 | M10: =SUM(M3:M9) -> -1383.91 | O10: =SUM(O3:O9) -> 18 | P10: =SUM(P3:P9) -> 3 | Q10: =(O10*10)+(P10*50) -> 330 | R10: =M10-Q10 -> -1713.91
B13: District | C13: Store | D13: Sunday | E13: Monday | F13: Tuesday | G13: Wednesday | H13: Thursday | I13: Friday | J13: Saturday | K13: WTD Actual | L13: WTD Allow Hrs | M13: Adj Allow | N13: True WTD Variance | P13: District | Q13: Store | R13: Rolling Totals | S13: % Variance
B14: Baton Rouge North | C14: 17 | D14: =Sunday!K15 -> 16.98 | E14: =Monday!K14 -> 16.75 | F14: =Tuesday!K14 -> 24.3 | G14: =Wednesday!K14 -> 19.88 | H14: =Thursday!K14 -> 22.13 | I14: =Friday!K14 -> 0 | J14: =Saturday!K14 -> 0 | K14: =SUM(D14:J14) -> 100.04 | L14: =Sunday!I15+Monday!I14+Tuesday!I14+Wednesday!I14+Thursday!I14+Friday!I14+Saturday!I14 -> 71.89 | M14: {=_xlfn.IFS(L14=0,0,L14<172,172,L14>172,L14)} -> 172 | N14: =K14-M14 -> -71.96 | P14: Baton Rouge North | Q14: 17 | R14: =Sunday!L15+Table13[[#This Row],[Hours Variance]]+Table138[[#This Row],[Hours Variance]]+Table13813[[#This Row],[Hours Variance]]+Table1381314[[#This Row],[Hours Variance]]+Table13813141516[[#This Row],[Hours Variance]]+Table138131415[[#This Row],[Hours Variance]] -> -21.16 | S14: =R14/L14 -> -0.29433857
B15: Baton Rouge North | C15: 22 | D15: =Sunday!K16 -> 22.79 | E15: =Monday!K15 -> 19.89 | F15: =Tuesday!K15 -> 43.37 | G15: =Wednesday!K15 -> 29.3 | H15: =Thursday!K15 -> 26.76 | I15: =Friday!K15 -> 0 | J15: =Saturday!K15 -> 0 | K15: =SUM(D15:J15) -> 142.11 | L15: =Sunday!I16+Monday!I15+Tuesday!I15+Wednesday!I15+Thursday!I15+Friday!I15+Saturday!I15 -> 96.38 | M15: {=_xlfn.IFS(L15=0,0,L15<172,172,L15>172,L15)} -> 172 | N15: =K15-M15 -> -29.89 | P15: Baton Rouge North | Q15: 22 | R15: =Sunday!L16+Table13[[#This Row],[Hours Variance]]+Table138[[#This Row],[Hours Variance]]+Table13813[[#This Row],[Hours Variance]]+Table1381314[[#This Row],[Hours Variance]]+Table13813141516[[#This Row],[Hours Variance]]+Table138131415[[#This Row],[Hours Variance]] -> 20.91 | S15: =R15/L15 -> 0.21695372
B16: Baton Rouge North | C16: 641 | D16: =Sunday!K17 -> 16.75 | E16: =Monday!K16 -> 25.41 | F16: =Tuesday!K16 -> 25.14 | G16: =Wednesday!K16 -> 37.17 | H16: =Thursday!K16 -> 23.42 | I16: =Friday!K16 -> 0 | J16: =Saturday!K16 -> 0 | K16: =SUM(D16:J16) -> 127.89 | L16: =Sunday!I17+Monday!I16+Tuesday!I16+Wednesday!I16+Thursday!I16+Friday!I16+Saturday!I16 -> 87.69 | M16: {=_xlfn.IFS(L16=0,0,L16<172,172,L16>172,L16)} -> 172 | N16: =K16-M16 -> -44.11 | P16: Baton Rouge North | Q16: 641 | R16: =Sunday!L17+Table13[[#This Row],[Hours Variance]]+Table138[[#This Row],[Hours Variance]]+Table13813[[#This Row],[Hours Variance]]+Table1381314[[#This Row],[Hours Variance]]+Table13813141516[[#This Row],[Hours Variance]]+Table138131415[[#This Row],[Hours Variance]] -> 6.69 | S16: =R16/L16 -> 0.076291481
B17: Baton Rouge North | C17: 717 | D17: =Sunday!K18 -> 22.96 | E17: =Monday!K17 -> 23.39 | F17: =Tuesday!K17 -> 25.84 | G17: =Wednesday!K17 -> 34.87 | H17: =Thursday!K17 -> 24.29 | I17: =Friday!K17 -> 0 | J17: =Saturday!K17 -> 0 | K17: =SUM(D17:J17) -> 131.35 | L17: =Sunday!I18+Monday!I17+Tuesday!I17+Wednesday!I17+Thursday!I17+Friday!I17+Saturday!I17 -> 83.74 | M17: {=_xlfn.IFS(L17=0,0,L17<172,172,L17>172,L17)} -> 172 | N17: =K17-M17 -> -40.65 | P17: Baton Rouge North | Q17: 717 | R17: =Sunday!L18+Table13[[#This Row],[Hours Variance]]+Table138[[#This Row],[Hours Variance]]+Table13813[[#This Row],[Hours Variance]]+Table1381314[[#This Row],[Hours Variance]]+Table13813141516[[#This Row],[Hours Variance]]+Table138131415[[#This Row],[Hours Variance]] -> 10.15 | S17: =R17/L17 -> 0.1212085
B18: Baton Rouge North | C18: 843 | D18: =Sunday!K19 -> 15.43 | E18: =Monday!K18 -> 22.13 | F18: =Tuesday!K18 -> 15.65 | G18: =Wednesday!K18 -> 23.99 | H18: =Thursday!K18 -> 1.46 | I18: =Friday!K18 -> 0 | J18: =Saturday!K18 -> 0 | K18: =SUM(D18:J18) -> 78.66 | L18: =Sunday!I19+Monday!I18+Tuesday!I18+Wednesday!I18+Thursday!I18+Friday!I18+Saturday!I18 -> 14.22 | M18: {=_xlfn.IFS(L18=0,0,L18<172,172,L18>172,L18)} -> 172 | N18: =K18-M18 -> -93.34 | P18: Baton Rouge North | Q18: 843 | R18: =Sunday!L19+Table13[[#This Row],[Hours Variance]]+Table138[[#This Row],[Hours Variance]]+Table13813[[#This Row],[Hours Variance]]+Table1381314[[#This Row],[Hours Variance]]+Table13813141516[[#This Row],[Hours Variance]]+Table138131415[[#This Row],[Hours Variance]] -> -42.54 | S18: =R18/L18 -> -2.9915612
B19: Baton Rouge North | C19: 881 | D19: =Sunday!K20 -> 12.92 | E19: =Monday!K19 -> 17.31 | F19: =Tuesday!K19 -> 19.2 | G19: =Wednesday!K19 -> 33.69 | H19: =Thursday!K19 -> 19.73 | I19: =Friday!K19 -> 0 | J19: =Saturday!K19 -> 0 | K19: =SUM(D19:J19) -> 102.85 | L19: =Sunday!I20+Monday!I19+Tuesday!I19+Wednesday!I19+Thursday!I19+Friday!I19+Saturday!I19 -> 59.25 | M19: {=_xlfn.IFS(L19=0,0,L19<172,172,L19>172,L19)} -> 172 | N19: =K19-M19 -> -69.15 | P19: Baton Rouge North | Q19: 881 | R19: =Sunday!L20+Table13[[#This Row],[Hours Variance]]+Table138[[#This Row],[Hours Variance]]+Table13813[[#This Row],[Hours Variance]]+Table1381314[[#This Row],[Hours Variance]]+Table13813141516[[#This Row],[Hours Variance]]+Table138131415[[#This Row],[Hours Variance]] -> -18.35 | S19: =R19/L19 -> -0.30970464
B20: Baton Rouge North | C20: 953 | D20: =Sunday!K21 -> 15.97 | E20: =Monday!K20 -> 21.01 | F20: =Tuesday!K20 -> 18.77 | G20: =Wednesday!K20 -> 16.64 | H20: =Thursday!K20 -> 20.71 | I20: =Friday!K20 -> 0 | J20: =Saturday!K20 -> 0 | K20: =SUM(D20:J20) -> 93.1 | L20: =Sunday!I21+Monday!I20+Tuesday!I20+Wednesday!I20+Thursday!I20+Friday!I20+Saturday!I20 -> 53.72 | M20: {=_xlfn.IFS(L20=0,0,L20<172,172,L20>172,L20)} -> 172 | N20: =K20-M20 -> -78.9 | P20: Baton Rouge North | Q20: 953 | R20: =Sunday!L21+Table13[[#This Row],[Hours Variance]]+Table138[[#This Row],[Hours Variance]]+Table13813[[#This Row],[Hours Variance]]+Table1381314[[#This Row],[Hours Variance]]+Table13813141516[[#This Row],[Hours Variance]]+Table138131415[[#This Row],[Hours Variance]] -> -28.1 | S20: =R20/L20 -> -0.52308265
B21: Baton Rouge North | C21: 3040 | D21: =Sunday!K22 -> 0 | E21: =Monday!K21 -> 20.12 | F21: =Tuesday!K21 -> 15.73 | G21: =Wednesday!K21 -> 10.42 | H21: =Thursday!K21 -> 15.45 | I21: =Friday!K21 -> 0 | J21: =Saturday!K21 -> 0 | K21: =SUM(D21:J21) -> 61.72 | L21: =Sunday!I22+Monday!I21+Tuesday!I21+Wednesday!I21+Thursday!I21+Friday!I21+Saturday!I21 -> 0 | M21: {=_xlfn.IFS(L21=0,0,L21<172,172,L21>172,L21)} -> 0 | N21: =K21-M21 -> 61.72 | P21: Baton Rouge North | Q21: 3040 | R21: =Sunday!L22+Table13[[#This Row],[Hours Variance]]+Table138[[#This Row],[Hours Variance]]+Table13813[[#This Row],[Hours Variance]]+Table1381314[[#This Row],[Hours Variance]]+Table13813141516[[#This Row],[Hours Variance]]+Table138131415[[#This Row],[Hours Variance]] -> 61.72 | S21: =R21/L21 -> #DIV/0!
B22: Baton Rouge South | C22: 18 | D22: =Sunday!K23 -> 11.34 | E22: =Monday!K22 -> 35.38 | F22: =Tuesday!K22 -> 36.26 | G22: =Wednesday!K22 -> 37.34 | H22: =Thursday!K22 -> 24.84 | I22: =Friday!K22 -> 30.93 | J22: =Saturday!K22 -> 0 | K22: =SUM(D22:J22) -> 176.09 | L22: =Sunday!I23+Monday!I22+Tuesday!I22+Wednesday!I22+Thursday!I22+Friday!I22+Saturday!I22 -> 136.67 | M22: {=_xlfn.IFS(L22=0,0,L22<172,172,L22>172,L22)} -> 172 | N22: =K22-M22 -> 4.09 | P22: Baton Rouge South | Q22: 18 | R22: =Sunday!L23+Table13[[#This Row],[Hours Variance]]+Table138[[#This Row],[Hours Variance]]+Table13813[[#This Row],[Hours Variance]]+Table1381314[[#This Row],[Hours Variance]]+Table13813141516[[#This Row],[Hours Variance]]+Table138131415[[#This Row],[Hours Variance]] -> 21.75 | S22: =R22/L22 -> 0.15914246
B23: Baton Rouge South | C23: 19 | D23: =Sunday!K24 -> 18.61 | E23: =Monday!K23 -> 41 | F23: =Tuesday!K23 -> 32.01 | G23: =Wednesday!K23 -> 23.98 | H23: =Thursday!K23 -> 33.43 | I23: =Friday!K23 -> 33.07 | J23: =Saturday!K23 -> 0 | K23: =SUM(D23:J23) -> 182.1 | L23: =Sunday!I24+Monday!I23+Tuesday!I23+Wednesday!I23+Thursday!I23+Friday!I23+Saturday!I23 -> 107.44 | M23: {=_xlfn.IFS(L23=0,0,L23<172,172,L23>172,L23)} -> 172 | N23: =K23-M23 -> 10.1 | P23: Baton Rouge South | Q23: 19 | R23: =Sunday!L24+Table13[[#This Row],[Hours Variance]]+Table138[[#This Row],[Hours Variance]]+Table13813[[#This Row],[Hours Variance]]+Table1381314[[#This Row],[Hours Variance]]+Table13813141516[[#This Row],[Hours Variance]]+Table138131415[[#This Row],[Hours Variance]] -> 35.6 | S23: =R23/L23 -> 0.33134773
B24: Baton Rouge South | C24: 282 | D24: =Sunday!K25 -> 7.56 | E24: =Monday!K24 -> 8.47 | F24: =Tuesday!K24 -> 17.86 | G24: =Wednesday!K24 -> 18.57 | H24: =Thursday!K24 -> 10.89 | I24: =Friday!K24 -> 13.3 | J24: =Saturday!K24 -> 0 | K24: =SUM(D24:J24) -> 76.65 | L24: =Sunday!I25+Monday!I24+Tuesday!I24+Wednesday!I24+Thursday!I24+Friday!I24+Saturday!I24 -> 41.87 | M24: {=_xlfn.IFS(L24=0,0,L24<172,172,L24>172,L24)} -> 172 | N24: =K24-M24 -> -95.35 | P24: Baton Rouge South | Q24: 282 | R24: =Sunday!L25+Table13[[#This Row],[Hours Variance]]+Table138[[#This Row],[Hours Variance]]+Table13813[[#This Row],[Hours Variance]]+Table1381314[[#This Row],[Hours Variance]]+Table13813141516[[#This Row],[Hours Variance]]+Table138131415[[#This Row],[Hours Variance]] -> -69.85 | S24: =R24/L24 -> -1.6682589
B25: Baton Rouge South | C25: 447 | D25: =Sunday!K26 -> 16.73 | E25: =Monday!K25 -> 29.19 | F25: =Tuesday!K25 -> 32.98 | G25: =Wednesday!K25 -> 31.71 | H25: =Thursday!K25 -> 32.88 | I25: =Friday!K25 -> 28.39 | J25: =Saturday!K25 -> 0 | K25: =SUM(D25:J25) -> 171.88 | L25: =Sunday!I26+Monday!I25+Tuesday!I25+Wednesday!I25+Thursday!I25+Friday!I25+Saturday!I25 -> 95.59 | M25: {=_xlfn.IFS(L25=0,0,L25<172,172,L25>172,L25)} -> 172 | N25: =K25-M25 -> -0.12 | P25: Baton Rouge South | Q25: 447 | R25: =Sunday!L26+Table13[[#This Row],[Hours Variance]]+Table138[[#This Row],[Hours Variance]]+Table13813[[#This Row],[Hours Variance]]+Table1381314[[#This Row],[Hours Variance]]+Table13813141516[[#This Row],[Hours Variance]]+Table138131415[[#This Row],[Hours Variance]] -> 25.38 | S25: =R25/L25 -> 0.26550894
... B70: NOLA South | C70: 3004 | D70: =Sunday!K71 -> 20.11 | E70: =Monday!K70 -> 27.63 | F70: =Tuesday!K70 -> 20.19 | G70: =Wednesday!K70 -> 28.31 | H70: =Thursday!K70 -> 21.49 | I70: =Friday!K70 -> 0 | J70: =Saturday!K70 -> 0 | K70: =SUM(D70:J70) -> 117.73 | L70: =Sunday!I71+Monday!I70+Tuesday!I70+Wednesday!I70+Thursday!I70+Friday!I70+Saturday!I70 -> 47.4 | M70: {=_xlfn.IFS(L70=0,0,L70<172,172,L70>172,L70)} -> 172 | N70: =K70-M70 -> -54.27 | P70: NOLA South | Q70: 3004 | R70: =Sunday!L71+Table13[[#This Row],[Hours Variance]]+Table138[[#This Row],[Hours Variance]]+Table13813[[#This Row],[Hours Variance]]+Table1381314[[#This Row],[Hours Variance]]+Table13813141516[[#This Row],[Hours Variance]]+Table138131415[[#This Row],[Hours Variance]] -> -3.47 | S70: =R70/L70 -> -0.073206751
