Workbook
Name Slicer_District: #N/A
Name Slicer_District1: #N/A
Name Slicer_District2: #N/A
Name Slicer_District3: #N/A
Name Slicer_District4: #N/A
Name Slicer_District5: #N/A

Sheet P10 - 10-04
A1: District | B1: Lubricants/Oil +/- | C1: Oil +/- | D1: Oil Filters +/- | E1: Air Filters +/- | F1: Wipers +/- | G1: Cabins +/- | H1: Adjustment Variance | I1: On Time Counts | J1: Count Compliance | L1: Comp Sales | M1: Comp Attainment | N1: Big 4 | O1: Coolant | S1: Total Count Target | T1: 10
A2: =A12 -> Baton Rouge North | B2: =SUM(C12:C19) -> 1873.86 | C2: =SUM(D12:D19) -> 1258.76 | D2: =SUM(E12:E19) -> 3120 | E2: =SUM(F12:F19) -> 1848 | F2: =SUM(G12:G19) -> 98 | G2: =SUM(H12:H19) -> 375 | H2: =SUM(I12:I19) -> 10715.433 | I2: =SUM(J12:J19) -> 26 | J2: =I2/SUM(S12:S19) -> 0.43333333 | L2: =SUM(L12:L12) -> 4238.98 | M2: =((F2-G12)/L2)-100% -> -1.0087285 | N2: =SUM(N12:N12)/C2 -> 0 | O2: =SUM(P12:P12)/C2 -> 0.00015888652
A3: =A20 -> Baton Rouge South | B3: =SUM(C20:C26) -> 8854.1 | C3: =SUM(D20:D26) -> 8877.1 | D3: =SUM(E20:E26) -> -98 | E3: =SUM(F20:F26) -> -221 | F3: =SUM(G20:G26) -> -6 | G3: =SUM(H20:H26) -> 59 | H3: =SUM(I20:I26) -> 24224.69 | I3: =SUM(J20:J26) -> 50 | J3: =I3/SUM(S20:S26) -> 0.71428571 | L3: =SUM(L13:L13) -> 5844.34 | M3: =((F3-G13)/L3)-100% -> -0.99914447 | N3: =SUM(N13:N13)/C3 -> 0 | O3: =SUM(P13:P13)/C3 -> 9.0119521e-05
A4: =A27 -> Gulf Coast North | B4: =SUM(C27:C35) -> 2359 | C4: =SUM(D27:D35) -> 1764 | D4: =SUM(E27:E35) -> 251 | E4: =SUM(F27:F35) -> 27 | F4: =SUM(G27:G35) -> 35 | G4: =SUM(H27:H35) -> 1 | H4: =SUM(I27:I35) -> 7304.62 | I4: =SUM(J27:J35) -> 64 | J4: =I4/SUM(S27:S35) -> 0.71111111 | L4: =SUM(L14:L23) -> 52541.38 | M4: =(F4/L4)-100% -> -0.99933386 | N4: =SUM(N14:N23)/C4 -> 0 | O4: =SUM(P14:P23)/C4 -> #DIV/0!
A5: =A36 -> Gulf Coast West | B5: =SUM(C36:C42) -> 250 | C5: =SUM(D36:D42) -> 335 | D5: =SUM(E36:E42) -> -67 | E5: =SUM(F36:F42) -> 20 | F5: =SUM(G36:G42) -> -27 | G5: =SUM(H36:H42) -> 9 | H5: =SUM(I36:I42) -> 2935.66 | I5: =SUM(J36:J42) -> 43 | J5: =I5/SUM(S36:S42) -> 0.61428571 | L5: =SUM(L24:L36) -> 80972.98 | M5: =((F5-G34-G35-G36)/L5)-100% -> -1.0006792 | N5: =SUM(N24:N36)/C5 -> 0 | O5: =SUM(P24:P36)/C5 -> 0.028358209
A6: =A43 -> Lafayette | B6: =SUM(C43:C50) -> 360 | C6: =SUM(D43:D50) -> 222 | D6: =SUM(E43:E50) -> -55 | E6: =SUM(F43:F50) -> 18 | F6: =SUM(G43:G50) -> -20 | G6: =SUM(H43:H50) -> 15 | H6: =SUM(I43:I50) -> 1339.84 | I6: =SUM(J43:J50) -> 55 | J6: =I6/SUM(S43:S50) -> 0.6875
A7: =A51 -> NOLA North | B7: =SUM(C51:C59) -> 10467 | C7: =SUM(D51:D59) -> 4176 | D7: =SUM(E51:E59) -> 19 | E7: =SUM(F51:F59) -> -18 | F7: =SUM(G51:G59) -> -17 | G7: =SUM(H51:H59) -> -2 | H7: =SUM(I51:I59) -> 12242.56 | I7: =SUM(J51:J59) -> 71 | J7: =I7/SUM(S51:S59) -> 0.8875 | L7: =SUM(L37:L45) -> 38554.76 | M7: =(F7/L7)-100% -> -1.0004409 | N7: =SUM(N37:N45)/C7 -> 0 | O7: =SUM(P37:P45)/C7 -> 0.0014128352
A8: =A60 -> NOLA South | B8: =SUM(C60:C68) -> 3069 | C8: =SUM(D60:D68) -> 2143 | D8: =SUM(E60:E68) -> 44 | E8: =SUM(F60:F68) -> 1 | F8: =SUM(G60:G68) -> 37 | G8: =SUM(H60:H68) -> 16 | H8: =SUM(I60:I68) -> 7552.56 | I8: =SUM(J60:J68) -> 67 | J8: =I8/SUM(S60:S68) -> 0.74444444 | L8: =SUM(L46:L54) -> 19465.43 | M8: =((F8-G54)/L8)-100% -> -0.99804782 | N8: =SUM(N46:N54)/C8 -> 0.00046663556 | O8: =SUM(P46:P54)/C8 -> 0.0031264582
A9: Gulf Coast | B9: =SUM(B2:B8) -> 27232.96 | C9: =SUM(C2:C8) -> 18775.86 | D9: =SUM(D2:D8) -> 3214 | E9: =SUM(E2:E8) -> 1675 | F9: =SUM(F2:F8) -> 100 | G9: =SUM(G2:G8) -> 473 | H9: =SUM(H2:H8) -> 66315.363 | I9: =SUM(I2:I8) -> 376 | J9: =I9/SUM(S12:S68) -> 0.6962963 | L9: =SUM(L2:L8) -> 201617.87 | M9: =((F9-G12-G13-G34-G35-G36-G54)/L9)-100% -> -1.000253 | N9: {=SUM(Table17891011121323578[Big 4 Items]/C9)} -> 5.3259877e-05 | O9: =SUM(Table17891011121323578[Count Compliance2])/C9 -> #DIV/0!
A11: District | B11: Store | C11: Lubricants/Oil +/- | D11: Oil +/- | E11: Oil Filters +/- | F11: Air Filters +/- | G11: Wipers +/- | H11: Cabins +/- | I11: Adjustment Variance | J11: On Time Counts | K11: Count Compliance | L11: Comp Sales | M11: Comp Sales Attainment | N11: Big 4 Items | O11: Big 4 | P11: Count Compliance2
A12: Baton Rouge North | B12: 17 | C12: 48 | E12: 3112 | F12: 1835 | G12: 135 | H12: 348 | I12: 8483.27 | J12: 2 | K12: =Table17891011121323578[[#This Row],[On Time Counts]]/45 -> 0.044444444 | L12: 4238.98 | M12: =Table17891011121323578[[#This Row],[Wipers +/-]]/Table17891011121323578[[#This Row],[Comp Sales]] -> 0.031847284 | N12: 0 | O12: =Table17891011121323578[[#This Row],[Big 4 Items]]/Table17891011121323578[[#This Row],[Oil +/- ]] -> #DIV/0! | P12: =J12/S12 -> 0.2 | S12: =$T$1 -> 10
A13: Baton Rouge North | B13: 22 | C13: 256.77 | D13: -182.33 | E13: 239 | F13: 8 | G13: -11 | H13: 18 | I13: 283.3616 | J13: 8 | K13: =Table17891011121323578[[#This Row],[On Time Counts]]/45 -> 0.17777778 | L13: 5844.34 | M13: =Table17891011121323578[[#This Row],[Wipers +/-]]/Table17891011121323578[[#This Row],[Comp Sales]] -> -0.0018821629 | N13: 0 | O13: =Table17891011121323578[[#This Row],[Big 4 Items]]/Table17891011121323578[[#This Row],[Oil +/- ]] -> 0 | P13: =J13/S13 -> 0.8 | S13: =$T$1 -> 10
A14: Baton Rouge North | B14: 641 | C14: -137.53 | D14: -153.23 | E14: -87 | F14: -2 | G14: 5 | H14: 21 | I14: -628.635 | J14: 8 | K14: =Table17891011121323578[[#This Row],[On Time Counts]]/45 -> 0.17777778 | L14: 3219.34 | M14: =Table17891011121323578[[#This Row],[Wipers +/-]]/Table17891011121323578[[#This Row],[Comp Sales]] -> 0.0015531134 | N14: 0 | O14: =Table17891011121323578[[#This Row],[Big 4 Items]]/Table17891011121323578[[#This Row],[Oil +/- ]] -> 0 | P14: =J14/S14 -> 0.8 | S14: =$T$1 -> 10
A15: Baton Rouge North | B15: 717 | C15: 1012.4 | D15: 900.1 | E15: -144 | F15: 14 | G15: -29 | H15: -12 | I15: 890.639 | J15: 0 | K15: =Table17891011121323578[[#This Row],[On Time Counts]]/45 -> 0 | L15: 8034.77 | M15: =Table17891011121323578[[#This Row],[Wipers +/-]]/Table17891011121323578[[#This Row],[Comp Sales]] -> -0.003609313 | N15: 0 | O15: =Table17891011121323578[[#This Row],[Big 4 Items]]/Table17891011121323578[[#This Row],[Oil +/- ]] -> 0 | P15: =J15/S15 -> 0 | S15: =$T$1 -> 10
A16: Baton Rouge North | B16: 843 | C16: 465.22 | D16: 465.22 | F16: -7 | H16: -1 | I16: 1022.2972 | J16: 2 | K16: =Table17891011121323578[[#This Row],[On Time Counts]]/45 -> 0.044444444 | L16: 6497.34 | M16: =Table17891011121323578[[#This Row],[Wipers +/-]]/Table17891011121323578[[#This Row],[Comp Sales]] -> 0 | N16: 0 | O16: =Table17891011121323578[[#This Row],[Big 4 Items]]/Table17891011121323578[[#This Row],[Oil +/- ]] -> 0 | P16: =J16/S16 -> 0.2 | S16: =$T$1 -> 10
A17: Baton Rouge North | B17: 881 | C17: 229 | D17: 229 | E17: 0 | G17: -2 | H17: 1 | I17: 664.5 | J17: 6 | K17: =Table17891011121323578[[#This Row],[On Time Counts]]/45 -> 0.13333333 | M17: =Table17891011121323578[[#This Row],[Wipers +/-]]/Table17891011121323578[[#This Row],[Comp Sales]] -> #DIV/0! | O17: =Table17891011121323578[[#This Row],[Big 4 Items]]/Table17891011121323578[[#This Row],[Oil +/- ]] -> 0 | P17: =J17/S17 -> 0.6 | S17: =$T$1 -> 10
A18: Baton Rouge North | B18: 953 | C18: 0 | D18: 0 | E18: 0 | F18: 0 | G18: 0 | H18: 0 | I18: 0 | J18: 0 | K18: =Table17891011121323578[[#This Row],[On Time Counts]]/45 -> 0 | L18: 7185.39 | M18: =Table17891011121323578[[#This Row],[Wipers +/-]]/Table17891011121323578[[#This Row],[Comp Sales]] -> 0 | N18: 0 | O18: =Table17891011121323578[[#This Row],[Big 4 Items]]/Table17891011121323578[[#This Row],[Oil +/- ]] -> #DIV/0! | P18: =J18/S18 -> #DIV/0! | S18: 0
A19: Baton Rouge North | B19: 3040 | C19: 0 | D19: 0 | E19: 0 | F19: 0 | G19: 0 | H19: 0 | I19: 0 | J19: 0 | K19: =Table17891011121323578[[#This Row],[On Time Counts]]/45 -> 0 | L19: 6083.18 | M19: =Table17891011121323578[[#This Row],[Wipers +/-]]/Table17891011121323578[[#This Row],[Comp Sales]] -> 0 | N19: 0 | O19: =Table17891011121323578[[#This Row],[Big 4 Items]]/Table17891011121323578[[#This Row],[Oil +/- ]] -> #DIV/0! | P19: =J19/S19 -> #DIV/0! | S19: 0
A20: Baton Rouge South | B20: 18 | C20: 2786.62 | D20: 2786.62 | E20: -366 | F20: -39 | G20: -8 | H20: 90 | I20: 6361.9176 | J20: 6 | K20: =Table17891011121323578[[#This Row],[On Time Counts]]/45 -> 0.13333333 | L20: 4849.02 | M20: =Table17891011121323578[[#This Row],[Wipers +/-]]/Table17891011121323578[[#This Row],[Comp Sales]] -> -0.0016498179 | N20: 0 | O20: =Table17891011121323578[[#This Row],[Big 4 Items]]/Table17891011121323578[[#This Row],[Oil +/- ]] -> 0 | P20: =J20/S20 -> 0.6 | S20: =$T$1 -> 10
A21: Baton Rouge South | B21: 19 | C21: -442.92 | D21: -442.92 | E21: -34 | F21: -1 | G21: 5 | H21: -4 | I21: -2209.3892 | J21: 7 | K21: =Table17891011121323578[[#This Row],[On Time Counts]]/45 -> 0.15555556 | L21: 2994.56 | M21: =Table17891011121323578[[#This Row],[Wipers +/-]]/Table17891011121323578[[#This Row],[Comp Sales]] -> 0.0016696944 | N21: 0 | O21: =Table17891011121323578[[#This Row],[Big 4 Items]]/Table17891011121323578[[#This Row],[Oil +/- ]] -> 0 | P21: =J21/S21 -> 0.7 | S21: =$T$1 -> 10
A22: Baton Rouge South | B22: 282 | C22: 66.72 | D22: 89.72 | E22: 189 | F22: -17 | G22: 28 | H22: -32 | I22: 566.553 | J22: 7 | K22: =Table17891011121323578[[#This Row],[On Time Counts]]/45 -> 0.15555556 | L22: 6870.99 | M22: =Table17891011121323578[[#This Row],[Wipers +/-]]/Table17891011121323578[[#This Row],[Comp Sales]] -> 0.0040751042 | N22: 0 | O22: =Table17891011121323578[[#This Row],[Big 4 Items]]/Table17891011121323578[[#This Row],[Oil +/- ]] -> 0 | P22: =J22/S22 -> 0.7 | S22: =$T$1 -> 10
A23: Baton Rouge South | B23: 447 | C23: -65.7 | D23: -65.7 | E23: 91 | F23: -164 | I23: -828.548 | J23: 6 | K23: =Table17891011121323578[[#This Row],[On Time Counts]]/45 -> 0.13333333 | L23: 6806.79 | M23: =Table17891011121323578[[#This Row],[Wipers +/-]]/Table17891011121323578[[#This Row],[Comp Sales]] -> 0 | N23: 0 | O23: =Table17891011121323578[[#This Row],[Big 4 Items]]/Table17891011121323578[[#This Row],[Oil +/- ]] -> 0 | P23: =J23/S23 -> 0.6 | S23: =$T$1 -> 10
A24: Baton Rouge South | B24: 448 | C24: 5943.08 | D24: 5943.08 | E24: 15 | F24: 1 | G24: -7 | H24: 6 | I24: 18487.379 | J24: 8 | K24: =Table17891011121323578[[#This Row],[On Time Counts]]/45 -> 0.17777778 | L24: 3933.29 | M24: =Table17891011121323578[[#This Row],[Wipers +/-]]/Table17891011121323578[[#This Row],[Comp Sales]] -> -0.0017796806 | N24: 0 | O24: =Table17891011121323578[[#This Row],[Big 4 Items]]/Table17891011121323578[[#This Row],[Oil +/- ]] -> 0 | P24: =J24/S24 -> 0.8 | S24: =$T$1 -> 10
A25: Baton Rouge South | B25: 531 | C25: 275.3 | D25: 275.3 | E25: -11 | G25: -25 | H25: -5 | I25: 741.448 | J25: 8 | K25: =Table17891011121323578[[#This Row],[On Time Counts]]/45 -> 0.17777778 | L25: 6987.69 | M25: =Table17891011121323578[[#This Row],[Wipers +/-]]/Table17891011121323578[[#This Row],[Comp Sales]] -> -0.0035777202 | N25: 0 | O25: =Table17891011121323578[[#This Row],[Big 4 Items]]/Table17891011121323578[[#This Row],[Oil +/- ]] -> 0 | P25: =J25/S25 -> 0.8 | S25: =$T$1 -> 10
A26: Baton Rouge South | B26: 832 | C26: 291 | D26: 291 | E26: 18 | F26: -1 | G26: 1 | H26: 4 | I26: 1105.33 | J26: 8 | K26: =Table17891011121323578[[#This Row],[On Time Counts]]/45 -> 0.17777778 | L26: 5562.48 | M26: =Table17891011121323578[[#This Row],[Wipers +/-]]/Table17891011121323578[[#This Row],[Comp Sales]] -> 0.00017977593 | N26: 0 | O26: =Table17891011121323578[[#This Row],[Big 4 Items]]/Table17891011121323578[[#This Row],[Oil +/- ]] -> 0 | P26: =J26/S26 -> 0.8 | S26: =$T$1 -> 10
A27: Gulf Coast North | B27: 3 | K27: =Table17891011121323578[[#This Row],[On Time Counts]]/45 -> 0 | L27: 10385.27 | M27: =Table17891011121323578[[#This Row],[Wipers +/-]]/Table17891011121323578[[#This Row],[Comp Sales]] -> 0 | N27: 0 | O27: =Table17891011121323578[[#This Row],[Big 4 Items]]/Table17891011121323578[[#This Row],[Oil +/- ]] -> #DIV/0! | P27: =J27/S27 -> 0 | S27: =$T$1 -> 10
A28: Gulf Coast North | B28: 5 | C28: -132 | D28: -132 | E28: 20 | F28: 0 | G28: 4 | H28: 8 | I28: -347.87 | J28: 9 | K28: =Table17891011121323578[[#This Row],[On Time Counts]]/45 -> 0.2 | L28: 5512.41 | M28: =Table17891011121323578[[#This Row],[Wipers +/-]]/Table17891011121323578[[#This Row],[Comp Sales]] -> 0.00072563543 | N28: 0 | O28: =Table17891011121323578[[#This Row],[Big 4 Items]]/Table17891011121323578[[#This Row],[Oil +/- ]] -> 0 | P28: =J28/S28 -> 0.9 | S28: =$T$1 -> 10
A29: Gulf Coast North | B29: 11 | C29: -114 | D29: -51 | E29: -6 | F29: 0 | G29: 2 | H29: 0 | I29: -1307.92 | J29: 10 | K29: =Table17891011121323578[[#This Row],[On Time Counts]]/45 -> 0.22222222 | L29: 7892.5 | M29: =Table17891011121323578[[#This Row],[Wipers +/-]]/Table17891011121323578[[#This Row],[Comp Sales]] -> 0.00025340513 | N29: 0 | O29: =Table17891011121323578[[#This Row],[Big 4 Items]]/Table17891011121323578[[#This Row],[Oil +/- ]] -> 0 | P29: =J29/S29 -> 1 | S29: =$T$1 -> 10
A30: Gulf Coast North | B30: 14 | C30: 1132 | D30: 893 | E30: 8 | F30: -3 | G30: 2 | H30: 1 | I30: 4441.76 | J30: 9 | K30: =Table17891011121323578[[#This Row],[On Time Counts]]/45 -> 0.2 | L30: 3854.43 | M30: =Table17891011121323578[[#This Row],[Wipers +/-]]/Table17891011121323578[[#This Row],[Comp Sales]] -> 0.00051888347 | N30: 0 | O30: =Table17891011121323578[[#This Row],[Big 4 Items]]/Table17891011121323578[[#This Row],[Oil +/- ]] -> 0 | P30: =J30/S30 -> 0.9 | S30: =$T$1 -> 10
A31: Gulf Coast North | B31: 20 | C31: 20 | D31: 20 | E31: 9 | F31: -2 | G31: 0 | H31: 1 | I31: 54.75 | J31: 5 | K31: =Table17891011121323578[[#This Row],[On Time Counts]]/45 -> 0.11111111 | L31: 6979.44 | M31: =Table17891011121323578[[#This Row],[Wipers +/-]]/Table17891011121323578[[#This Row],[Comp Sales]] -> 0 | N31: 0 | O31: =Table17891011121323578[[#This Row],[Big 4 Items]]/Table17891011121323578[[#This Row],[Oil +/- ]] -> 0 | P31: =J31/S31 -> 0.5 | S31: =$T$1 -> 10
A32: Gulf Coast North | B32: 21 | C32: -251 | D32: -261 | E32: -1 | F32: 0 | G32: 0 | H32: 0 | I32: -595.38 | J32: 10 | K32: =Table17891011121323578[[#This Row],[On Time Counts]]/45 -> 0.22222222 | L32: 7573.54 | M32: =Table17891011121323578[[#This Row],[Wipers +/-]]/Table17891011121323578[[#This Row],[Comp Sales]] -> 0 | N32: 0 | O32: =Table17891011121323578[[#This Row],[Big 4 Items]]/Table17891011121323578[[#This Row],[Oil +/- ]] -> 0 | P32: =J32/S32 -> 1 | S32: =$T$1 -> 10
A33: Gulf Coast North | B33: 23 | C33: 907 | D33: 500 | E33: 221 | F33: 10 | H33: 0 | I33: 2238.84 | J33: 4 | K33: =Table17891011121323578[[#This Row],[On Time Counts]]/45 -> 0.088888889 | L33: 5842.02 | M33: =Table17891011121323578[[#This Row],[Wipers +/-]]/Table17891011121323578[[#This Row],[Comp Sales]] -> 0 | N33: 0 | O33: =Table17891011121323578[[#This Row],[Big 4 Items]]/Table17891011121323578[[#This Row],[Oil +/- ]] -> 0 | P33: =J33/S33 -> 0.4 | S33: =$T$1 -> 10
A34: Gulf Coast North | B34: 24 | C34: 775 | D34: 775 | E34: 0 | F34: -4 | G34: -4 | H34: -10 | I34: 3040.69 | J34: 8 | K34: =Table17891011121323578[[#This Row],[On Time Counts]]/45 -> 0.17777778 | L34: 6567.35 | M34: =Table17891011121323578[[#This Row],[Wipers +/-]]/Table17891011121323578[[#This Row],[Comp Sales]] -> -0.00060907368 | N34: 0 | O34: =Table17891011121323578[[#This Row],[Big 4 Items]]/Table17891011121323578[[#This Row],[Oil +/- ]] -> 0 | P34: =J34/S34 -> 0.8 | S34: =$T$1 -> 10
A35: Gulf Coast North | B35: 26 | C35: 22 | D35: 20 | F35: 26 | G35: 31 | H35: 1 | I35: -220.25 | J35: 9 | K35: =Table17891011121323578[[#This Row],[On Time Counts]]/45 -> 0.2 | L35: 5286.48 | M35: =Table17891011121323578[[#This Row],[Wipers +/-]]/Table17891011121323578[[#This Row],[Comp Sales]] -> 0.0058640154 | N35: 0 | O35: =Table17891011121323578[[#This Row],[Big 4 Items]]/Table17891011121323578[[#This Row],[Oil +/- ]] -> 0 | P35: =J35/S35 -> 0.9 | S35: =$T$1 -> 10
A36: Gulf Coast West | B36: 46 | C36: -142 | D36: -142 | E36: -7 | F36: 2 | G36: 1 | H36: 1 | I36: -332.42 | J36: 7 | K36: =Table17891011121323578[[#This Row],[On Time Counts]]/45 -> 0.15555556 | L36: 4596.08 | M36: =Table17891011121323578[[#This Row],[Wipers +/-]]/Table17891011121323578[[#This Row],[Comp Sales]] -> 0.00021757672 | N36: 0 | O36: =Table17891011121323578[[#This Row],[Big 4 Items]]/Table17891011121323578[[#This Row],[Oil +/- ]] -> 0 | P36: =J36/S36 -> 0.7 | S36: =$T$1 -> 10
A37: Gulf Coast West | B37: 283 | C37: 37 | D37: 33 | E37: -122 | I37: 54.5 | J37: 4 | K37: =Table17891011121323578[[#This Row],[On Time Counts]]/45 -> 0.088888889 | L37: 7096.63 | M37: =Table17891011121323578[[#This Row],[Wipers +/-]]/Table17891011121323578[[#This Row],[Comp Sales]] -> 0 | N37: 0 | O37: =Table17891011121323578[[#This Row],[Big 4 Items]]/Table17891011121323578[[#This Row],[Oil +/- ]] -> 0 | P37: =J37/S37 -> 0.4 | S37: =$T$1 -> 10
A38: Gulf Coast West | B38: 847 | C38: 41 | D38: 41 | E38: 86 | F38: 21 | G38: -24 | H38: 8 | I38: 707.47 | J38: 5 | K38: =Table17891011121323578[[#This Row],[On Time Counts]]/45 -> 0.11111111 | L38: 6662.04 | M38: =Table17891011121323578[[#This Row],[Wipers +/-]]/Table17891011121323578[[#This Row],[Comp Sales]] -> -0.0036025001 | N38: 0 | O38: =Table17891011121323578[[#This Row],[Big 4 Items]]/Table17891011121323578[[#This Row],[Oil +/- ]] -> 0 | P38: =J38/S38 -> 0.5 | S38: =$T$1 -> 10
A39: Gulf Coast West | B39: 865 | C39: -75 | D39: 9 | E39: -2 | F39: -2 | G39: -2 | H39: 2 | I39: 371.71 | J39: 10 | K39: =Table17891011121323578[[#This Row],[On Time Counts]]/45 -> 0.22222222 | L39: 3219.44 | M39: =Table17891011121323578[[#This Row],[Wipers +/-]]/Table17891011121323578[[#This Row],[Comp Sales]] -> -0.00062122605 | N39: 0 | O39: =Table17891011121323578[[#This Row],[Big 4 Items]]/Table17891011121323578[[#This Row],[Oil +/- ]] -> 0 | P39: =J39/S39 -> 1 | S39: =$T$1 -> 10
A40: Gulf Coast West | B40: 919 | C40: 32 | D40: 33 | E40: -1 | G40: -2 | H40: -1 | I40: 98.66 | J40: 8 | K40: =Table17891011121323578[[#This Row],[On Time Counts]]/45 -> 0.17777778 | L40: 3981.57 | M40: =Table17891011121323578[[#This Row],[Wipers +/-]]/Table17891011121323578[[#This Row],[Comp Sales]] -> -0.00050231441 | N40: 0 | O40: =Table17891011121323578[[#This Row],[Big 4 Items]]/Table17891011121323578[[#This Row],[Oil +/- ]] -> 0 | P40: =J40/S40 -> 0.8 | S40: =$T$1 -> 10
A41: Gulf Coast West | B41: 954 | C41: 15 | D41: 11 | E41: -10 | F41: -1 | I41: 15.53 | J41: 2 | K41: =Table17891011121323578[[#This Row],[On Time Counts]]/45 -> 0.044444444 | M41: =Table17891011121323578[[#This Row],[Wipers +/-]]/Table17891011121323578[[#This Row],[Comp Sales]] -> #DIV/0! | O41: =Table17891011121323578[[#This Row],[Big 4 Items]]/Table17891011121323578[[#This Row],[Oil +/- ]] -> 0 | P41: =J41/S41 -> 0.2 | S41: =$T$1 -> 10
A42: Gulf Coast West | B42: 3017 | C42: 342 | D42: 350 | E42: -11 | F42: 0 | H42: -1 | I42: 2020.21 | J42: 7 | K42: =Table17891011121323578[[#This Row],[On Time Counts]]/45 -> 0.15555556 | L42: 4219.46 | M42: =Table17891011121323578[[#This Row],[Wipers +/-]]/Table17891011121323578[[#This Row],[Comp Sales]] -> 0 | N42: 0 | O42: =Table17891011121323578[[#This Row],[Big 4 Items]]/Table17891011121323578[[#This Row],[Oil +/- ]] -> 0 | P42: =J42/S42 -> 0.7 | S42: =$T$1 -> 10
A43: Lafayette | B43: 29 | C43: -59 | D43: -59 | F43: 8 | I43: -172.76 | J43: 5 | K43: =Table17891011121323578[[#This Row],[On Time Counts]]/45 -> 0.11111111 | L43: 6761.54 | M43: =Table17891011121323578[[#This Row],[Wipers +/-]]/Table17891011121323578[[#This Row],[Comp Sales]] -> 0 | N43: 0 | O43: =Table17891011121323578[[#This Row],[Big 4 Items]]/Table17891011121323578[[#This Row],[Oil +/- ]] -> 0 | P43: =J43/S43 -> 0.5 | S43: =$T$1 -> 10
A44: Lafayette | B44: 40 | C44: 7 | D44: -17 | E44: 0 | F44: -2 | G44: 1 | H44: 0 | I44: -9.21 | J44: 8 | K44: =Table17891011121323578[[#This Row],[On Time Counts]]/45 -> 0.17777778 | L44: 4100.43 | M44: =Table17891011121323578[[#This Row],[Wipers +/-]]/Table17891011121323578[[#This Row],[Comp Sales]] -> 0.00024387686 | N44: 0 | O44: =Table17891011121323578[[#This Row],[Big 4 Items]]/Table17891011121323578[[#This Row],[Oil +/- ]] -> 0 | P44: =J44/S44 -> 0.8 | S44: =$T$1 -> 10
A45: Lafayette | B45: 280 | C45: 224 | D45: 156 | E45: 3 | F45: 6 | G45: 5 | H45: 2 | I45: 900.6 | J45: 10 | K45: =Table17891011121323578[[#This Row],[On Time Counts]]/45 -> 0.22222222 | L45: 2513.65 | M45: =Table17891011121323578[[#This Row],[Wipers +/-]]/Table17891011121323578[[#This Row],[Comp Sales]] -> 0.0019891393 | N45: 0 | O45: =Table17891011121323578[[#This Row],[Big 4 Items]]/Table17891011121323578[[#This Row],[Oil +/- ]] -> 0 | P45: =J45/S45 -> 1 | S45: =$T$1 -> 10
A46: Lafayette | B46: 599 | C46: 55 | D46: 55 | E46: -25 | F46: 1 | G46: 0 | H46: 0 | I46: 121.67 | J46: 9 | K46: =Table17891011121323578[[#This Row],[On Time Counts]]/45 -> 0.2 | L46: 2026.59 | M46: =Table17891011121323578[[#This Row],[Wipers +/-]]/Table17891011121323578[[#This Row],[Comp Sales]] -> 0 | N46: 0 | O46: =Table17891011121323578[[#This Row],[Big 4 Items]]/Table17891011121323578[[#This Row],[Oil +/- ]] -> 0 | P46: =J46/S46 -> 0.9 | S46: =$T$1 -> 10
A47: Lafayette | B47: 720 | C47: 88 | D47: 88 | E47: -6 | F47: -1 | G47: -2 | H47: 2 | I47: 167.24 | J47: 3 | K47: =Table17891011121323578[[#This Row],[On Time Counts]]/45 -> 0.066666667 | L47: 0 | M47: =Table17891011121323578[[#This Row],[Wipers +/-]]/Table17891011121323578[[#This Row],[Comp Sales]] -> #DIV/0! | N47: 0 | O47: =Table17891011121323578[[#This Row],[Big 4 Items]]/Table17891011121323578[[#This Row],[Oil +/- ]] -> 0 | P47: =J47/S47 -> 0.3 | S47: =$T$1 -> 10
A48: Lafayette | B48: 728 | C48: 71 | D48: 71 | E48: -27 | F48: 6 | G48: 10 | I48: 304 | J48: 9 | K48: =Table17891011121323578[[#This Row],[On Time Counts]]/45 -> 0.2 | L48: 3487.35 | M48: =Table17891011121323578[[#This Row],[Wipers +/-]]/Table17891011121323578[[#This Row],[Comp Sales]] -> 0.0028675068 | N48: 0 | O48: =Table17891011121323578[[#This Row],[Big 4 Items]]/Table17891011121323578[[#This Row],[Oil +/- ]] -> 0 | P48: =J48/S48 -> 0.9 | S48: =$T$1 -> 10
A49: Lafayette | B49: 830 | C49: -21 | D49: -67 | E49: 0 | F49: 0 | G49: -34 | H49: 11 | I49: 47.48 | J49: 7 | K49: =Table17891011121323578[[#This Row],[On Time Counts]]/45 -> 0.15555556 | L49: 3488.35 | M49: =Table17891011121323578[[#This Row],[Wipers +/-]]/Table17891011121323578[[#This Row],[Comp Sales]] -> -0.0097467284 | N49: 1 | O49: =Table17891011121323578[[#This Row],[Big 4 Items]]/Table17891011121323578[[#This Row],[Oil +/- ]] -> -0.014925373 | P49: =J49/S49 -> 0.7 | S49: =$T$1 -> 10
A50: Lafayette | B50: 975 | C50: -5 | D50: -5 | F50: 0 | I50: -19.18 | J50: 4 | K50: =Table17891011121323578[[#This Row],[On Time Counts]]/45 -> 0.088888889 | L50: 1986.68 | M50: =Table17891011121323578[[#This Row],[Wipers +/-]]/Table17891011121323578[[#This Row],[Comp Sales]] -> 0 | N50: 0 | O50: =Table17891011121323578[[#This Row],[Big 4 Items]]/Table17891011121323578[[#This Row],[Oil +/- ]] -> 0 | P50: =J50/S50 -> 0.4 | S50: =$T$1 -> 10
A51: NOLA North | B51: 1 | C51: 2048 | D51: 147 | E51: 6 | F51: 3 | G51: 5 | H51: 4 | I51: 925.23 | J51: 10 | K51: =Table17891011121323578[[#This Row],[On Time Counts]]/45 -> 0.22222222 | L51: 2791.49 | M51: =Table17891011121323578[[#This Row],[Wipers +/-]]/Table17891011121323578[[#This Row],[Comp Sales]] -> 0.0017911581 | N51: 0 | O51: =Table17891011121323578[[#This Row],[Big 4 Items]]/Table17891011121323578[[#This Row],[Oil +/- ]] -> 0 | P51: =J51/S51 -> 1 | S51: =$T$1 -> 10
A52: NOLA North | B52: 2 | C52: 1 | D52: 1 | E52: 0 | F52: 0 | I52: -21.11 | J52: 7 | K52: =Table17891011121323578[[#This Row],[On Time Counts]]/45 -> 0.15555556 | L52: 5684.97 | M52: =Table17891011121323578[[#This Row],[Wipers +/-]]/Table17891011121323578[[#This Row],[Comp Sales]] -> 0 | N52: 0 | O52: =Table17891011121323578[[#This Row],[Big 4 Items]]/Table17891011121323578[[#This Row],[Oil +/- ]] -> 0 | P52: =J52/S52 -> 0.7 | S52: =$T$1 -> 10
A53: NOLA North | B53: 4 | C53: 4151 | D53: 4151 | E53: -1 | F53: -7 | G53: -4 | H53: -7 | I53: 11321.13 | J53: 10 | K53: =Table17891011121323578[[#This Row],[On Time Counts]]/45 -> 0.22222222 | L53: 0 | M53: =Table17891011121323578[[#This Row],[Wipers +/-]]/Table17891011121323578[[#This Row],[Comp Sales]] -> #DIV/0! | N53: 0 | O53: =Table17891011121323578[[#This Row],[Big 4 Items]]/Table17891011121323578[[#This Row],[Oil +/- ]] -> 0 | P53: =J53/S53 -> 1 | S53: =$T$1 -> 10
A54: NOLA North | B54: 6 | C54: 4316 | D54: -95 | E54: 0 | F54: 1 | G54: -1 | H54: 1 | I54: 444.92 | J54: 8 | K54: =Table17891011121323578[[#This Row],[On Time Counts]]/45 -> 0.17777778 | L54: 0 | M54: =Table17891011121323578[[#This Row],[Wipers +/-]]/Table17891011121323578[[#This Row],[Comp Sales]] -> #DIV/0! | O54: =Table17891011121323578[[#This Row],[Big 4 Items]]/Table17891011121323578[[#This Row],[Oil +/- ]] -> 0 | P54: =J54/S54 -> 0.8 | S54: =$T$1 -> 10
A55: NOLA North | B55: 15 | C55: 55 | D55: 46 | E55: 2 | F55: 11 | G55: -23 | H55: -2 | I55: -262.43 | J55: 9 | K55: =Table17891011121323578[[#This Row],[On Time Counts]]/45 -> 0.2 | L55: 6979.44 | M55: =Table17891011121323578[[#This Row],[Wipers +/-]]/Table17891011121323578[[#This Row],[Comp Sales]] -> -0.0032953933 | O55: =Table17891011121323578[[#This Row],[Big 4 Items]]/Table17891011121323578[[#This Row],[Oil +/- ]] -> 0 | P55: =J55/S55 -> 0.9 | S55: =$T$1 -> 10
A56: NOLA North | B56: 28 | C56: -95 | D56: -109 | E56: 6 | F56: -8 | G56: 14 | H56: 5 | I56: -211.38 | J56: 10 | K56: =Table17891011121323578[[#This Row],[On Time Counts]]/45 -> 0.22222222 | L56: 6567.35 | M56: =Table17891011121323578[[#This Row],[Wipers +/-]]/Table17891011121323578[[#This Row],[Comp Sales]] -> 0.0021317579 | O56: =Table17891011121323578[[#This Row],[Big 4 Items]]/Table17891011121323578[[#This Row],[Oil +/- ]] -> 0 | P56: =J56/S56 -> 1 | S56: =$T$1 -> 10
A57: NOLA North | B57: 32 | C57: -63 | D57: -13 | E57: 0 | F57: -18 | G57: -3 | H57: -1 | I57: -69.27 | J57: 9 | K57: =Table17891011121323578[[#This Row],[On Time Counts]]/45 -> 0.2 | M57: =Table17891011121323578[[#This Row],[Wipers +/-]]/Table17891011121323578[[#This Row],[Comp Sales]] -> #DIV/0! | O57: =Table17891011121323578[[#This Row],[Big 4 Items]]/Table17891011121323578[[#This Row],[Oil +/- ]] -> 0 | P57: =J57/S57 -> 0.9 | S57: =$T$1 -> 10
A58: NOLA North | B58: 606 | C58: 54 | D58: 48 | E58: 6 | F58: 0 | G58: -5 | H58: -2 | I58: 115.47 | J58: 8 | K58: =Table17891011121323578[[#This Row],[On Time Counts]]/45 -> 0.17777778 | L58: 6761.54 | M58: =Table17891011121323578[[#This Row],[Wipers +/-]]/Table17891011121323578[[#This Row],[Comp Sales]] -> -0.00073947651 | O58: =Table17891011121323578[[#This Row],[Big 4 Items]]/Table17891011121323578[[#This Row],[Oil +/- ]] -> 0 | P58: =J58/S58 -> 0.8 | S58: =$T$1 -> 10
A59: NOLA North | B59: 999 | C59: 0 | D59: 0 | E59: 0 | F59: 0 | G59: 0 | H59: 0 | I59: 0 | J59: 0 | K59: =Table17891011121323578[[#This Row],[On Time Counts]]/45 -> 0 | L59: 6083.18 | M59: =Table17891011121323578[[#This Row],[Wipers +/-]]/Table17891011121323578[[#This Row],[Comp Sales]] -> 0 | O59: =Table17891011121323578[[#This Row],[Big 4 Items]]/Table17891011121323578[[#This Row],[Oil +/- ]] -> #DIV/0! | P59: =J59/S59 -> #DIV/0! | S59: 0
A60: NOLA South | B60: 8 | C60: 98 | D60: 90 | F60: 2 | G60: 6 | H60: 2 | I60: 450.01 | J60: 5 | K60: =Table17891011121323578[[#This Row],[On Time Counts]]/45 -> 0.11111111 | L60: 4849.02 | M60: =Table17891011121323578[[#This Row],[Wipers +/-]]/Table17891011121323578[[#This Row],[Comp Sales]] -> 0.0012373634 | O60: =Table17891011121323578[[#This Row],[Big 4 Items]]/Table17891011121323578[[#This Row],[Oil +/- ]] -> 0 | P60: =J60/S60 -> 0.5 | S60: =$T$1 -> 10
A61: NOLA South | B61: 10 | C61: -64 | D61: -64 | E61: -3 | F61: 0 | G61: 0 | H61: 0 | I61: -193.14 | J61: 7 | K61: =Table17891011121323578[[#This Row],[On Time Counts]]/45 -> 0.15555556 | L61: 6870.99 | M61: =Table17891011121323578[[#This Row],[Wipers +/-]]/Table17891011121323578[[#This Row],[Comp Sales]] -> 0 | O61: =Table17891011121323578[[#This Row],[Big 4 Items]]/Table17891011121323578[[#This Row],[Oil +/- ]] -> 0 | P61: =J61/S61 -> 0.7 | S61: =$T$1 -> 10
A62: NOLA South | B62: 12 | C62: 100 | D62: 100 | E62: 13 | G62: -2 | H62: -1 | I62: 261.05 | J62: 4 | K62: =Table17891011121323578[[#This Row],[On Time Counts]]/45 -> 0.088888889 | L62: 6806.79 | M62: =Table17891011121323578[[#This Row],[Wipers +/-]]/Table17891011121323578[[#This Row],[Comp Sales]] -> -0.00029382425 | O62: =Table17891011121323578[[#This Row],[Big 4 Items]]/Table17891011121323578[[#This Row],[Oil +/- ]] -> 0 | P62: =J62/S62 -> 0.4 | S62: =$T$1 -> 10
A63: NOLA South | B63: 13 | C63: 61 | D63: 61 | E63: 0 | F63: -1 | G63: 0 | H63: 9 | I63: 221.6 | J63: 10 | K63: =Table17891011121323578[[#This Row],[On Time Counts]]/45 -> 0.22222222 | L63: 5842.02 | M63: =Table17891011121323578[[#This Row],[Wipers +/-]]/Table17891011121323578[[#This Row],[Comp Sales]] -> 0 | O63: =Table17891011121323578[[#This Row],[Big 4 Items]]/Table17891011121323578[[#This Row],[Oil +/- ]] -> 0 | P63: =J63/S63 -> 1 | S63: =$T$1 -> 10
A64: NOLA South | B64: 31 | C64: 790 | D64: -23 | F64: -1 | I64: 207.05 | J64: 7 | K64: =Table17891011121323578[[#This Row],[On Time Counts]]/45 -> 0.15555556 | L64: 7096.63 | M64: =Table17891011121323578[[#This Row],[Wipers +/-]]/Table17891011121323578[[#This Row],[Comp Sales]] -> 0 | O64: =Table17891011121323578[[#This Row],[Big 4 Items]]/Table17891011121323578[[#This Row],[Oil +/- ]] -> 0 | P64: =J64/S64 -> 0.7 | S64: =$T$1 -> 10
A65: NOLA South | B65: 92 | C65: 169 | D65: 139 | E65: 15 | F65: 0 | G65: -4 | H65: 1 | I65: 979.99 | J65: 10 | K65: =Table17891011121323578[[#This Row],[On Time Counts]]/45 -> 0.22222222 | L65: 6662.04 | M65: =Table17891011121323578[[#This Row],[Wipers +/-]]/Table17891011121323578[[#This Row],[Comp Sales]] -> -0.00060041669 | O65: =Table17891011121323578[[#This Row],[Big 4 Items]]/Table17891011121323578[[#This Row],[Oil +/- ]] -> 0 | P65: =J65/S65 -> 1 | S65: =$T$1 -> 10
A66: NOLA South | B66: 116 | C66: 375 | D66: 375 | E66: 2 | F66: 0 | G66: 3 | H66: -1 | I66: 1177.76 | J66: 10 | K66: =Table17891011121323578[[#This Row],[On Time Counts]]/45 -> 0.22222222 | L66: 2791.49 | M66: =Table17891011121323578[[#This Row],[Wipers +/-]]/Table17891011121323578[[#This Row],[Comp Sales]] -> 0.0010746949 | O66: =Table17891011121323578[[#This Row],[Big 4 Items]]/Table17891011121323578[[#This Row],[Oil +/- ]] -> 0 | P66: =J66/S66 -> 1 | S66: =$T$1 -> 10
A67: NOLA South | B67: 870 | C67: 1417 | D67: 1417 | E67: 15 | F67: 2 | G67: 34 | H67: -4 | I67: 3902.59 | J67: 8 | K67: =Table17891011121323578[[#This Row],[On Time Counts]]/45 -> 0.17777778 | M67: =Table17891011121323578[[#This Row],[Wipers +/-]]/Table17891011121323578[[#This Row],[Comp Sales]] -> #DIV/0! | O67: =Table17891011121323578[[#This Row],[Big 4 Items]]/Table17891011121323578[[#This Row],[Oil +/- ]] -> 0 | P67: =J67/S67 -> 0.8 | S67: =$T$1 -> 10
A68: NOLA South | B68: 3004 | C68: 123 | D68: 48 | E68: 2 | F68: -1 | H68: 10 | I68: 545.65 | J68: 6 | K68: =Table17891011121323578[[#This Row],[On Time Counts]]/45 -> 0.13333333 | M68: =Table17891011121323578[[#This Row],[Wipers +/-]]/Table17891011121323578[[#This Row],[Comp Sales]] -> #DIV/0! | O68: =Table17891011121323578[[#This Row],[Big 4 Items]]/Table17891011121323578[[#This Row],[Oil +/- ]] -> 0 | P68: =J68/S68 -> 0.6 | S68: =$T$1 -> 10
A284: 0.01 | B284: -0.01
A285: =A284+1% -> 0.02 | B285: =B284-1% -> -0.02
A286: =A285+1% -> 0.03 | B286: =B285-1% -> -0.03
A287: =A286+1% -> 0.04 | B287: =B286-1% -> -0.04
A288: =A287+1% -> 0.05 | B288: =B287-1% -> -0.05
A289: =A288+1% -> 0.06 | B289: =B288-1% -> -0.06
A290: =A289+1% -> 0.07 | B290: =B289-1% -> -0.07
A291: =A290+1% -> 0.08 | B291: =B290-1% -> -0.08
A292: =A291+1% -> 0.09 | B292: =B291-1% -> -0.09
A293: =A292+1% -> 0.1 | B293: =B292-1% -> -0.1
A294: =A293+1% -> 0.11 | B294: =B293-1% -> -0.11
A295: =A294+1% -> 0.12 | B295: =B294-1% -> -0.12
A296: =A295+1% -> 0.13 | B296: =B295-1% -> -0.13
... A383: =A382+1% -> 1 | B383: =B382-1% -> -1

Sheet P10 - 10-11
A1: District | B1: Lubricants/Oil +/- | C1: Oil +/- | D1: Oil Filters +/- | E1: Air Filters +/- | F1: Wipers +/- | G1: Cabins +/- | H1: Adjustment Variance | I1: On Time Counts | J1: Count Compliance | L1: Comp Sales | M1: Comp Attainment | N1: Big 4 | O1: Coolant | S1: Total Count Target | T1: 11
A2: =A12 -> Baton Rouge North | B2: =SUM(C12:C19) -> 1818.2 | C2: =SUM(D12:D19) -> 1744.2 | D2: =SUM(E12:E19) -> 223 | E2: =SUM(F12:F19) -> 9 | F2: =SUM(G12:G19) -> 31 | G2: =SUM(H12:H19) -> 50 | H2: =SUM(I12:I19) -> 7068.3628 | I2: =SUM(J12:J19) -> 25 | J2: =I2/SUM(S12:S19) -> 0.37878788 | L2: =SUM(L12:L12) -> 4238.98 | M2: =((F2-G12)/L2)-100% -> -0.99268692 | N2: =SUM(N12:N12)/C2 -> 0 | O2: =SUM(P12:P12)/C2 -> 0
A3: =A20 -> Baton Rouge South | B3: =SUM(C20:C26) -> 3946.26 | C3: =SUM(D20:D26) -> 3268.26 | D3: =SUM(E20:E26) -> 440 | E3: =SUM(F20:F26) -> -28 | F3: =SUM(G20:G26) -> 129 | G3: =SUM(H20:H26) -> -136 | H3: =SUM(I20:I26) -> 10237.581 | I3: =SUM(J20:J26) -> 43 | J3: =I3/SUM(S20:S26) -> 0.55844156 | L3: =SUM(L13:L13) -> 5844.34 | M3: =((F3-G13)/L3)-100% -> -0.98596933 | N3: =SUM(N13:N13)/C3 -> 0 | O3: =SUM(P13:P13)/C3 -> 0.00019471022
A4: =A27 -> Gulf Coast North | B4: =SUM(C27:C35) -> 3094 | C4: =SUM(D27:D35) -> 2338 | D4: =SUM(E27:E35) -> 342 | E4: =SUM(F27:F35) -> 56 | F4: =SUM(G27:G35) -> -12 | G4: =SUM(H27:H35) -> 76 | H4: =SUM(I27:I35) -> 14304.36 | I4: =SUM(J27:J35) -> 54 | J4: =I4/SUM(S27:S35) -> 0.54545455 | L4: =SUM(L14:L23) -> 52541.38 | M4: =(F4/L4)-100% -> -1.0002284 | N4: =SUM(N14:N23)/C4 -> 0 | O4: =SUM(P14:P23)/C4 -> #DIV/0!
A5: =A36 -> Gulf Coast West | B5: =SUM(C36:C42) -> 792 | C5: =SUM(D36:D42) -> 163 | D5: =SUM(E36:E42) -> -277 | E5: =SUM(F36:F42) -> 11 | F5: =SUM(G36:G42) -> -24 | G5: =SUM(H36:H42) -> -5 | H5: =SUM(I36:I42) -> 222.93 | I5: =SUM(J36:J42) -> 56 | J5: =I5/SUM(S36:S42) -> 0.72727273 | L5: =SUM(L24:L36) -> 80972.98 | M5: =((F5-G34-G35-G36)/L5)-100% -> -0.99976535 | N5: =SUM(N24:N36)/C5 -> 0 | O5: =SUM(P24:P36)/C5 -> 0.050752928
A6: =A43 -> Lafayette | B6: =SUM(C43:C50) -> 951 | C6: =SUM(D43:D50) -> 302 | D6: =SUM(E43:E50) -> 56 | E6: =SUM(F43:F50) -> -55 | F6: =SUM(G43:G50) -> 30 | G6: =SUM(H43:H50) -> 9 | H6: =SUM(I43:I50) -> 3106.88 | I6: =SUM(J43:J50) -> 66 | J6: =I6/SUM(S43:S50) -> 0.75
A7: =A51 -> NOLA North | B7: =SUM(C51:C59) -> 2526 | C7: =SUM(D51:D59) -> -228 | D7: =SUM(E51:E59) -> -16 | E7: =SUM(F51:F59) -> 24 | F7: =SUM(G51:G59) -> 38 | G7: =SUM(H51:H59) -> -6 | H7: =SUM(I51:I59) -> 6251.48 | I7: =SUM(J51:J59) -> 71 | J7: =I7/SUM(S51:S59) -> 0.80681818 | L7: =SUM(L37:L45) -> 38554.76 | M7: =(F7/L7)-100% -> -0.99901439 | N7: =SUM(N37:N45)/C7 -> 0 | O7: =SUM(P37:P45)/C7 -> -0.027113238
A8: =A60 -> NOLA South | B8: =SUM(C60:C68) -> 4836 | C8: =SUM(D60:D68) -> 5199 | D8: =SUM(E60:E68) -> 490 | E8: =SUM(F60:F68) -> -5766 | F8: =SUM(G60:G68) -> -22 | G8: =SUM(H60:H68) -> 7 | H8: =SUM(I60:I68) -> 1236.93 | I8: =SUM(J60:J68) -> 74 | J8: =I8/SUM(S60:S68) -> 0.74747475 | L8: =SUM(L46:L54) -> 19465.43 | M8: =((F8-G54)/L8)-100% -> -1.0011302 | N8: =SUM(N46:N54)/C8 -> 0.00019234468 | O8: =SUM(P46:P54)/C8 -> 0.0014862998
A9: Gulf Coast | B9: =SUM(B2:B8) -> 17963.46 | C9: =SUM(C2:C8) -> 12786.46 | D9: =SUM(D2:D8) -> 1258 | E9: =SUM(E2:E8) -> -5749 | F9: =SUM(F2:F8) -> 170 | G9: =SUM(G2:G8) -> -5 | H9: =SUM(H2:H8) -> 42428.524 | I9: =SUM(I2:I8) -> 389 | J9: =I9/SUM(S12:S68) -> 0.65488215 | L9: =SUM(L2:L8) -> 201617.87 | M9: =((F9-G12-G13-G34-G35-G36-G54)/L9)-100% -> -0.99917666 | N9: {=SUM(Table178910111213235787[Big 4 Items]/C9)} -> 7.8207729e-05 | O9: =SUM(Table178910111213235787[Count Compliance2])/C9 -> #DIV/0!
A11: District | B11: Store | C11: Lubricants/Oil +/- | D11: Oil +/- | E11: Oil Filters +/- | F11: Air Filters +/- | G11: Wipers +/- | H11: Cabins +/- | I11: Adjustment Variance | J11: On Time Counts | K11: Count Compliance | L11: Comp Sales | M11: Comp Sales Attainment | N11: Big 4 Items | O11: Big 4 | P11: Count Compliance2
A12: Baton Rouge North | B12: 17 | K12: =Table178910111213235787[[#This Row],[On Time Counts]]/45 -> 0 | L12: 4238.98 | M12: =Table178910111213235787[[#This Row],[Wipers +/-]]/Table178910111213235787[[#This Row],[Comp Sales]] -> 0 | N12: 0 | O12: =Table178910111213235787[[#This Row],[Big 4 Items]]/Table178910111213235787[[#This Row],[Oil +/- ]] -> #DIV/0! | P12: =J12/S12 -> 0 | S12: =$T$1 -> 11
A13: Baton Rouge North | B13: 22 | C13: 423.4 | D13: 423.4 | E13: 196 | F13: 1 | G13: 47 | H13: 46 | I13: 1868.57 | J13: 7 | K13: =Table178910111213235787[[#This Row],[On Time Counts]]/45 -> 0.15555556 | L13: 5844.34 | M13: =Table178910111213235787[[#This Row],[Wipers +/-]]/Table178910111213235787[[#This Row],[Comp Sales]] -> 0.0080419688 | N13: 0 | O13: =Table178910111213235787[[#This Row],[Big 4 Items]]/Table178910111213235787[[#This Row],[Oil +/- ]] -> 0 | P13: =J13/S13 -> 0.63636364 | S13: =$T$1 -> 11
A14: Baton Rouge North | B14: 641 | C14: 25.6 | D14: 29.6 | E14: -25 | F14: 4 | G14: -9 | H14: 0 | I14: 537.5668 | J14: 8 | K14: =Table178910111213235787[[#This Row],[On Time Counts]]/45 -> 0.17777778 | L14: 3219.34 | M14: =Table178910111213235787[[#This Row],[Wipers +/-]]/Table178910111213235787[[#This Row],[Comp Sales]] -> -0.0027956041 | N14: 0 | O14: =Table178910111213235787[[#This Row],[Big 4 Items]]/Table178910111213235787[[#This Row],[Oil +/- ]] -> 0 | P14: =J14/S14 -> 0.72727273 | S14: =$T$1 -> 11
A15: Baton Rouge North | B15: 717 | C15: -26.1 | D15: -26.1 | E15: 28 | I15: -38.877 | J15: 2 | K15: =Table178910111213235787[[#This Row],[On Time Counts]]/45 -> 0.044444444 | L15: 8034.77 | M15: =Table178910111213235787[[#This Row],[Wipers +/-]]/Table178910111213235787[[#This Row],[Comp Sales]] -> 0 | N15: 0 | O15: =Table178910111213235787[[#This Row],[Big 4 Items]]/Table178910111213235787[[#This Row],[Oil +/- ]] -> 0 | P15: =J15/S15 -> 0.18181818 | S15: =$T$1 -> 11
A16: Baton Rouge North | B16: 843 | C16: 252.3 | D16: 186.3 | F16: 4 | G16: -7 | H16: 4 | I16: 823.843 | J16: 5 | K16: =Table178910111213235787[[#This Row],[On Time Counts]]/45 -> 0.11111111 | L16: 6497.34 | M16: =Table178910111213235787[[#This Row],[Wipers +/-]]/Table178910111213235787[[#This Row],[Comp Sales]] -> -0.001077364 | N16: 0 | O16: =Table178910111213235787[[#This Row],[Big 4 Items]]/Table178910111213235787[[#This Row],[Oil +/- ]] -> 0 | P16: =J16/S16 -> 0.45454545 | S16: =$T$1 -> 11
A17: Baton Rouge North | B17: 881 | C17: 1143 | D17: 1131 | E17: 24 | I17: 3877.26 | J17: 3 | K17: =Table178910111213235787[[#This Row],[On Time Counts]]/45 -> 0.066666667 | M17: =Table178910111213235787[[#This Row],[Wipers +/-]]/Table178910111213235787[[#This Row],[Comp Sales]] -> #DIV/0! | O17: =Table178910111213235787[[#This Row],[Big 4 Items]]/Table178910111213235787[[#This Row],[Oil +/- ]] -> 0 | P17: =J17/S17 -> 0.27272727 | S17: =$T$1 -> 11
A18: Baton Rouge North | B18: 953 | C18: 0 | D18: 0 | E18: 0 | F18: 0 | G18: 0 | H18: 0 | I18: 0 | J18: 0 | K18: =Table178910111213235787[[#This Row],[On Time Counts]]/45 -> 0 | L18: 7185.39 | M18: =Table178910111213235787[[#This Row],[Wipers +/-]]/Table178910111213235787[[#This Row],[Comp Sales]] -> 0 | N18: 0 | O18: =Table178910111213235787[[#This Row],[Big 4 Items]]/Table178910111213235787[[#This Row],[Oil +/- ]] -> #DIV/0! | P18: =J18/S18 -> #DIV/0! | S18: 0
A19: Baton Rouge North | B19: 3040 | C19: 0 | D19: 0 | E19: 0 | F19: 0 | G19: 0 | H19: 0 | I19: 0 | J19: 0 | K19: =Table178910111213235787[[#This Row],[On Time Counts]]/45 -> 0 | L19: 6083.18 | M19: =Table178910111213235787[[#This Row],[Wipers +/-]]/Table178910111213235787[[#This Row],[Comp Sales]] -> 0 | N19: 0 | O19: =Table178910111213235787[[#This Row],[Big 4 Items]]/Table178910111213235787[[#This Row],[Oil +/- ]] -> #DIV/0! | P19: =J19/S19 -> #DIV/0! | S19: 0
A20: Baton Rouge South | B20: 18 | C20: 3729.93 | D20: 3315.93 | E20: 205 | F20: 33 | G20: 180 | H20: -66 | I20: 10215.658 | J20: 7 | K20: =Table178910111213235787[[#This Row],[On Time Counts]]/45 -> 0.15555556 | L20: 4849.02 | M20: =Table178910111213235787[[#This Row],[Wipers +/-]]/Table178910111213235787[[#This Row],[Comp Sales]] -> 0.037120903 | N20: 0 | O20: =Table178910111213235787[[#This Row],[Big 4 Items]]/Table178910111213235787[[#This Row],[Oil +/- ]] -> 0 | P20: =J20/S20 -> 0.63636364 | S20: =$T$1 -> 11
A21: Baton Rouge South | B21: 19 | C21: 111.32 | D21: 111.32 | E21: -12 | F21: -10 | H21: -5 | I21: 277.9802 | J21: 4 | K21: =Table178910111213235787[[#This Row],[On Time Counts]]/45 -> 0.088888889 | L21: 2994.56 | M21: =Table178910111213235787[[#This Row],[Wipers +/-]]/Table178910111213235787[[#This Row],[Comp Sales]] -> 0 | N21: 0 | O21: =Table178910111213235787[[#This Row],[Big 4 Items]]/Table178910111213235787[[#This Row],[Oil +/- ]] -> 0 | P21: =J21/S21 -> 0.36363636 | S21: =$T$1 -> 11
A22: Baton Rouge South | B22: 282 | C22: 293 | D22: 29 | E22: 3 | F22: 15 | I22: 596.373 | J22: 4 | K22: =Table178910111213235787[[#This Row],[On Time Counts]]/45 -> 0.088888889 | L22: 6870.99 | M22: =Table178910111213235787[[#This Row],[Wipers +/-]]/Table178910111213235787[[#This Row],[Comp Sales]] -> 0 | N22: 0 | O22: =Table178910111213235787[[#This Row],[Big 4 Items]]/Table178910111213235787[[#This Row],[Oil +/- ]] -> 0 | P22: =J22/S22 -> 0.36363636 | S22: =$T$1 -> 11
A23: Baton Rouge South | B23: 447 | C23: -267.96 | D23: -267.96 | I23: -980.5714 | J23: 1 | K23: =Table178910111213235787[[#This Row],[On Time Counts]]/45 -> 0.022222222 | L23: 6806.79 | M23: =Table178910111213235787[[#This Row],[Wipers +/-]]/Table178910111213235787[[#This Row],[Comp Sales]] -> 0 | N23: 0 | O23: =Table178910111213235787[[#This Row],[Big 4 Items]]/Table178910111213235787[[#This Row],[Oil +/- ]] -> 0 | P23: =J23/S23 -> 0.090909091 | S23: =$T$1 -> 11
A24: Baton Rouge South | B24: 448 | C24: 991.25 | D24: 991.25 | E24: 45 | F24: -54 | G24: -60 | H24: -44 | I24: 3838.0006 | J24: 8 | K24: =Table178910111213235787[[#This Row],[On Time Counts]]/45 -> 0.17777778 | L24: 3933.29 | M24: =Table178910111213235787[[#This Row],[Wipers +/-]]/Table178910111213235787[[#This Row],[Comp Sales]] -> -0.015254405 | N24: 0 | O24: =Table178910111213235787[[#This Row],[Big 4 Items]]/Table178910111213235787[[#This Row],[Oil +/- ]] -> 0 | P24: =J24/S24 -> 0.72727273 | S24: =$T$1 -> 11
A25: Baton Rouge South | B25: 531 | C25: -396.28 | D25: -396.28 | E25: 0 | F25: -20 | G25: 13 | H25: -13 | I25: -1468.9196 | J25: 9 | K25: =Table178910111213235787[[#This Row],[On Time Counts]]/45 -> 0.2 | L25: 6987.69 | M25: =Table178910111213235787[[#This Row],[Wipers +/-]]/Table178910111213235787[[#This Row],[Comp Sales]] -> 0.0018604145 | N25: 0 | O25: =Table178910111213235787[[#This Row],[Big 4 Items]]/Table178910111213235787[[#This Row],[Oil +/- ]] -> 0 | P25: =J25/S25 -> 0.81818182 | S25: =$T$1 -> 11
A26: Baton Rouge South | B26: 832 | C26: -515 | D26: -515 | E26: 199 | F26: 8 | G26: -4 | H26: -8 | I26: -2240.94 | J26: 10 | K26: =Table178910111213235787[[#This Row],[On Time Counts]]/45 -> 0.22222222 | L26: 5562.48 | M26: =Table178910111213235787[[#This Row],[Wipers +/-]]/Table178910111213235787[[#This Row],[Comp Sales]] -> -0.00071910371 | N26: 0 | O26: =Table178910111213235787[[#This Row],[Big 4 Items]]/Table178910111213235787[[#This Row],[Oil +/- ]] -> 0 | P26: =J26/S26 -> 0.90909091 | S26: =$T$1 -> 11
A27: Gulf Coast North | B27: 3 | K27: =Table178910111213235787[[#This Row],[On Time Counts]]/45 -> 0 | L27: 10385.27 | M27: =Table178910111213235787[[#This Row],[Wipers +/-]]/Table178910111213235787[[#This Row],[Comp Sales]] -> 0 | N27: 0 | O27: =Table178910111213235787[[#This Row],[Big 4 Items]]/Table178910111213235787[[#This Row],[Oil +/- ]] -> #DIV/0! | P27: =J27/S27 -> 0 | S27: =$T$1 -> 11
A28: Gulf Coast North | B28: 5 | C28: 1117 | D28: 749 | E28: 40 | F28: 32 | G28: 24 | H28: 60 | I28: 2329.12 | J28: 7 | K28: =Table178910111213235787[[#This Row],[On Time Counts]]/45 -> 0.15555556 | L28: 5512.41 | M28: =Table178910111213235787[[#This Row],[Wipers +/-]]/Table178910111213235787[[#This Row],[Comp Sales]] -> 0.0043538126 | N28: 0 | O28: =Table178910111213235787[[#This Row],[Big 4 Items]]/Table178910111213235787[[#This Row],[Oil +/- ]] -> 0 | P28: =J28/S28 -> 0.63636364 | S28: =$T$1 -> 11
A29: Gulf Coast North | B29: 11 | C29: 58 | D29: -15 | E29: 3 | F29: 0 | G29: -4 | H29: -3 | I29: 492.22 | J29: 11 | K29: =Table178910111213235787[[#This Row],[On Time Counts]]/45 -> 0.24444444 | L29: 7892.5 | M29: =Table178910111213235787[[#This Row],[Wipers +/-]]/Table178910111213235787[[#This Row],[Comp Sales]] -> -0.00050681026 | N29: 0 | O29: =Table178910111213235787[[#This Row],[Big 4 Items]]/Table178910111213235787[[#This Row],[Oil +/- ]] -> 0 | P29: =J29/S29 -> 1 | S29: =$T$1 -> 11
A30: Gulf Coast North | B30: 14 | C30: 171 | D30: 171 | E30: 25 | F30: 6 | G30: 9 | H30: 0 | I30: 901.9 | J30: 7 | K30: =Table178910111213235787[[#This Row],[On Time Counts]]/45 -> 0.15555556 | L30: 3854.43 | M30: =Table178910111213235787[[#This Row],[Wipers +/-]]/Table178910111213235787[[#This Row],[Comp Sales]] -> 0.0023349756 | N30: 0 | O30: =Table178910111213235787[[#This Row],[Big 4 Items]]/Table178910111213235787[[#This Row],[Oil +/- ]] -> 0 | P30: =J30/S30 -> 0.63636364 | S30: =$T$1 -> 11
A31: Gulf Coast North | B31: 20 | F31: 6 | H31: -2 | I31: 18.91 | J31: 1 | K31: =Table178910111213235787[[#This Row],[On Time Counts]]/45 -> 0.022222222 | L31: 6979.44 | M31: =Table178910111213235787[[#This Row],[Wipers +/-]]/Table178910111213235787[[#This Row],[Comp Sales]] -> 0 | N31: 0 | O31: =Table178910111213235787[[#This Row],[Big 4 Items]]/Table178910111213235787[[#This Row],[Oil +/- ]] -> #DIV/0! | P31: =J31/S31 -> 0.090909091 | S31: =$T$1 -> 11
A32: Gulf Coast North | B32: 21 | C32: -22 | D32: -16 | E32: 7 | F32: 0 | G32: 0 | H32: 1 | I32: -117.47 | J32: 10 | K32: =Table178910111213235787[[#This Row],[On Time Counts]]/45 -> 0.22222222 | L32: 7573.54 | M32: =Table178910111213235787[[#This Row],[Wipers +/-]]/Table178910111213235787[[#This Row],[Comp Sales]] -> 0 | N32: 0 | O32: =Table178910111213235787[[#This Row],[Big 4 Items]]/Table178910111213235787[[#This Row],[Oil +/- ]] -> 0 | P32: =J32/S32 -> 0.90909091 | S32: =$T$1 -> 11
A33: Gulf Coast North | B33: 23 | C33: 253 | D33: 40 | E33: 3 | G33: 1 | H33: 1 | I33: 305.62 | J33: 3 | K33: =Table178910111213235787[[#This Row],[On Time Counts]]/45 -> 0.066666667 | L33: 5842.02 | M33: =Table178910111213235787[[#This Row],[Wipers +/-]]/Table178910111213235787[[#This Row],[Comp Sales]] -> 0.00017117367 | N33: 0 | O33: =Table178910111213235787[[#This Row],[Big 4 Items]]/Table178910111213235787[[#This Row],[Oil +/- ]] -> 0 | P33: =J33/S33 -> 0.27272727 | S33: =$T$1 -> 11
A34: Gulf Coast North | B34: 24 | C34: 1386 | D34: 1177 | E34: 264 | F34: -20 | G34: 9 | H34: 11 | I34: 9143.54 | J34: 6 | K34: =Table178910111213235787[[#This Row],[On Time Counts]]/45 -> 0.13333333 | L34: 6567.35 | M34: =Table178910111213235787[[#This Row],[Wipers +/-]]/Table178910111213235787[[#This Row],[Comp Sales]] -> 0.0013704158 | N34: 0 | O34: =Table178910111213235787[[#This Row],[Big 4 Items]]/Table178910111213235787[[#This Row],[Oil +/- ]] -> 0 | P34: =J34/S34 -> 0.54545455 | S34: =$T$1 -> 11
A35: Gulf Coast North | B35: 26 | C35: 131 | D35: 232 | F35: 32 | G35: -51 | H35: 8 | I35: 1230.52 | J35: 9 | K35: =Table178910111213235787[[#This Row],[On Time Counts]]/45 -> 0.2 | L35: 5286.48 | M35: =Table178910111213235787[[#This Row],[Wipers +/-]]/Table178910111213235787[[#This Row],[Comp Sales]] -> -0.0096472511 | N35: 0 | O35: =Table178910111213235787[[#This Row],[Big 4 Items]]/Table178910111213235787[[#This Row],[Oil +/- ]] -> 0 | P35: =J35/S35 -> 0.81818182 | S35: =$T$1 -> 11
A36: Gulf Coast West | B36: 46 | C36: -101 | D36: -101 | E36: -10 | F36: 1 | G36: -1 | H36: -1 | I36: -314.54 | J36: 10 | K36: =Table178910111213235787[[#This Row],[On Time Counts]]/45 -> 0.22222222 | L36: 4596.08 | M36: =Table178910111213235787[[#This Row],[Wipers +/-]]/Table178910111213235787[[#This Row],[Comp Sales]] -> -0.00021757672 | N36: 0 | O36: =Table178910111213235787[[#This Row],[Big 4 Items]]/Table178910111213235787[[#This Row],[Oil +/- ]] -> 0 | P36: =J36/S36 -> 0.90909091 | S36: =$T$1 -> 11
A37: Gulf Coast West | B37: 283 | C37: 470 | D37: -40 | E37: -292 | F37: 1 | G37: 1 | I37: -576.56 | J37: 6 | K37: =Table178910111213235787[[#This Row],[On Time Counts]]/45 -> 0.13333333 | L37: 7096.63 | M37: =Table178910111213235787[[#This Row],[Wipers +/-]]/Table178910111213235787[[#This Row],[Comp Sales]] -> 0.00014091195 | N37: 0 | O37: =Table178910111213235787[[#This Row],[Big 4 Items]]/Table178910111213235787[[#This Row],[Oil +/- ]] -> 0 | P37: =J37/S37 -> 0.54545455 | S37: =$T$1 -> 11
A38: Gulf Coast West | B38: 847 | C38: 72 | D38: 72 | E38: 70 | F38: -3 | G38: -34 | I38: 588.9 | J38: 5 | K38: =Table178910111213235787[[#This Row],[On Time Counts]]/45 -> 0.11111111 | L38: 6662.04 | M38: =Table178910111213235787[[#This Row],[Wipers +/-]]/Table178910111213235787[[#This Row],[Comp Sales]] -> -0.0051035419 | N38: 0 | O38: =Table178910111213235787[[#This Row],[Big 4 Items]]/Table178910111213235787[[#This Row],[Oil +/- ]] -> 0 | P38: =J38/S38 -> 0.45454545 | S38: =$T$1 -> 11
A39: Gulf Coast West | B39: 865 | C39: 112 | D39: 34 | E39: 3 | F39: 24 | G39: 10 | H39: 1 | I39: 385.26 | J39: 10 | K39: =Table178910111213235787[[#This Row],[On Time Counts]]/45 -> 0.22222222 | L39: 3219.44 | M39: =Table178910111213235787[[#This Row],[Wipers +/-]]/Table178910111213235787[[#This Row],[Comp Sales]] -> 0.0031061303 | N39: 0 | O39: =Table178910111213235787[[#This Row],[Big 4 Items]]/Table178910111213235787[[#This Row],[Oil +/- ]] -> 0 | P39: =J39/S39 -> 0.90909091 | S39: =$T$1 -> 11
A40: Gulf Coast West | B40: 919 | C40: -138 | D40: -146 | E40: -2 | F40: 1 | I40: -405.8 | J40: 8 | K40: =Table178910111213235787[[#This Row],[On Time Counts]]/45 -> 0.17777778 | L40: 3981.57 | M40: =Table178910111213235787[[#This Row],[Wipers +/-]]/Table178910111213235787[[#This Row],[Comp Sales]] -> 0 | N40: 0 | O40: =Table178910111213235787[[#This Row],[Big 4 Items]]/Table178910111213235787[[#This Row],[Oil +/- ]] -> 0 | P40: =J40/S40 -> 0.72727273 | S40: =$T$1 -> 11
A41: Gulf Coast West | B41: 954 | C41: 413 | D41: 408 | E41: -13 | F41: -12 | I41: 989.57 | J41: 7 | K41: =Table178910111213235787[[#This Row],[On Time Counts]]/45 -> 0.15555556 | M41: =Table178910111213235787[[#This Row],[Wipers +/-]]/Table178910111213235787[[#This Row],[Comp Sales]] -> #DIV/0! | O41: =Table178910111213235787[[#This Row],[Big 4 Items]]/Table178910111213235787[[#This Row],[Oil +/- ]] -> 0 | P41: =J41/S41 -> 0.63636364 | S41: =$T$1 -> 11
A42: Gulf Coast West | B42: 3017 | C42: -36 | D42: -64 | E42: -33 | F42: -1 | H42: -5 | I42: -443.9 | J42: 10 | K42: =Table178910111213235787[[#This Row],[On Time Counts]]/45 -> 0.22222222 | L42: 4219.46 | M42: =Table178910111213235787[[#This Row],[Wipers +/-]]/Table178910111213235787[[#This Row],[Comp Sales]] -> 0 | N42: 0 | O42: =Table178910111213235787[[#This Row],[Big 4 Items]]/Table178910111213235787[[#This Row],[Oil +/- ]] -> 0 | P42: =J42/S42 -> 0.90909091 | S42: =$T$1 -> 11
A43: Lafayette | B43: 29 | C43: 4 | D43: 4 | E43: -1 | I43: 10.85 | J43: 6 | K43: =Table178910111213235787[[#This Row],[On Time Counts]]/45 -> 0.13333333 | L43: 6761.54 | M43: =Table178910111213235787[[#This Row],[Wipers +/-]]/Table178910111213235787[[#This Row],[Comp Sales]] -> 0 | N43: 0 | O43: =Table178910111213235787[[#This Row],[Big 4 Items]]/Table178910111213235787[[#This Row],[Oil +/- ]] -> 0 | P43: =J43/S43 -> 0.54545455 | S43: =$T$1 -> 11
A44: Lafayette | B44: 40 | C44: -26 | D44: -26 | E44: 3 | F44: -34 | I44: -229.13 | J44: 7 | K44: =Table178910111213235787[[#This Row],[On Time Counts]]/45 -> 0.15555556 | L44: 4100.43 | M44: =Table178910111213235787[[#This Row],[Wipers +/-]]/Table178910111213235787[[#This Row],[Comp Sales]] -> 0 | N44: 0 | O44: =Table178910111213235787[[#This Row],[Big 4 Items]]/Table178910111213235787[[#This Row],[Oil +/- ]] -> 0 | P44: =J44/S44 -> 0.63636364 | S44: =$T$1 -> 11
A45: Lafayette | B45: 280 | C45: 161 | D45: 63 | E45: 27 | F45: -1 | I45: 333.14 | J45: 9 | K45: =Table178910111213235787[[#This Row],[On Time Counts]]/45 -> 0.2 | L45: 2513.65 | M45: =Table178910111213235787[[#This Row],[Wipers +/-]]/Table178910111213235787[[#This Row],[Comp Sales]] -> 0 | N45: 0 | O45: =Table178910111213235787[[#This Row],[Big 4 Items]]/Table178910111213235787[[#This Row],[Oil +/- ]] -> 0 | P45: =J45/S45 -> 0.81818182 | S45: =$T$1 -> 11
A46: Lafayette | B46: 599 | C46: 179 | D46: 163 | E46: -8 | F46: -1 | G46: 1 | H46: -1 | I46: 896.26 | J46: 11 | K46: =Table178910111213235787[[#This Row],[On Time Counts]]/45 -> 0.24444444 | L46: 2026.59 | M46: =Table178910111213235787[[#This Row],[Wipers +/-]]/Table178910111213235787[[#This Row],[Comp Sales]] -> 0.00049343972 | N46: 0 | O46: =Table178910111213235787[[#This Row],[Big 4 Items]]/Table178910111213235787[[#This Row],[Oil +/- ]] -> 0 | P46: =J46/S46 -> 1 | S46: =$T$1 -> 11
A47: Lafayette | B47: 720 | C47: 135 | D47: -381 | E47: 2 | F47: 7 | G47: 4 | H47: 8 | I47: 89.7 | J47: 3 | K47: =Table178910111213235787[[#This Row],[On Time Counts]]/45 -> 0.066666667 | L47: 0 | M47: =Table178910111213235787[[#This Row],[Wipers +/-]]/Table178910111213235787[[#This Row],[Comp Sales]] -> #DIV/0! | N47: 0 | O47: =Table178910111213235787[[#This Row],[Big 4 Items]]/Table178910111213235787[[#This Row],[Oil +/- ]] -> 0 | P47: =J47/S47 -> 0.27272727 | S47: =$T$1 -> 11
A48: Lafayette | B48: 728 | C48: 450 | D48: 435 | E48: 33 | F48: 2 | H48: -4 | I48: 1495.92 | J48: 10 | K48: =Table178910111213235787[[#This Row],[On Time Counts]]/45 -> 0.22222222 | L48: 3487.35 | M48: =Table178910111213235787[[#This Row],[Wipers +/-]]/Table178910111213235787[[#This Row],[Comp Sales]] -> 0 | N48: 0 | O48: =Table178910111213235787[[#This Row],[Big 4 Items]]/Table178910111213235787[[#This Row],[Oil +/- ]] -> 0 | P48: =J48/S48 -> 0.90909091 | S48: =$T$1 -> 11
A49: Lafayette | B49: 830 | C49: 101 | D49: 97 | E49: 0 | F49: -28 | G49: 23 | H49: 7 | I49: 667.83 | J49: 10 | K49: =Table178910111213235787[[#This Row],[On Time Counts]]/45 -> 0.22222222 | L49: 3488.35 | M49: =Table178910111213235787[[#This Row],[Wipers +/-]]/Table178910111213235787[[#This Row],[Comp Sales]] -> 0.0065933751 | N49: 1 | O49: =Table178910111213235787[[#This Row],[Big 4 Items]]/Table178910111213235787[[#This Row],[Oil +/- ]] -> 0.010309278 | P49: =J49/S49 -> 0.90909091 | S49: =$T$1 -> 11
A50: Lafayette | B50: 975 | C50: -53 | D50: -53 | E50: 0 | F50: 0 | G50: 2 | H50: -1 | I50: -157.69 | J50: 10 | K50: =Table178910111213235787[[#This Row],[On Time Counts]]/45 -> 0.22222222 | L50: 1986.68 | M50: =Table178910111213235787[[#This Row],[Wipers +/-]]/Table178910111213235787[[#This Row],[Comp Sales]] -> 0.0010067047 | N50: 0 | O50: =Table178910111213235787[[#This Row],[Big 4 Items]]/Table178910111213235787[[#This Row],[Oil +/- ]] -> 0 | P50: =J50/S50 -> 0.90909091 | S50: =$T$1 -> 11
A51: NOLA North | B51: 1 | C51: 113 | D51: 75 | E51: -3 | F51: 7 | G51: 11 | H51: 3 | I51: 412.23 | J51: 10 | K51: =Table178910111213235787[[#This Row],[On Time Counts]]/45 -> 0.22222222 | L51: 2791.49 | M51: =Table178910111213235787[[#This Row],[Wipers +/-]]/Table178910111213235787[[#This Row],[Comp Sales]] -> 0.0039405479 | N51: 0 | O51: =Table178910111213235787[[#This Row],[Big 4 Items]]/Table178910111213235787[[#This Row],[Oil +/- ]] -> 0 | P51: =J51/S51 -> 0.90909091 | S51: =$T$1 -> 11
A52: NOLA North | B52: 2 | C52: -77 | D52: -77 | E52: 0 | F52: 0 | G52: 0 | H52: 0 | I52: -218.33 | J52: 10 | K52: =Table178910111213235787[[#This Row],[On Time Counts]]/45 -> 0.22222222 | L52: 5684.97 | M52: =Table178910111213235787[[#This Row],[Wipers +/-]]/Table178910111213235787[[#This Row],[Comp Sales]] -> 0 | N52: 0 | O52: =Table178910111213235787[[#This Row],[Big 4 Items]]/Table178910111213235787[[#This Row],[Oil +/- ]] -> 0 | P52: =J52/S52 -> 0.90909091 | S52: =$T$1 -> 11
A53: NOLA North | B53: 4 | C53: 1710 | D53: -156 | E53: -14 | F53: -17 | G53: 6 | H53: -2 | I53: -282.95 | J53: 11 | K53: =Table178910111213235787[[#This Row],[On Time Counts]]/45 -> 0.24444444 | L53: 0 | M53: =Table178910111213235787[[#This Row],[Wipers +/-]]/Table178910111213235787[[#This Row],[Comp Sales]] -> #DIV/0! | N53: 0 | O53: =Table178910111213235787[[#This Row],[Big 4 Items]]/Table178910111213235787[[#This Row],[Oil +/- ]] -> 0 | P53: =J53/S53 -> 1 | S53: =$T$1 -> 11
A54: NOLA North | B54: 6 | C54: 19 | D54: 31 | E54: 14 | F54: 0 | G54: 0 | H54: 0 | I54: 281.18 | J54: 10 | K54: =Table178910111213235787[[#This Row],[On Time Counts]]/45 -> 0.22222222 | L54: 0 | M54: =Table178910111213235787[[#This Row],[Wipers +/-]]/Table178910111213235787[[#This Row],[Comp Sales]] -> #DIV/0! | O54: =Table178910111213235787[[#This Row],[Big 4 Items]]/Table178910111213235787[[#This Row],[Oil +/- ]] -> 0 | P54: =J54/S54 -> 0.90909091 | S54: =$T$1 -> 11
A55: NOLA North | B55: 15 | E55: 8 | I55: 30.9 | J55: 1 | K55: =Table178910111213235787[[#This Row],[On Time Counts]]/45 -> 0.022222222 | L55: 6979.44 | M55: =Table178910111213235787[[#This Row],[Wipers +/-]]/Table178910111213235787[[#This Row],[Comp Sales]] -> 0 | O55: =Table178910111213235787[[#This Row],[Big 4 Items]]/Table178910111213235787[[#This Row],[Oil +/- ]] -> #DIV/0! | P55: =J55/S55 -> 0.090909091 | S55: =$T$1 -> 11
A56: NOLA North | B56: 28 | C56: -1 | D56: -1 | E56: -66 | F56: 24 | G56: 10 | H56: -6 | I56: 461.01 | J56: 9 | K56: =Table178910111213235787[[#This Row],[On Time Counts]]/45 -> 0.2 | L56: 6567.35 | M56: =Table178910111213235787[[#This Row],[Wipers +/-]]/Table178910111213235787[[#This Row],[Comp Sales]] -> 0.0015226842 | O56: =Table178910111213235787[[#This Row],[Big 4 Items]]/Table178910111213235787[[#This Row],[Oil +/- ]] -> 0 | P56: =J56/S56 -> 0.81818182 | S56: =$T$1 -> 11
A57: NOLA North | B57: 32 | C57: 764 | D57: -98 | E57: 39 | F57: 10 | G57: 10 | H57: -1 | I57: 5552.77 | J57: 10 | K57: =Table178910111213235787[[#This Row],[On Time Counts]]/45 -> 0.22222222 | M57: =Table178910111213235787[[#This Row],[Wipers +/-]]/Table178910111213235787[[#This Row],[Comp Sales]] -> #DIV/0! | O57: =Table178910111213235787[[#This Row],[Big 4 Items]]/Table178910111213235787[[#This Row],[Oil +/- ]] -> 0 | P57: =J57/S57 -> 0.90909091 | S57: =$T$1 -> 11
A58: NOLA North | B58: 606 | C58: -2 | D58: -2 | E58: 6 | F58: 0 | G58: 1 | H58: 0 | I58: 14.67 | J58: 10 | K58: =Table178910111213235787[[#This Row],[On Time Counts]]/45 -> 0.22222222 | L58: 6761.54 | M58: =Table178910111213235787[[#This Row],[Wipers +/-]]/Table178910111213235787[[#This Row],[Comp Sales]] -> 0.0001478953 | O58: =Table178910111213235787[[#This Row],[Big 4 Items]]/Table178910111213235787[[#This Row],[Oil +/- ]] -> 0 | P58: =J58/S58 -> 0.90909091 | S58: =$T$1 -> 11
A59: NOLA North | B59: 999 | C59: 0 | D59: 0 | E59: 0 | F59: 0 | G59: 0 | H59: 0 | I59: 0 | J59: 0 | K59: =Table178910111213235787[[#This Row],[On Time Counts]]/45 -> 0 | L59: 6083.18 | M59: =Table178910111213235787[[#This Row],[Wipers +/-]]/Table178910111213235787[[#This Row],[Comp Sales]] -> 0 | O59: =Table178910111213235787[[#This Row],[Big 4 Items]]/Table178910111213235787[[#This Row],[Oil +/- ]] -> #DIV/0! | P59: =J59/S59 -> #DIV/0! | S59: 0
A60: NOLA South | B60: 8 | C60: 44 | D60: -49 | E60: -35 | F60: 10 | G60: 1 | H60: -3 | I60: 39.13 | J60: 5 | K60: =Table178910111213235787[[#This Row],[On Time Counts]]/45 -> 0.11111111 | L60: 4849.02 | M60: =Table178910111213235787[[#This Row],[Wipers +/-]]/Table178910111213235787[[#This Row],[Comp Sales]] -> 0.00020622724 | O60: =Table178910111213235787[[#This Row],[Big 4 Items]]/Table178910111213235787[[#This Row],[Oil +/- ]] -> 0 | P60: =J60/S60 -> 0.45454545 | S60: =$T$1 -> 11
A61: NOLA South | B61: 10 | C61: -31 | D61: -31 | E61: -8 | F61: -5781 | G61: 3 | I61: -17880.68 | J61: 7 | K61: =Table178910111213235787[[#This Row],[On Time Counts]]/45 -> 0.15555556 | L61: 6870.99 | M61: =Table178910111213235787[[#This Row],[Wipers +/-]]/Table178910111213235787[[#This Row],[Comp Sales]] -> 0.0004366183 | O61: =Table178910111213235787[[#This Row],[Big 4 Items]]/Table178910111213235787[[#This Row],[Oil +/- ]] -> 0 | P61: =J61/S61 -> 0.63636364 | S61: =$T$1 -> 11
A62: NOLA South | B62: 12 | C62: 838 | D62: 1064 | E62: 500 | G62: -4 | I62: 5581.94 | J62: 6 | K62: =Table178910111213235787[[#This Row],[On Time Counts]]/45 -> 0.13333333 | L62: 6806.79 | M62: =Table178910111213235787[[#This Row],[Wipers +/-]]/Table178910111213235787[[#This Row],[Comp Sales]] -> -0.00058764851 | O62: =Table178910111213235787[[#This Row],[Big 4 Items]]/Table178910111213235787[[#This Row],[Oil +/- ]] -> 0 | P62: =J62/S62 -> 0.54545455 | S62: =$T$1 -> 11
A63: NOLA South | B63: 13 | C63: 790 | D63: 790 | E63: -1 | F63: -4 | G63: 1 | I63: 2344.14 | J63: 10 | K63: =Table178910111213235787[[#This Row],[On Time Counts]]/45 -> 0.22222222 | L63: 5842.02 | M63: =Table178910111213235787[[#This Row],[Wipers +/-]]/Table178910111213235787[[#This Row],[Comp Sales]] -> 0.00017117367 | O63: =Table178910111213235787[[#This Row],[Big 4 Items]]/Table178910111213235787[[#This Row],[Oil +/- ]] -> 0 | P63: =J63/S63 -> 0.90909091 | S63: =$T$1 -> 11
A64: NOLA South | B64: 31 | C64: 38 | D64: 20 | E64: 5 | F64: 16 | G64: -17 | H64: 0 | I64: 60.42 | J64: 11 | K64: =Table178910111213235787[[#This Row],[On Time Counts]]/45 -> 0.24444444 | L64: 7096.63 | M64: =Table178910111213235787[[#This Row],[Wipers +/-]]/Table178910111213235787[[#This Row],[Comp Sales]] -> -0.0023955032 | O64: =Table178910111213235787[[#This Row],[Big 4 Items]]/Table178910111213235787[[#This Row],[Oil +/- ]] -> 0 | P64: =J64/S64 -> 1 | S64: =$T$1 -> 11
A65: NOLA South | B65: 92 | C65: -311 | D65: -73 | E65: 17 | F65: -2 | G65: -2 | H65: 4 | I65: 155 | J65: 10 | K65: =Table178910111213235787[[#This Row],[On Time Counts]]/45 -> 0.22222222 | L65: 6662.04 | M65: =Table178910111213235787[[#This Row],[Wipers +/-]]/Table178910111213235787[[#This Row],[Comp Sales]] -> -0.00030020834 | O65: =Table178910111213235787[[#This Row],[Big 4 Items]]/Table178910111213235787[[#This Row],[Oil +/- ]] -> 0 | P65: =J65/S65 -> 0.90909091 | S65: =$T$1 -> 11
A66: NOLA South | B66: 116 | C66: 3508 | D66: 3508 | E66: 12 | F66: -1 | G66: -3 | I66: 10695.7 | J66: 9 | K66: =Table178910111213235787[[#This Row],[On Time Counts]]/45 -> 0.2 | L66: 2791.49 | M66: =Table178910111213235787[[#This Row],[Wipers +/-]]/Table178910111213235787[[#This Row],[Comp Sales]] -> -0.0010746949 | O66: =Table178910111213235787[[#This Row],[Big 4 Items]]/Table178910111213235787[[#This Row],[Oil +/- ]] -> 0 | P66: =J66/S66 -> 0.81818182 | S66: =$T$1 -> 11
A67: NOLA South | B67: 870 | C67: -84 | D67: -84 | E67: 2 | F67: -3 | G67: -1 | H67: 0 | I67: -179.73 | J67: 9 | K67: =Table178910111213235787[[#This Row],[On Time Counts]]/45 -> 0.2 | M67: =Table178910111213235787[[#This Row],[Wipers +/-]]/Table178910111213235787[[#This Row],[Comp Sales]] -> #DIV/0! | O67: =Table178910111213235787[[#This Row],[Big 4 Items]]/Table178910111213235787[[#This Row],[Oil +/- ]] -> 0 | P67: =J67/S67 -> 0.81818182 | S67: =$T$1 -> 11
A68: NOLA South | B68: 3004 | C68: 44 | D68: 54 | E68: -2 | F68: -1 | H68: 6 | I68: 421.01 | J68: 7 | K68: =Table178910111213235787[[#This Row],[On Time Counts]]/45 -> 0.15555556 | M68: =Table178910111213235787[[#This Row],[Wipers +/-]]/Table178910111213235787[[#This Row],[Comp Sales]] -> #DIV/0! | O68: =Table178910111213235787[[#This Row],[Big 4 Items]]/Table178910111213235787[[#This Row],[Oil +/- ]] -> 0 | P68: =J68/S68 -> 0.63636364 | S68: =$T$1 -> 11
A284: 0.01 | B284: -0.01
A285: =A284+1% -> 0.02 | B285: =B284-1% -> -0.02
A286: =A285+1% -> 0.03 | B286: =B285-1% -> -0.03
A287: =A286+1% -> 0.04 | B287: =B286-1% -> -0.04
A288: =A287+1% -> 0.05 | B288: =B287-1% -> -0.05
A289: =A288+1% -> 0.06 | B289: =B288-1% -> -0.06
A290: =A289+1% -> 0.07 | B290: =B289-1% -> -0.07
A291: =A290+1% -> 0.08 | B291: =B290-1% -> -0.08
A292: =A291+1% -> 0.09 | B292: =B291-1% -> -0.09
A293: =A292+1% -> 0.1 | B293: =B292-1% -> -0.1
A294: =A293+1% -> 0.11 | B294: =B293-1% -> -0.11
A295: =A294+1% -> 0.12 | B295: =B294-1% -> -0.12
A296: =A295+1% -> 0.13 | B296: =B295-1% -> -0.13
... A383: =A382+1% -> 1 | B383: =B382-1% -> -1

Sheet P10 - 10-18
A1: District | B1: Lubricants/Oil +/- | C1: Oil +/- | D1: Oil Filters +/- | E1: Air Filters +/- | F1: Wipers +/- | G1: Cabins +/- | H1: Adjustment Variance | I1: On Time Counts | J1: Count Compliance | L1: Comp Sales | M1: Comp Attainment | N1: Big 4 | O1: Coolant | S1: Total Count Target | T1: 11
A2: =A12 -> Baton Rouge North | B2: =SUM(C12:C19) -> 1401.18 | C2: =SUM(D12:D19) -> 1354.18 | D2: =SUM(E12:E19) -> 135 | E2: =SUM(F12:F19) -> 0 | F2: =SUM(G12:G19) -> 41 | G2: =SUM(H12:H19) -> 13 | H2: =SUM(I12:I19) -> 3750.256 | I2: =SUM(J12:J19) -> 25 | J2: =I2/SUM(S12:S19) -> 0.37878788 | L2: =SUM(L12:L12) -> 4238.98 | M2: =((F2-G12)/L2)-100% -> -0.99032786 | N2: =SUM(N12:N12)/C2 -> 0 | O2: =SUM(P12:P12)/C2 -> 0
A3: =A20 -> Baton Rouge South | B3: =SUM(C20:C26) -> 4091.46 | C3: =SUM(D20:D26) -> 4253.46 | D3: =SUM(E20:E26) -> 1062 | E3: =SUM(F20:F26) -> -57 | F3: =SUM(G20:G26) -> 212 | G3: =SUM(H20:H26) -> 182 | H3: =SUM(I20:I26) -> 14837.2 | I3: =SUM(J20:J26) -> 46 | J3: =I3/SUM(S20:S26) -> 0.5974026 | L3: =SUM(L13:L13) -> 5844.34 | M3: =((F3-G13)/L3)-100% -> -0.9731364 | N3: =SUM(N13:N13)/C3 -> 0 | O3: =SUM(P13:P13)/C3 -> 0.00014961082
A4: =A27 -> Gulf Coast North | B4: =SUM(C27:C35) -> 308 | C4: =SUM(D27:D35) -> -68 | D4: =SUM(E27:E35) -> 381 | E4: =SUM(F27:F35) -> 8 | F4: =SUM(G27:G35) -> 0 | G4: =SUM(H27:H35) -> 6 | H4: =SUM(I27:I35) -> 2246.95 | I4: =SUM(J27:J35) -> 52 | J4: =I4/SUM(S27:S35) -> 0.52525253 | L4: =SUM(L14:L23) -> 52541.38 | M4: =(F4/L4)-100% -> -1 | N4: =SUM(N14:N23)/C4 -> 0 | O4: =SUM(P14:P23)/C4 -> #DIV/0!
A5: =A36 -> Gulf Coast West | B5: =SUM(C36:C42) -> 782 | C5: =SUM(D36:D42) -> 873 | D5: =SUM(E36:E42) -> -2 | E5: =SUM(F36:F42) -> 32 | F5: =SUM(G36:G42) -> 71 | G5: =SUM(H36:H42) -> 28 | H5: =SUM(I36:I42) -> 3679.82 | I5: =SUM(J36:J42) -> 45 | J5: =I5/SUM(S36:S42) -> 0.58441558 | L5: =SUM(L24:L36) -> 80972.98 | M5: =((F5-G34-G35-G36)/L5)-100% -> -0.99912316 | N5: =SUM(N24:N36)/C5 -> 0 | O5: =SUM(P24:P36)/C5 -> 0.0085389982
A6: =A43 -> Lafayette | B6: =SUM(C43:C50) -> 1827 | C6: =SUM(D43:D50) -> 1063 | D6: =SUM(E43:E50) -> 107 | E6: =SUM(F43:F50) -> 14 | F6: =SUM(G43:G50) -> 11 | G6: =SUM(H43:H50) -> -19 | H6: =SUM(I43:I50) -> 4548.93 | I6: =SUM(J43:J50) -> 72 | J6: =I6/SUM(S43:S50) -> 0.81818182
A7: =A51 -> NOLA North | B7: =SUM(C51:C59) -> 3446 | C7: =SUM(D51:D59) -> 863 | D7: =SUM(E51:E59) -> 49 | E7: =SUM(F51:F59) -> -11 | F7: =SUM(G51:G59) -> 2 | G7: =SUM(H51:H59) -> 14 | H7: =SUM(I51:I59) -> 6704.25 | I7: =SUM(J51:J59) -> 74 | J7: =I7/SUM(S51:S59) -> 0.84090909 | L7: =SUM(L37:L45) -> 38554.76 | M7: =(F7/L7)-100% -> -0.99994813 | N7: =SUM(N37:N45)/C7 -> 0 | O7: =SUM(P37:P45)/C7 -> 0.0071631729
A8: =A60 -> NOLA South | B8: =SUM(C60:C68) -> 3798 | C8: =SUM(D60:D68) -> 2817 | D8: =SUM(E60:E68) -> 136 | E8: =SUM(F60:F68) -> -21 | F8: =SUM(G60:G68) -> -21 | G8: =SUM(H60:H68) -> 31 | H8: =SUM(I60:I68) -> 14680.57 | I8: =SUM(J60:J68) -> 60 | J8: =I8/SUM(S60:S68) -> 0.60606061 | L8: =SUM(L46:L54) -> 19465.43 | M8: =((F8-G54)/L8)-100% -> -1.0009247 | N8: =SUM(N46:N54)/C8 -> 0.00035498758 | O8: =SUM(P46:P54)/C8 -> 0.0027108142
A9: Gulf Coast | B9: =SUM(B2:B8) -> 15653.64 | C9: =SUM(C2:C8) -> 11155.64 | D9: =SUM(D2:D8) -> 1868 | E9: =SUM(E2:E8) -> -35 | F9: =SUM(F2:F8) -> 316 | G9: =SUM(G2:G8) -> 255 | H9: =SUM(H2:H8) -> 50447.976 | I9: =SUM(I2:I8) -> 374 | J9: =I9/SUM(S12:S68) -> 0.62962963 | L9: =SUM(L2:L8) -> 201617.87 | M9: =((F9-G12-G13-G34-G35-G36-G54)/L9)-100% -> -0.99869059 | N9: {=SUM(Table178910111213235783[Big 4 Items]/C9)} -> 8.9640756e-05 | O9: =SUM(Table178910111213235783[Count Compliance2])/C9 -> #DIV/0!
A11: District | B11: Store | C11: Lubricants/Oil +/- | D11: Oil +/- | E11: Oil Filters +/- | F11: Air Filters +/- | G11: Wipers +/- | H11: Cabins +/- | I11: Adjustment Variance | J11: On Time Counts | K11: Count Compliance | L11: Comp Sales | M11: Comp Sales Attainment | N11: Big 4 Items | O11: Big 4 | P11: Count Compliance2
A12: Baton Rouge North | B12: 17 | K12: =Table178910111213235783[[#This Row],[On Time Counts]]/45 -> 0 | L12: 4238.98 | M12: =Table178910111213235783[[#This Row],[Wipers +/-]]/Table178910111213235783[[#This Row],[Comp Sales]] -> 0 | N12: 0 | O12: =Table178910111213235783[[#This Row],[Big 4 Items]]/Table178910111213235783[[#This Row],[Oil +/- ]] -> #DIV/0! | P12: =J12/S12 -> 0 | S12: =$T$1 -> 11
A13: Baton Rouge North | B13: 22 | C13: 2.64 | D13: 2.64 | E13: 0 | F13: 1 | G13: 55 | H13: 21 | I13: 259.8654 | J13: 7 | K13: =Table178910111213235783[[#This Row],[On Time Counts]]/45 -> 0.15555556 | L13: 5844.34 | M13: =Table178910111213235783[[#This Row],[Wipers +/-]]/Table178910111213235783[[#This Row],[Comp Sales]] -> 0.0094108146 | N13: 0 | O13: =Table178910111213235783[[#This Row],[Big 4 Items]]/Table178910111213235783[[#This Row],[Oil +/- ]] -> 0 | P13: =J13/S13 -> 0.63636364 | S13: =$T$1 -> 11
A14: Baton Rouge North | B14: 641 | C14: -88.68 | D14: -88.68 | E14: 135 | F14: -1 | G14: -15 | H14: -1 | I14: -189.6878 | J14: 9 | K14: =Table178910111213235783[[#This Row],[On Time Counts]]/45 -> 0.2 | L14: 3219.34 | M14: =Table178910111213235783[[#This Row],[Wipers +/-]]/Table178910111213235783[[#This Row],[Comp Sales]] -> -0.0046593401 | N14: 0 | O14: =Table178910111213235783[[#This Row],[Big 4 Items]]/Table178910111213235783[[#This Row],[Oil +/- ]] -> 0 | P14: =J14/S14 -> 0.81818182 | S14: =$T$1 -> 11
A15: Baton Rouge North | B15: 717 | C15: 746.7 | D15: 746.7 | H15: -8 | I15: 2370.981 | J15: 2 | K15: =Table178910111213235783[[#This Row],[On Time Counts]]/45 -> 0.044444444 | L15: 8034.77 | M15: =Table178910111213235783[[#This Row],[Wipers +/-]]/Table178910111213235783[[#This Row],[Comp Sales]] -> 0 | N15: 0 | O15: =Table178910111213235783[[#This Row],[Big 4 Items]]/Table178910111213235783[[#This Row],[Oil +/- ]] -> 0 | P15: =J15/S15 -> 0.18181818 | S15: =$T$1 -> 11
A16: Baton Rouge North | B16: 843 | C16: 133.52 | D16: 86.52 | I16: 234.1374 | J16: 1 | K16: =Table178910111213235783[[#This Row],[On Time Counts]]/45 -> 0.022222222 | L16: 6497.34 | M16: =Table178910111213235783[[#This Row],[Wipers +/-]]/Table178910111213235783[[#This Row],[Comp Sales]] -> 0 | N16: 0 | O16: =Table178910111213235783[[#This Row],[Big 4 Items]]/Table178910111213235783[[#This Row],[Oil +/- ]] -> 0 | P16: =J16/S16 -> 0.090909091 | S16: =$T$1 -> 11
A17: Baton Rouge North | B17: 881 | C17: 607 | D17: 607 | G17: 1 | H17: 1 | I17: 1074.96 | J17: 6 | K17: =Table178910111213235783[[#This Row],[On Time Counts]]/45 -> 0.13333333 | M17: =Table178910111213235783[[#This Row],[Wipers +/-]]/Table178910111213235783[[#This Row],[Comp Sales]] -> #DIV/0! | O17: =Table178910111213235783[[#This Row],[Big 4 Items]]/Table178910111213235783[[#This Row],[Oil +/- ]] -> 0 | P17: =J17/S17 -> 0.54545455 | S17: =$T$1 -> 11
A18: Baton Rouge North | B18: 953 | C18: 0 | D18: 0 | E18: 0 | F18: 0 | G18: 0 | H18: 0 | I18: 0 | J18: 0 | K18: =Table178910111213235783[[#This Row],[On Time Counts]]/45 -> 0 | L18: 7185.39 | M18: =Table178910111213235783[[#This Row],[Wipers +/-]]/Table178910111213235783[[#This Row],[Comp Sales]] -> 0 | N18: 0 | O18: =Table178910111213235783[[#This Row],[Big 4 Items]]/Table178910111213235783[[#This Row],[Oil +/- ]] -> #DIV/0! | P18: =J18/S18 -> #DIV/0! | S18: 0
A19: Baton Rouge North | B19: 3040 | C19: 0 | D19: 0 | E19: 0 | F19: 0 | G19: 0 | H19: 0 | I19: 0 | J19: 0 | K19: =Table178910111213235783[[#This Row],[On Time Counts]]/45 -> 0 | L19: 6083.18 | M19: =Table178910111213235783[[#This Row],[Wipers +/-]]/Table178910111213235783[[#This Row],[Comp Sales]] -> 0 | N19: 0 | O19: =Table178910111213235783[[#This Row],[Big 4 Items]]/Table178910111213235783[[#This Row],[Oil +/- ]] -> #DIV/0! | P19: =J19/S19 -> #DIV/0! | S19: 0
A20: Baton Rouge South | B20: 18 | C20: 453.74 | D20: 554.74 | E20: 328 | F20: 35 | G20: 27 | H20: 161 | I20: 968.9704 | J20: 8 | K20: =Table178910111213235783[[#This Row],[On Time Counts]]/45 -> 0.17777778 | L20: 4849.02 | M20: =Table178910111213235783[[#This Row],[Wipers +/-]]/Table178910111213235783[[#This Row],[Comp Sales]] -> 0.0055681354 | N20: 0 | O20: =Table178910111213235783[[#This Row],[Big 4 Items]]/Table178910111213235783[[#This Row],[Oil +/- ]] -> 0 | P20: =J20/S20 -> 0.72727273 | S20: =$T$1 -> 11
A21: Baton Rouge South | B21: 19 | C21: 1070.62 | D21: 1070.62 | E21: 120 | F21: -89 | I21: 5508.206 | J21: 4 | K21: =Table178910111213235783[[#This Row],[On Time Counts]]/45 -> 0.088888889 | L21: 2994.56 | M21: =Table178910111213235783[[#This Row],[Wipers +/-]]/Table178910111213235783[[#This Row],[Comp Sales]] -> 0 | N21: 0 | O21: =Table178910111213235783[[#This Row],[Big 4 Items]]/Table178910111213235783[[#This Row],[Oil +/- ]] -> 0 | P21: =J21/S21 -> 0.36363636 | S21: =$T$1 -> 11
A22: Baton Rouge South | B22: 282 | C22: 125.92 | D22: 186.92 | E22: -3 | I22: -314.0978 | J22: 3 | K22: =Table178910111213235783[[#This Row],[On Time Counts]]/45 -> 0.066666667 | L22: 6870.99 | M22: =Table178910111213235783[[#This Row],[Wipers +/-]]/Table178910111213235783[[#This Row],[Comp Sales]] -> 0 | N22: 0 | O22: =Table178910111213235783[[#This Row],[Big 4 Items]]/Table178910111213235783[[#This Row],[Oil +/- ]] -> 0 | P22: =J22/S22 -> 0.27272727 | S22: =$T$1 -> 11
A23: Baton Rouge South | B23: 447 | C23: -279.96 | D23: -279.96 | E23: -44 | F23: -5 | I23: -1079.8533 | J23: 6 | K23: =Table178910111213235783[[#This Row],[On Time Counts]]/45 -> 0.13333333 | L23: 6806.79 | M23: =Table178910111213235783[[#This Row],[Wipers +/-]]/Table178910111213235783[[#This Row],[Comp Sales]] -> 0 | N23: 0 | O23: =Table178910111213235783[[#This Row],[Big 4 Items]]/Table178910111213235783[[#This Row],[Oil +/- ]] -> 0 | P23: =J23/S23 -> 0.54545455 | S23: =$T$1 -> 11
A24: Baton Rouge South | B24: 448 | C24: 2414.24 | D24: 2414.24 | E24: 645 | F24: 21 | G24: 169 | H24: 8 | I24: 7957.1074 | J24: 8 | K24: =Table178910111213235783[[#This Row],[On Time Counts]]/45 -> 0.17777778 | L24: 3933.29 | M24: =Table178910111213235783[[#This Row],[Wipers +/-]]/Table178910111213235783[[#This Row],[Comp Sales]] -> 0.042966575 | N24: 0 | O24: =Table178910111213235783[[#This Row],[Big 4 Items]]/Table178910111213235783[[#This Row],[Oil +/- ]] -> 0 | P24: =J24/S24 -> 0.72727273 | S24: =$T$1 -> 11
A25: Baton Rouge South | B25: 531 | C25: -112.1 | D25: -112.1 | E25: 17 | F25: 0 | G25: 17 | H25: 8 | I25: -522.243 | J25: 7 | K25: =Table178910111213235783[[#This Row],[On Time Counts]]/45 -> 0.15555556 | L25: 6987.69 | M25: =Table178910111213235783[[#This Row],[Wipers +/-]]/Table178910111213235783[[#This Row],[Comp Sales]] -> 0.0024328498 | N25: 0 | O25: =Table178910111213235783[[#This Row],[Big 4 Items]]/Table178910111213235783[[#This Row],[Oil +/- ]] -> 0 | P25: =J25/S25 -> 0.63636364 | S25: =$T$1 -> 11
A26: Baton Rouge South | B26: 832 | C26: 419 | D26: 419 | E26: -1 | F26: -19 | G26: -1 | H26: 5 | I26: 2319.11 | J26: 10 | K26: =Table178910111213235783[[#This Row],[On Time Counts]]/45 -> 0.22222222 | L26: 5562.48 | M26: =Table178910111213235783[[#This Row],[Wipers +/-]]/Table178910111213235783[[#This Row],[Comp Sales]] -> -0.00017977593 | N26: 0 | O26: =Table178910111213235783[[#This Row],[Big 4 Items]]/Table178910111213235783[[#This Row],[Oil +/- ]] -> 0 | P26: =J26/S26 -> 0.90909091 | S26: =$T$1 -> 11
A27: Gulf Coast North | B27: 3 | K27: =Table178910111213235783[[#This Row],[On Time Counts]]/45 -> 0 | L27: 10385.27 | M27: =Table178910111213235783[[#This Row],[Wipers +/-]]/Table178910111213235783[[#This Row],[Comp Sales]] -> 0 | N27: 0 | O27: =Table178910111213235783[[#This Row],[Big 4 Items]]/Table178910111213235783[[#This Row],[Oil +/- ]] -> #DIV/0! | P27: =J27/S27 -> 0 | S27: =$T$1 -> 11
A28: Gulf Coast North | B28: 5 | C28: -201 | D28: -526 | E28: 149 | G28: -3 | H28: -1 | I28: 103.54 | J28: 9 | K28: =Table178910111213235783[[#This Row],[On Time Counts]]/45 -> 0.2 | L28: 5512.41 | M28: =Table178910111213235783[[#This Row],[Wipers +/-]]/Table178910111213235783[[#This Row],[Comp Sales]] -> -0.00054422657 | N28: 0 | O28: =Table178910111213235783[[#This Row],[Big 4 Items]]/Table178910111213235783[[#This Row],[Oil +/- ]] -> 0 | P28: =J28/S28 -> 0.81818182 | S28: =$T$1 -> 11
A29: Gulf Coast North | B29: 11 | C29: -138 | D29: -13 | F29: 0 | G29: -2 | H29: 0 | I29: -1360.72 | J29: 8 | K29: =Table178910111213235783[[#This Row],[On Time Counts]]/45 -> 0.17777778 | L29: 7892.5 | M29: =Table178910111213235783[[#This Row],[Wipers +/-]]/Table178910111213235783[[#This Row],[Comp Sales]] -> -0.00025340513 | N29: 0 | O29: =Table178910111213235783[[#This Row],[Big 4 Items]]/Table178910111213235783[[#This Row],[Oil +/- ]] -> 0 | P29: =J29/S29 -> 0.72727273 | S29: =$T$1 -> 11
A30: Gulf Coast North | B30: 14 | C30: 406 | D30: 513 | G30: 0 | H30: 9 | I30: 2499.58 | J30: 6 | K30: =Table178910111213235783[[#This Row],[On Time Counts]]/45 -> 0.13333333 | L30: 3854.43 | M30: =Table178910111213235783[[#This Row],[Wipers +/-]]/Table178910111213235783[[#This Row],[Comp Sales]] -> 0 | N30: 0 | O30: =Table178910111213235783[[#This Row],[Big 4 Items]]/Table178910111213235783[[#This Row],[Oil +/- ]] -> 0 | P30: =J30/S30 -> 0.54545455 | S30: =$T$1 -> 11
A31: Gulf Coast North | B31: 20 | E31: 12 | F31: 2 | G31: 5 | H31: -1 | I31: 48.46 | J31: 2 | K31: =Table178910111213235783[[#This Row],[On Time Counts]]/45 -> 0.044444444 | L31: 6979.44 | M31: =Table178910111213235783[[#This Row],[Wipers +/-]]/Table178910111213235783[[#This Row],[Comp Sales]] -> 0.00071638985 | N31: 0 | O31: =Table178910111213235783[[#This Row],[Big 4 Items]]/Table178910111213235783[[#This Row],[Oil +/- ]] -> #DIV/0! | P31: =J31/S31 -> 0.18181818 | S31: =$T$1 -> 11
A32: Gulf Coast North | B32: 21 | C32: -8 | D32: -24 | E32: 18 | G32: -2 | H32: -1 | I32: 557.72 | J32: 10 | K32: =Table178910111213235783[[#This Row],[On Time Counts]]/45 -> 0.22222222 | L32: 7573.54 | M32: =Table178910111213235783[[#This Row],[Wipers +/-]]/Table178910111213235783[[#This Row],[Comp Sales]] -> -0.0002640773 | N32: 0 | O32: =Table178910111213235783[[#This Row],[Big 4 Items]]/Table178910111213235783[[#This Row],[Oil +/- ]] -> 0 | P32: =J32/S32 -> 0.90909091 | S32: =$T$1 -> 11
A33: Gulf Coast North | B33: 23 | C33: 339 | D33: 45 | G33: 2 | H33: 1 | I33: 481.92 | J33: 5 | K33: =Table178910111213235783[[#This Row],[On Time Counts]]/45 -> 0.11111111 | L33: 5842.02 | M33: =Table178910111213235783[[#This Row],[Wipers +/-]]/Table178910111213235783[[#This Row],[Comp Sales]] -> 0.00034234734 | N33: 0 | O33: =Table178910111213235783[[#This Row],[Big 4 Items]]/Table178910111213235783[[#This Row],[Oil +/- ]] -> 0 | P33: =J33/S33 -> 0.45454545 | S33: =$T$1 -> 11
A34: Gulf Coast North | B34: 24 | C34: -95 | D34: -95 | F34: 27 | I34: -424.94 | J34: 4 | K34: =Table178910111213235783[[#This Row],[On Time Counts]]/45 -> 0.088888889 | L34: 6567.35 | M34: =Table178910111213235783[[#This Row],[Wipers +/-]]/Table178910111213235783[[#This Row],[Comp Sales]] -> 0 | N34: 0 | O34: =Table178910111213235783[[#This Row],[Big 4 Items]]/Table178910111213235783[[#This Row],[Oil +/- ]] -> 0 | P34: =J34/S34 -> 0.36363636 | S34: =$T$1 -> 11
A35: Gulf Coast North | B35: 26 | C35: 5 | D35: 32 | E35: 202 | F35: -21 | H35: -1 | I35: 341.39 | J35: 8 | K35: =Table178910111213235783[[#This Row],[On Time Counts]]/45 -> 0.17777778 | L35: 5286.48 | M35: =Table178910111213235783[[#This Row],[Wipers +/-]]/Table178910111213235783[[#This Row],[Comp Sales]] -> 0 | N35: 0 | O35: =Table178910111213235783[[#This Row],[Big 4 Items]]/Table178910111213235783[[#This Row],[Oil +/- ]] -> 0 | P35: =J35/S35 -> 0.72727273 | S35: =$T$1 -> 11
A36: Gulf Coast West | B36: 46 | C36: 19 | D36: 19 | E36: 0 | I36: 42.51 | J36: 5 | K36: =Table178910111213235783[[#This Row],[On Time Counts]]/45 -> 0.11111111 | L36: 4596.08 | M36: =Table178910111213235783[[#This Row],[Wipers +/-]]/Table178910111213235783[[#This Row],[Comp Sales]] -> 0 | N36: 0 | O36: =Table178910111213235783[[#This Row],[Big 4 Items]]/Table178910111213235783[[#This Row],[Oil +/- ]] -> 0 | P36: =J36/S36 -> 0.45454545 | S36: =$T$1 -> 11
A37: Gulf Coast West | B37: 283 | C37: -1213 | D37: -1067 | E37: -21 | I37: -4140.53 | J37: 4 | K37: =Table178910111213235783[[#This Row],[On Time Counts]]/45 -> 0.088888889 | L37: 7096.63 | M37: =Table178910111213235783[[#This Row],[Wipers +/-]]/Table178910111213235783[[#This Row],[Comp Sales]] -> 0 | N37: 0 | O37: =Table178910111213235783[[#This Row],[Big 4 Items]]/Table178910111213235783[[#This Row],[Oil +/- ]] -> 0 | P37: =J37/S37 -> 0.36363636 | S37: =$T$1 -> 11
A38: Gulf Coast West | B38: 847 | C38: -147 | D38: -147 | G38: 83 | H38: -2 | I38: 29.3 | J38: 4 | K38: =Table178910111213235783[[#This Row],[On Time Counts]]/45 -> 0.088888889 | L38: 6662.04 | M38: =Table178910111213235783[[#This Row],[Wipers +/-]]/Table178910111213235783[[#This Row],[Comp Sales]] -> 0.012458646 | N38: 0 | O38: =Table178910111213235783[[#This Row],[Big 4 Items]]/Table178910111213235783[[#This Row],[Oil +/- ]] -> 0 | P38: =J38/S38 -> 0.36363636 | S38: =$T$1 -> 11
A39: Gulf Coast West | B39: 865 | C39: 1465 | D39: 1405 | E39: -1 | F39: 32 | G39: -1 | H39: 34 | I39: 4262.84 | J39: 10 | K39: =Table178910111213235783[[#This Row],[On Time Counts]]/45 -> 0.22222222 | L39: 3219.44 | M39: =Table178910111213235783[[#This Row],[Wipers +/-]]/Table178910111213235783[[#This Row],[Comp Sales]] -> -0.00031061303 | N39: 0 | O39: =Table178910111213235783[[#This Row],[Big 4 Items]]/Table178910111213235783[[#This Row],[Oil +/- ]] -> 0 | P39: =J39/S39 -> 0.90909091 | S39: =$T$1 -> 11
A40: Gulf Coast West | B40: 919 | C40: -22 | D40: -9 | F40: 0 | G40: -1 | H40: 4 | I40: 28.47 | J40: 8 | K40: =Table178910111213235783[[#This Row],[On Time Counts]]/45 -> 0.17777778 | L40: 3981.57 | M40: =Table178910111213235783[[#This Row],[Wipers +/-]]/Table178910111213235783[[#This Row],[Comp Sales]] -> -0.00025115721 | N40: 0 | O40: =Table178910111213235783[[#This Row],[Big 4 Items]]/Table178910111213235783[[#This Row],[Oil +/- ]] -> 0 | P40: =J40/S40 -> 0.72727273 | S40: =$T$1 -> 11
A41: Gulf Coast West | B41: 954 | C41: 111 | D41: 103 | E41: 2 | G41: -10 | H41: -8 | I41: 681.01 | J41: 7 | K41: =Table178910111213235783[[#This Row],[On Time Counts]]/45 -> 0.15555556 | M41: =Table178910111213235783[[#This Row],[Wipers +/-]]/Table178910111213235783[[#This Row],[Comp Sales]] -> #DIV/0! | O41: =Table178910111213235783[[#This Row],[Big 4 Items]]/Table178910111213235783[[#This Row],[Oil +/- ]] -> 0 | P41: =J41/S41 -> 0.63636364 | S41: =$T$1 -> 11
A42: Gulf Coast West | B42: 3017 | C42: 569 | D42: 569 | E42: 18 | I42: 2776.22 | J42: 7 | K42: =Table178910111213235783[[#This Row],[On Time Counts]]/45 -> 0.15555556 | L42: 4219.46 | M42: =Table178910111213235783[[#This Row],[Wipers +/-]]/Table178910111213235783[[#This Row],[Comp Sales]] -> 0 | N42: 0 | O42: =Table178910111213235783[[#This Row],[Big 4 Items]]/Table178910111213235783[[#This Row],[Oil +/- ]] -> 0 | P42: =J42/S42 -> 0.63636364 | S42: =$T$1 -> 11
A43: Lafayette | B43: 29 | C43: 318 | D43: 318 | F43: 4 | H43: -4 | I43: 877.8 | J43: 8 | K43: =Table178910111213235783[[#This Row],[On Time Counts]]/45 -> 0.17777778 | L43: 6761.54 | M43: =Table178910111213235783[[#This Row],[Wipers +/-]]/Table178910111213235783[[#This Row],[Comp Sales]] -> 0 | N43: 0 | O43: =Table178910111213235783[[#This Row],[Big 4 Items]]/Table178910111213235783[[#This Row],[Oil +/- ]] -> 0 | P43: =J43/S43 -> 0.72727273 | S43: =$T$1 -> 11
A44: Lafayette | B44: 40 | C44: -14 | D44: -14 | E44: 63 | F44: 7 | G44: -4 | H44: -2 | I44: 140.37 | J44: 9 | K44: =Table178910111213235783[[#This Row],[On Time Counts]]/45 -> 0.2 | L44: 4100.43 | M44: =Table178910111213235783[[#This Row],[Wipers +/-]]/Table178910111213235783[[#This Row],[Comp Sales]] -> -0.00097550745 | N44: 0 | O44: =Table178910111213235783[[#This Row],[Big 4 Items]]/Table178910111213235783[[#This Row],[Oil +/- ]] -> 0 | P44: =J44/S44 -> 0.81818182 | S44: =$T$1 -> 11
A45: Lafayette | B45: 280 | C45: 108 | D45: 25 | E45: 16 | F45: -1 | G45: -2 | H45: 0 | I45: 353.6 | J45: 11 | K45: =Table178910111213235783[[#This Row],[On Time Counts]]/45 -> 0.24444444 | L45: 2513.65 | M45: =Table178910111213235783[[#This Row],[Wipers +/-]]/Table178910111213235783[[#This Row],[Comp Sales]] -> -0.00079565572 | N45: 0 | O45: =Table178910111213235783[[#This Row],[Big 4 Items]]/Table178910111213235783[[#This Row],[Oil +/- ]] -> 0 | P45: =J45/S45 -> 1 | S45: =$T$1 -> 11
A46: Lafayette | B46: 599 | C46: -7 | D46: -11 | E46: 25 | F46: -1 | G46: -1 | H46: 0 | I46: 135.32 | J46: 11 | K46: =Table178910111213235783[[#This Row],[On Time Counts]]/45 -> 0.24444444 | L46: 2026.59 | M46: =Table178910111213235783[[#This Row],[Wipers +/-]]/Table178910111213235783[[#This Row],[Comp Sales]] -> -0.00049343972 | N46: 0 | O46: =Table178910111213235783[[#This Row],[Big 4 Items]]/Table178910111213235783[[#This Row],[Oil +/- ]] -> 0 | P46: =J46/S46 -> 1 | S46: =$T$1 -> 11
A47: Lafayette | B47: 720 | C47: 657 | D47: 657 | E47: -1 | F47: -12 | G47: 3 | H47: -4 | I47: 1912.74 | J47: 6 | K47: =Table178910111213235783[[#This Row],[On Time Counts]]/45 -> 0.13333333 | L47: 0 | M47: =Table178910111213235783[[#This Row],[Wipers +/-]]/Table178910111213235783[[#This Row],[Comp Sales]] -> #DIV/0! | N47: 0 | O47: =Table178910111213235783[[#This Row],[Big 4 Items]]/Table178910111213235783[[#This Row],[Oil +/- ]] -> 0 | P47: =J47/S47 -> 0.54545455 | S47: =$T$1 -> 11
A48: Lafayette | B48: 728 | C48: 8 | D48: 8 | E48: -29 | F48: 3 | G48: 1 | H48: -1 | I48: 37.84 | J48: 9 | K48: =Table178910111213235783[[#This Row],[On Time Counts]]/45 -> 0.2 | L48: 3487.35 | M48: =Table178910111213235783[[#This Row],[Wipers +/-]]/Table178910111213235783[[#This Row],[Comp Sales]] -> 0.00028675068 | N48: 0 | O48: =Table178910111213235783[[#This Row],[Big 4 Items]]/Table178910111213235783[[#This Row],[Oil +/- ]] -> 0 | P48: =J48/S48 -> 0.81818182 | S48: =$T$1 -> 11
A49: Lafayette | B49: 830 | C49: 85 | D49: 85 | E49: 33 | F49: -2 | G49: 14 | H49: -7 | I49: 570.45 | J49: 9 | K49: =Table178910111213235783[[#This Row],[On Time Counts]]/45 -> 0.2 | L49: 3488.35 | M49: =Table178910111213235783[[#This Row],[Wipers +/-]]/Table178910111213235783[[#This Row],[Comp Sales]] -> 0.0040133588 | N49: 1 | O49: =Table178910111213235783[[#This Row],[Big 4 Items]]/Table178910111213235783[[#This Row],[Oil +/- ]] -> 0.011764706 | P49: =J49/S49 -> 0.81818182 | S49: =$T$1 -> 11
A50: Lafayette | B50: 975 | C50: 672 | D50: -5 | E50: 0 | F50: 16 | G50: 0 | H50: -1 | I50: 520.81 | J50: 9 | K50: =Table178910111213235783[[#This Row],[On Time Counts]]/45 -> 0.2 | L50: 1986.68 | M50: =Table178910111213235783[[#This Row],[Wipers +/-]]/Table178910111213235783[[#This Row],[Comp Sales]] -> 0 | N50: 0 | O50: =Table178910111213235783[[#This Row],[Big 4 Items]]/Table178910111213235783[[#This Row],[Oil +/- ]] -> 0 | P50: =J50/S50 -> 0.81818182 | S50: =$T$1 -> 11
A51: NOLA North | B51: 1 | C51: 443 | D51: 301 | E51: 0 | F51: -3 | G51: -11 | H51: 3 | I51: 2856.17 | J51: 10 | K51: =Table178910111213235783[[#This Row],[On Time Counts]]/45 -> 0.22222222 | L51: 2791.49 | M51: =Table178910111213235783[[#This Row],[Wipers +/-]]/Table178910111213235783[[#This Row],[Comp Sales]] -> -0.0039405479 | N51: 0 | O51: =Table178910111213235783[[#This Row],[Big 4 Items]]/Table178910111213235783[[#This Row],[Oil +/- ]] -> 0 | P51: =J51/S51 -> 0.90909091 | S51: =$T$1 -> 11
A52: NOLA North | B52: 2 | C52: -12 | D52: -25 | E52: 1 | F52: 0 | G52: 1 | H52: 0 | I52: -50.19 | J52: 10 | K52: =Table178910111213235783[[#This Row],[On Time Counts]]/45 -> 0.22222222 | L52: 5684.97 | M52: =Table178910111213235783[[#This Row],[Wipers +/-]]/Table178910111213235783[[#This Row],[Comp Sales]] -> 0.00017590242 | N52: 0 | O52: =Table178910111213235783[[#This Row],[Big 4 Items]]/Table178910111213235783[[#This Row],[Oil +/- ]] -> 0 | P52: =J52/S52 -> 0.90909091 | S52: =$T$1 -> 11
A53: NOLA North | B53: 4 | C53: -111 | D53: -111 | E53: 7 | F53: -10 | G53: -1 | H53: 9 | I53: -231.62 | J53: 11 | K53: =Table178910111213235783[[#This Row],[On Time Counts]]/45 -> 0.24444444 | L53: 0 | M53: =Table178910111213235783[[#This Row],[Wipers +/-]]/Table178910111213235783[[#This Row],[Comp Sales]] -> #DIV/0! | N53: 0 | O53: =Table178910111213235783[[#This Row],[Big 4 Items]]/Table178910111213235783[[#This Row],[Oil +/- ]] -> 0 | P53: =J53/S53 -> 1 | S53: =$T$1 -> 11
A54: NOLA North | B54: 6 | C54: 218 | D54: 202 | E54: 39 | F54: 10 | G54: -3 | H54: 1 | I54: 1183.06 | J54: 9 | K54: =Table178910111213235783[[#This Row],[On Time Counts]]/45 -> 0.2 | L54: 0 | M54: =Table178910111213235783[[#This Row],[Wipers +/-]]/Table178910111213235783[[#This Row],[Comp Sales]] -> #DIV/0! | O54: =Table178910111213235783[[#This Row],[Big 4 Items]]/Table178910111213235783[[#This Row],[Oil +/- ]] -> 0 | P54: =J54/S54 -> 0.81818182 | S54: =$T$1 -> 11
A55: NOLA North | B55: 15 | C55: 424 | D55: 424 | E55: 2 | F55: -4 | G55: 16 | H55: 2 | I55: 1146.74 | J55: 9 | K55: =Table178910111213235783[[#This Row],[On Time Counts]]/45 -> 0.2 | L55: 6979.44 | M55: =Table178910111213235783[[#This Row],[Wipers +/-]]/Table178910111213235783[[#This Row],[Comp Sales]] -> 0.0022924475 | O55: =Table178910111213235783[[#This Row],[Big 4 Items]]/Table178910111213235783[[#This Row],[Oil +/- ]] -> 0 | P55: =J55/S55 -> 0.81818182 | S55: =$T$1 -> 11
A56: NOLA North | B56: 28 | C56: 186 | D56: -109 | E56: 2 | I56: 130.73 | J56: 4 | K56: =Table178910111213235783[[#This Row],[On Time Counts]]/45 -> 0.088888889 | L56: 6567.35 | M56: =Table178910111213235783[[#This Row],[Wipers +/-]]/Table178910111213235783[[#This Row],[Comp Sales]] -> 0 | O56: =Table178910111213235783[[#This Row],[Big 4 Items]]/Table178910111213235783[[#This Row],[Oil +/- ]] -> 0 | P56: =J56/S56 -> 0.36363636 | S56: =$T$1 -> 11
A57: NOLA North | B57: 32 | C57: 2226 | D57: 109 | E57: -5 | F57: 0 | G57: 1 | H57: 0 | I57: 1493.97 | J57: 10 | K57: =Table178910111213235783[[#This Row],[On Time Counts]]/45 -> 0.22222222 | M57: =Table178910111213235783[[#This Row],[Wipers +/-]]/Table178910111213235783[[#This Row],[Comp Sales]] -> #DIV/0! | O57: =Table178910111213235783[[#This Row],[Big 4 Items]]/Table178910111213235783[[#This Row],[Oil +/- ]] -> 0 | P57: =J57/S57 -> 0.90909091 | S57: =$T$1 -> 11
A58: NOLA North | B58: 606 | C58: 72 | D58: 72 | E58: 3 | F58: -4 | G58: -1 | H58: -1 | I58: 175.39 | J58: 11 | K58: =Table178910111213235783[[#This Row],[On Time Counts]]/45 -> 0.24444444 | L58: 6761.54 | M58: =Table178910111213235783[[#This Row],[Wipers +/-]]/Table178910111213235783[[#This Row],[Comp Sales]] -> -0.0001478953 | O58: =Table178910111213235783[[#This Row],[Big 4 Items]]/Table178910111213235783[[#This Row],[Oil +/- ]] -> 0 | P58: =J58/S58 -> 1 | S58: =$T$1 -> 11
A59: NOLA North | B59: 999 | C59: 0 | D59: 0 | E59: 0 | F59: 0 | G59: 0 | H59: 0 | I59: 0 | J59: 0 | K59: =Table178910111213235783[[#This Row],[On Time Counts]]/45 -> 0 | L59: 6083.18 | M59: =Table178910111213235783[[#This Row],[Wipers +/-]]/Table178910111213235783[[#This Row],[Comp Sales]] -> 0 | O59: =Table178910111213235783[[#This Row],[Big 4 Items]]/Table178910111213235783[[#This Row],[Oil +/- ]] -> #DIV/0! | P59: =J59/S59 -> #DIV/0! | S59: 0
A60: NOLA South | B60: 8 | C60: 1285 | D60: 1253 | E60: 89 | F60: 1 | H60: 3 | I60: 4189.01 | J60: 3 | K60: =Table178910111213235783[[#This Row],[On Time Counts]]/45 -> 0.066666667 | L60: 4849.02 | M60: =Table178910111213235783[[#This Row],[Wipers +/-]]/Table178910111213235783[[#This Row],[Comp Sales]] -> 0 | O60: =Table178910111213235783[[#This Row],[Big 4 Items]]/Table178910111213235783[[#This Row],[Oil +/- ]] -> 0 | P60: =J60/S60 -> 0.27272727 | S60: =$T$1 -> 11
A61: NOLA South | B61: 10 | C61: -12 | D61: -12 | E61: 18 | F61: -1 | G61: -12 | H61: 1 | I61: 41.15 | J61: 5 | K61: =Table178910111213235783[[#This Row],[On Time Counts]]/45 -> 0.11111111 | L61: 6870.99 | M61: =Table178910111213235783[[#This Row],[Wipers +/-]]/Table178910111213235783[[#This Row],[Comp Sales]] -> -0.0017464732 | O61: =Table178910111213235783[[#This Row],[Big 4 Items]]/Table178910111213235783[[#This Row],[Oil +/- ]] -> 0 | P61: =J61/S61 -> 0.45454545 | S61: =$T$1 -> 11
A62: NOLA South | B62: 12 | H62: 17 | I62: 49.91 | J62: 1 | K62: =Table178910111213235783[[#This Row],[On Time Counts]]/45 -> 0.022222222 | L62: 6806.79 | M62: =Table178910111213235783[[#This Row],[Wipers +/-]]/Table178910111213235783[[#This Row],[Comp Sales]] -> 0 | O62: =Table178910111213235783[[#This Row],[Big 4 Items]]/Table178910111213235783[[#This Row],[Oil +/- ]] -> #DIV/0! | P62: =J62/S62 -> 0.090909091 | S62: =$T$1 -> 11
A63: NOLA South | B63: 13 | C63: 792 | D63: 254 | E63: 30 | F63: -7 | I63: 2705.06 | J63: 9 | K63: =Table178910111213235783[[#This Row],[On Time Counts]]/45 -> 0.2 | L63: 5842.02 | M63: =Table178910111213235783[[#This Row],[Wipers +/-]]/Table178910111213235783[[#This Row],[Comp Sales]] -> 0 | O63: =Table178910111213235783[[#This Row],[Big 4 Items]]/Table178910111213235783[[#This Row],[Oil +/- ]] -> 0 | P63: =J63/S63 -> 0.81818182 | S63: =$T$1 -> 11
A64: NOLA South | B64: 31 | C64: 142 | D64: 118 | F64: -11 | G64: 11 | H64: 0 | I64: 1071.23 | J64: 10 | K64: =Table178910111213235783[[#This Row],[On Time Counts]]/45 -> 0.22222222 | L64: 7096.63 | M64: =Table178910111213235783[[#This Row],[Wipers +/-]]/Table178910111213235783[[#This Row],[Comp Sales]] -> 0.0015500315 | O64: =Table178910111213235783[[#This Row],[Big 4 Items]]/Table178910111213235783[[#This Row],[Oil +/- ]] -> 0 | P64: =J64/S64 -> 0.90909091 | S64: =$T$1 -> 11
A65: NOLA South | B65: 92 | C65: -81 | D65: -92 | E65: 0 | F65: -3 | G65: -33 | H65: -1 | I65: -278.05 | J65: 11 | K65: =Table178910111213235783[[#This Row],[On Time Counts]]/45 -> 0.24444444 | L65: 6662.04 | M65: =Table178910111213235783[[#This Row],[Wipers +/-]]/Table178910111213235783[[#This Row],[Comp Sales]] -> -0.0049534377 | O65: =Table178910111213235783[[#This Row],[Big 4 Items]]/Table178910111213235783[[#This Row],[Oil +/- ]] -> 0 | P65: =J65/S65 -> 1 | S65: =$T$1 -> 11
A66: NOLA South | B66: 116 | C66: 652 | D66: 256 | E66: 0 | G66: 15 | H66: 6 | I66: 4463.97 | J66: 9 | K66: =Table178910111213235783[[#This Row],[On Time Counts]]/45 -> 0.2 | L66: 2791.49 | M66: =Table178910111213235783[[#This Row],[Wipers +/-]]/Table178910111213235783[[#This Row],[Comp Sales]] -> 0.0053734744 | O66: =Table178910111213235783[[#This Row],[Big 4 Items]]/Table178910111213235783[[#This Row],[Oil +/- ]] -> 0 | P66: =J66/S66 -> 0.81818182 | S66: =$T$1 -> 11
A67: NOLA South | B67: 870 | C67: 291 | D67: 291 | E67: -1 | F67: 0 | G67: -2 | H67: -2 | I67: 523.28 | J67: 7 | K67: =Table178910111213235783[[#This Row],[On Time Counts]]/45 -> 0.15555556 | M67: =Table178910111213235783[[#This Row],[Wipers +/-]]/Table178910111213235783[[#This Row],[Comp Sales]] -> #DIV/0! | O67: =Table178910111213235783[[#This Row],[Big 4 Items]]/Table178910111213235783[[#This Row],[Oil +/- ]] -> 0 | P67: =J67/S67 -> 0.63636364 | S67: =$T$1 -> 11
A68: NOLA South | B68: 3004 | C68: 729 | D68: 749 | F68: 0 | H68: 7 | I68: 1915.01 | J68: 5 | K68: =Table178910111213235783[[#This Row],[On Time Counts]]/45 -> 0.11111111 | M68: =Table178910111213235783[[#This Row],[Wipers +/-]]/Table178910111213235783[[#This Row],[Comp Sales]] -> #DIV/0! | O68: =Table178910111213235783[[#This Row],[Big 4 Items]]/Table178910111213235783[[#This Row],[Oil +/- ]] -> 0 | P68: =J68/S68 -> 0.45454545 | S68: =$T$1 -> 11
A284: 0.01 | B284: -0.01
A285: =A284+1% -> 0.02 | B285: =B284-1% -> -0.02
A286: =A285+1% -> 0.03 | B286: =B285-1% -> -0.03
A287: =A286+1% -> 0.04 | B287: =B286-1% -> -0.04
A288: =A287+1% -> 0.05 | B288: =B287-1% -> -0.05
A289: =A288+1% -> 0.06 | B289: =B288-1% -> -0.06
A290: =A289+1% -> 0.07 | B290: =B289-1% -> -0.07
A291: =A290+1% -> 0.08 | B291: =B290-1% -> -0.08
A292: =A291+1% -> 0.09 | B292: =B291-1% -> -0.09
A293: =A292+1% -> 0.1 | B293: =B292-1% -> -0.1
A294: =A293+1% -> 0.11 | B294: =B293-1% -> -0.11
A295: =A294+1% -> 0.12 | B295: =B294-1% -> -0.12
A296: =A295+1% -> 0.13 | B296: =B295-1% -> -0.13
... A383: =A382+1% -> 1 | B383: =B382-1% -> -1

Sheet P10 - 10-25
A1: District | B1: Lubricants/Oil +/- | C1: Oil +/- | D1: Oil Filters +/- | E1: Air Filters +/- | F1: Wipers +/- | G1: Cabins +/- | H1: Adjustment Variance | I1: On Time Counts | J1: Count Compliance | L1: Comp Sales | M1: Comp Attainment | N1: Big 4 | O1: Coolant | S1: Total Count Target | T1: 11
A2: =A12 -> Baton Rouge North | B2: =SUM(C12:C19) -> -997.84 | C2: =SUM(D12:D19) -> -897.84 | D2: =SUM(E12:E19) -> 5 | E2: =SUM(F12:F19) -> 114 | F2: =SUM(G12:G19) -> -371 | G2: =SUM(H12:H19) -> -17 | H2: =SUM(I12:I19) -> -3300.3574 | I2: =SUM(J12:J19) -> 25 | J2: =I2/SUM(S12:S19) -> 0.37878788 | L2: =SUM(L12:L12) -> 4238.98 | M2: =((F2-G12)/L2)-100% -> -1.0875211 | N2: =SUM(N12:N12)/C2 -> 0 | O2: =SUM(P12:P12)/C2 -> -0.00010125311
A3: =A20 -> Baton Rouge South | B3: =SUM(C20:C26) -> 1829.87 | C3: =SUM(D20:D26) -> 2131.87 | D3: =SUM(E20:E26) -> 33 | E3: =SUM(F20:F26) -> 148 | F3: =SUM(G20:G26) -> -224 | G3: =SUM(H20:H26) -> -68 | H3: =SUM(I20:I26) -> 5757.8316 | I3: =SUM(J20:J26) -> 49 | J3: =I3/SUM(S20:S26) -> 0.63636364 | L3: =SUM(L13:L13) -> 5844.34 | M3: =((F3-G13)/L3)-100% -> -1.0491073 | N3: =SUM(N13:N13)/C3 -> 0 | O3: =SUM(P13:P13)/C3 -> 0.00034114309
A4: =A27 -> Gulf Coast North | B4: =SUM(C27:C35) -> 8225 | C4: =SUM(D27:D35) -> 3288 | D4: =SUM(E27:E35) -> -38 | E4: =SUM(F27:F35) -> -18 | F4: =SUM(G27:G35) -> -43 | G4: =SUM(H27:H35) -> 55 | H4: =SUM(I27:I35) -> 20698.06 | I4: =SUM(J27:J35) -> 54 | J4: =I4/SUM(S27:S35) -> 0.54545455 | L4: =SUM(L14:L23) -> 52541.38 | M4: =(F4/L4)-100% -> -1.0008184 | N4: =SUM(N14:N23)/C4 -> 0 | O4: =SUM(P14:P23)/C4 -> #DIV/0!
A5: =A36 -> Gulf Coast West | B5: =SUM(C36:C42) -> -349 | C5: =SUM(D36:D42) -> -743 | D5: =SUM(E36:E42) -> 51 | E5: =SUM(F36:F42) -> 91 | F5: =SUM(G36:G42) -> 34 | G5: =SUM(H36:H42) -> 1 | H5: =SUM(I36:I42) -> -913.58 | I5: =SUM(J36:J42) -> 47 | J5: =I5/SUM(S36:S42) -> 0.61038961 | L5: =SUM(L24:L36) -> 80972.98 | M5: =((F5-G34-G35-G36)/L5)-100% -> -0.99943191 | N5: =SUM(N24:N36)/C5 -> 0 | O5: =SUM(P24:P36)/C5 -> -0.010522452
A6: =A43 -> Lafayette | B6: =SUM(C43:C50) -> 583 | C6: =SUM(D43:D50) -> 435 | D6: =SUM(E43:E50) -> -10 | E6: =SUM(F43:F50) -> 16 | F6: =SUM(G43:G50) -> -10 | G6: =SUM(H43:H50) -> -3 | H6: =SUM(I43:I50) -> 1867.82 | I6: =SUM(J43:J50) -> 68 | J6: =I6/SUM(S43:S50) -> 0.77272727
A7: =A51 -> NOLA North | B7: =SUM(C51:C59) -> 727 | C7: =SUM(D51:D59) -> 613 | D7: =SUM(E51:E59) -> -8 | E7: =SUM(F51:F59) -> 12 | F7: =SUM(G51:G59) -> 1 | G7: =SUM(H51:H59) -> 0 | H7: =SUM(I51:I59) -> 3347.6 | I7: =SUM(J51:J59) -> 72 | J7: =I7/SUM(S51:S59) -> 0.81818182 | L7: =SUM(L37:L45) -> 38554.76 | M7: =(F7/L7)-100% -> -0.99997406 | N7: =SUM(N37:N45)/C7 -> 0 | O7: =SUM(P37:P45)/C7 -> 0.0094913243
A8: =A60 -> NOLA South | B8: =SUM(C60:C68) -> 4305 | C8: =SUM(D60:D68) -> 2262 | D8: =SUM(E60:E68) -> 31 | E8: =SUM(F60:F68) -> 21 | F8: =SUM(G60:G68) -> 109 | G8: =SUM(H60:H68) -> 46 | H8: =SUM(I60:I68) -> 10430.82 | I8: =SUM(J60:J68) -> 75 | J8: =I8/SUM(S60:S68) -> 0.75757576 | L8: =SUM(L46:L54) -> 19465.43 | M8: =((F8-G54)/L8)-100% -> -0.99440033 | N8: =SUM(N46:N54)/C8 -> 0.00044208665 | O8: =SUM(P46:P54)/C8 -> 0.0032553653
A9: Gulf Coast | B9: =SUM(B2:B8) -> 14323.03 | C9: =SUM(C2:C8) -> 7089.03 | D9: =SUM(D2:D8) -> 64 | E9: =SUM(E2:E8) -> 384 | F9: =SUM(F2:F8) -> -504 | G9: =SUM(G2:G8) -> 14 | H9: =SUM(H2:H8) -> 37888.194 | I9: =SUM(I2:I8) -> 390 | J9: =I9/SUM(S12:S68) -> 0.65656566 | L9: =SUM(L2:L8) -> 201617.87 | M9: =((F9-G12-G13-G34-G35-G36-G54)/L9)-100% -> -1.0027527 | N9: {=SUM(Table1789101112132357834[Big 4 Items]/C9)} -> 0.00014106302 | O9: =SUM(Table1789101112132357834[Count Compliance2])/C9 -> #DIV/0!
A11: District | B11: Store | C11: Lubricants/Oil +/- | D11: Oil +/- | E11: Oil Filters +/- | F11: Air Filters +/- | G11: Wipers +/- | H11: Cabins +/- | I11: Adjustment Variance | J11: On Time Counts | K11: Count Compliance | L11: Comp Sales | M11: Comp Sales Attainment | N11: Big 4 Items | O11: Big 4 | P11: Count Compliance2
A12: Baton Rouge North | B12: 17 | F12: -33 | I12: -74.95 | J12: 1 | K12: =Table1789101112132357834[[#This Row],[On Time Counts]]/45 -> 0.022222222 | L12: 4238.98 | M12: =Table1789101112132357834[[#This Row],[Wipers +/-]]/Table1789101112132357834[[#This Row],[Comp Sales]] -> 0 | N12: 0 | O12: =Table1789101112132357834[[#This Row],[Big 4 Items]]/Table1789101112132357834[[#This Row],[Oil +/- ]] -> #DIV/0! | P12: =J12/S12 -> 0.090909091 | S12: =$T$1 -> 11
A13: Baton Rouge North | B13: 22 | C13: -1227.96 | D13: -1227.96 | E13: -14 | F13: 126 | G13: 63 | H13: 15 | I13: -2855.3676 | J13: 8 | K13: =Table1789101112132357834[[#This Row],[On Time Counts]]/45 -> 0.17777778 | L13: 5844.34 | M13: =Table1789101112132357834[[#This Row],[Wipers +/-]]/Table1789101112132357834[[#This Row],[Comp Sales]] -> 0.01077966 | N13: 0 | O13: =Table1789101112132357834[[#This Row],[Big 4 Items]]/Table1789101112132357834[[#This Row],[Oil +/- ]] -> 0 | P13: =J13/S13 -> 0.72727273 | S13: =$T$1 -> 11
A14: Baton Rouge North | B14: 641 | C14: -148.08 | D14: 39.92 | E14: -119 | G14: 3 | H14: 0 | I14: -616.3988 | J14: 6 | K14: =Table1789101112132357834[[#This Row],[On Time Counts]]/45 -> 0.13333333 | L14: 3219.34 | M14: =Table1789101112132357834[[#This Row],[Wipers +/-]]/Table1789101112132357834[[#This Row],[Comp Sales]] -> 0.00093186802 | N14: 0 | O14: =Table1789101112132357834[[#This Row],[Big 4 Items]]/Table1789101112132357834[[#This Row],[Oil +/- ]] -> 0 | P14: =J14/S14 -> 0.54545455 | S14: =$T$1 -> 11
A15: Baton Rouge North | B15: 717 | C15: -54.1 | D15: -54.1 | E15: 138 | H15: -36 | I15: -202.937 | J15: 4 | K15: =Table1789101112132357834[[#This Row],[On Time Counts]]/45 -> 0.088888889 | L15: 8034.77 | M15: =Table1789101112132357834[[#This Row],[Wipers +/-]]/Table1789101112132357834[[#This Row],[Comp Sales]] -> 0 | N15: 0 | O15: =Table1789101112132357834[[#This Row],[Big 4 Items]]/Table1789101112132357834[[#This Row],[Oil +/- ]] -> 0 | P15: =J15/S15 -> 0.36363636 | S15: =$T$1 -> 11
A16: Baton Rouge North | B16: 843 | C16: 338.3 | D16: 250.3 | F16: 21 | G16: -442 | H16: 5 | I16: 61.786 | J16: 2 | K16: =Table1789101112132357834[[#This Row],[On Time Counts]]/45 -> 0.044444444 | L16: 6497.34 | M16: =Table1789101112132357834[[#This Row],[Wipers +/-]]/Table1789101112132357834[[#This Row],[Comp Sales]] -> -0.068027839 | N16: 0 | O16: =Table1789101112132357834[[#This Row],[Big 4 Items]]/Table1789101112132357834[[#This Row],[Oil +/- ]] -> 0 | P16: =J16/S16 -> 0.18181818 | S16: =$T$1 -> 11
A17: Baton Rouge North | B17: 881 | C17: 94 | D17: 94 | G17: 5 | H17: -1 | I17: 387.51 | J17: 4 | K17: =Table1789101112132357834[[#This Row],[On Time Counts]]/45 -> 0.088888889 | M17: =Table1789101112132357834[[#This Row],[Wipers +/-]]/Table1789101112132357834[[#This Row],[Comp Sales]] -> #DIV/0! | O17: =Table1789101112132357834[[#This Row],[Big 4 Items]]/Table1789101112132357834[[#This Row],[Oil +/- ]] -> 0 | P17: =J17/S17 -> 0.36363636 | S17: =$T$1 -> 11
A18: Baton Rouge North | B18: 953 | C18: 0 | D18: 0 | E18: 0 | F18: 0 | G18: 0 | H18: 0 | I18: 0 | J18: 0 | K18: =Table1789101112132357834[[#This Row],[On Time Counts]]/45 -> 0 | L18: 7185.39 | M18: =Table1789101112132357834[[#This Row],[Wipers +/-]]/Table1789101112132357834[[#This Row],[Comp Sales]] -> 0 | N18: 0 | O18: =Table1789101112132357834[[#This Row],[Big 4 Items]]/Table1789101112132357834[[#This Row],[Oil +/- ]] -> #DIV/0! | P18: =J18/S18 -> #DIV/0! | S18: 0
A19: Baton Rouge North | B19: 3040 | C19: 0 | D19: 0 | E19: 0 | F19: 0 | G19: 0 | H19: 0 | I19: 0 | J19: 0 | K19: =Table1789101112132357834[[#This Row],[On Time Counts]]/45 -> 0 | L19: 6083.18 | M19: =Table1789101112132357834[[#This Row],[Wipers +/-]]/Table1789101112132357834[[#This Row],[Comp Sales]] -> 0 | N19: 0 | O19: =Table1789101112132357834[[#This Row],[Big 4 Items]]/Table1789101112132357834[[#This Row],[Oil +/- ]] -> #DIV/0! | P19: =J19/S19 -> #DIV/0! | S19: 0
A20: Baton Rouge South | B20: 18 | C20: 1355.99 | D20: 1355.99 | E20: 100 | F20: 40 | H20: 25 | I20: 4007.6414 | J20: 9 | K20: =Table1789101112132357834[[#This Row],[On Time Counts]]/45 -> 0.2 | L20: 4849.02 | M20: =Table1789101112132357834[[#This Row],[Wipers +/-]]/Table1789101112132357834[[#This Row],[Comp Sales]] -> 0 | N20: 0 | O20: =Table1789101112132357834[[#This Row],[Big 4 Items]]/Table1789101112132357834[[#This Row],[Oil +/- ]] -> 0 | P20: =J20/S20 -> 0.81818182 | S20: =$T$1 -> 11
A21: Baton Rouge South | B21: 19 | C21: 782.86 | D21: 782.86 | E21: -180 | F21: -19 | G21: -48 | H21: -77 | I21: 1445.7548 | J21: 8 | K21: =Table1789101112132357834[[#This Row],[On Time Counts]]/45 -> 0.17777778 | L21: 2994.56 | M21: =Table1789101112132357834[[#This Row],[Wipers +/-]]/Table1789101112132357834[[#This Row],[Comp Sales]] -> -0.016029066 | N21: 0 | O21: =Table1789101112132357834[[#This Row],[Big 4 Items]]/Table1789101112132357834[[#This Row],[Oil +/- ]] -> 0 | P21: =J21/S21 -> 0.72727273 | S21: =$T$1 -> 11
A22: Baton Rouge South | B22: 282 | C22: -526.66 | D22: -224.66 | E22: 6 | F22: 23 | I22: -655.8698 | J22: 5 | K22: =Table1789101112132357834[[#This Row],[On Time Counts]]/45 -> 0.11111111 | L22: 6870.99 | M22: =Table1789101112132357834[[#This Row],[Wipers +/-]]/Table1789101112132357834[[#This Row],[Comp Sales]] -> 0 | N22: 0 | O22: =Table1789101112132357834[[#This Row],[Big 4 Items]]/Table1789101112132357834[[#This Row],[Oil +/- ]] -> 0 | P22: =J22/S22 -> 0.45454545 | S22: =$T$1 -> 11
A23: Baton Rouge South | B23: 447 | C23: 87.24 | D23: 87.24 | E23: -112 | F23: -27 | G23: -195 | H23: -21 | I23: -331.5644 | J23: 4 | K23: =Table1789101112132357834[[#This Row],[On Time Counts]]/45 -> 0.088888889 | L23: 6806.79 | M23: =Table1789101112132357834[[#This Row],[Wipers +/-]]/Table1789101112132357834[[#This Row],[Comp Sales]] -> -0.028647865 | N23: 0 | O23: =Table1789101112132357834[[#This Row],[Big 4 Items]]/Table1789101112132357834[[#This Row],[Oil +/- ]] -> 0 | P23: =J23/S23 -> 0.36363636 | S23: =$T$1 -> 11
A24: Baton Rouge South | B24: 448 | C24: -70.48 | D24: -70.48 | E24: 178 | F24: 91 | G24: 15 | H24: 8 | I24: 486.3354 | J24: 6 | K24: =Table1789101112132357834[[#This Row],[On Time Counts]]/45 -> 0.13333333 | L24: 3933.29 | M24: =Table1789101112132357834[[#This Row],[Wipers +/-]]/Table1789101112132357834[[#This Row],[Comp Sales]] -> 0.0038136013 | N24: 0 | O24: =Table1789101112132357834[[#This Row],[Big 4 Items]]/Table1789101112132357834[[#This Row],[Oil +/- ]] -> 0 | P24: =J24/S24 -> 0.54545455 | S24: =$T$1 -> 11
A25: Baton Rouge South | B25: 531 | C25: -200.08 | D25: -200.08 | E25: 25 | H25: -5 | I25: -973.9158 | J25: 7 | K25: =Table1789101112132357834[[#This Row],[On Time Counts]]/45 -> 0.15555556 | L25: 6987.69 | M25: =Table1789101112132357834[[#This Row],[Wipers +/-]]/Table1789101112132357834[[#This Row],[Comp Sales]] -> 0 | N25: 0 | O25: =Table1789101112132357834[[#This Row],[Big 4 Items]]/Table1789101112132357834[[#This Row],[Oil +/- ]] -> 0 | P25: =J25/S25 -> 0.63636364 | S25: =$T$1 -> 11
A26: Baton Rouge South | B26: 832 | C26: 401 | D26: 401 | E26: 16 | F26: 40 | G26: 4 | H26: 2 | I26: 1779.45 | J26: 10 | K26: =Table1789101112132357834[[#This Row],[On Time Counts]]/45 -> 0.22222222 | L26: 5562.48 | M26: =Table1789101112132357834[[#This Row],[Wipers +/-]]/Table1789101112132357834[[#This Row],[Comp Sales]] -> 0.00071910371 | N26: 0 | O26: =Table1789101112132357834[[#This Row],[Big 4 Items]]/Table1789101112132357834[[#This Row],[Oil +/- ]] -> 0 | P26: =J26/S26 -> 0.90909091 | S26: =$T$1 -> 11
A27: Gulf Coast North | B27: 3 | C27: 971 | D27: 186 | E27: -62 | F27: -20 | H27: -12 | I27: 2126.32 | J27: 3 | K27: =Table1789101112132357834[[#This Row],[On Time Counts]]/45 -> 0.066666667 | L27: 10385.27 | M27: =Table1789101112132357834[[#This Row],[Wipers +/-]]/Table1789101112132357834[[#This Row],[Comp Sales]] -> 0 | N27: 0 | O27: =Table1789101112132357834[[#This Row],[Big 4 Items]]/Table1789101112132357834[[#This Row],[Oil +/- ]] -> 0 | P27: =J27/S27 -> 0.27272727 | S27: =$T$1 -> 11
A28: Gulf Coast North | B28: 5 | C28: 1814 | D28: 1601 | F28: 11 | G28: 0 | H28: 13 | I28: 7047.8 | J28: 7 | K28: =Table1789101112132357834[[#This Row],[On Time Counts]]/45 -> 0.15555556 | L28: 5512.41 | M28: =Table1789101112132357834[[#This Row],[Wipers +/-]]/Table1789101112132357834[[#This Row],[Comp Sales]] -> 0 | N28: 0 | O28: =Table1789101112132357834[[#This Row],[Big 4 Items]]/Table1789101112132357834[[#This Row],[Oil +/- ]] -> 0 | P28: =J28/S28 -> 0.63636364 | S28: =$T$1 -> 11
A29: Gulf Coast North | B29: 11 | C29: -235 | D29: -118 | E29: 0 | F29: -4 | G29: 0 | H29: 0 | I29: -1959.37 | J29: 9 | K29: =Table1789101112132357834[[#This Row],[On Time Counts]]/45 -> 0.2 | L29: 7892.5 | M29: =Table1789101112132357834[[#This Row],[Wipers +/-]]/Table1789101112132357834[[#This Row],[Comp Sales]] -> 0 | N29: 0 | O29: =Table1789101112132357834[[#This Row],[Big 4 Items]]/Table1789101112132357834[[#This Row],[Oil +/- ]] -> 0 | P29: =J29/S29 -> 0.81818182 | S29: =$T$1 -> 11
A30: Gulf Coast North | B30: 14 | C30: 4835 | D30: 1368 | E30: -5 | F30: -8 | G30: -4 | I30: 11212.41 | J30: 8 | K30: =Table1789101112132357834[[#This Row],[On Time Counts]]/45 -> 0.17777778 | L30: 3854.43 | M30: =Table1789101112132357834[[#This Row],[Wipers +/-]]/Table1789101112132357834[[#This Row],[Comp Sales]] -> -0.0010377669 | N30: 0 | O30: =Table1789101112132357834[[#This Row],[Big 4 Items]]/Table1789101112132357834[[#This Row],[Oil +/- ]] -> 0 | P30: =J30/S30 -> 0.72727273 | S30: =$T$1 -> 11
A31: Gulf Coast North | B31: 20 | C31: 236 | D31: 236 | F31: 2 | G31: -25 | H31: -2 | I31: 851.68 | J31: 2 | K31: =Table1789101112132357834[[#This Row],[On Time Counts]]/45 -> 0.044444444 | L31: 6979.44 | M31: =Table1789101112132357834[[#This Row],[Wipers +/-]]/Table1789101112132357834[[#This Row],[Comp Sales]] -> -0.0035819493 | N31: 0 | O31: =Table1789101112132357834[[#This Row],[Big 4 Items]]/Table1789101112132357834[[#This Row],[Oil +/- ]] -> 0 | P31: =J31/S31 -> 0.18181818 | S31: =$T$1 -> 11
A32: Gulf Coast North | B32: 21 | C32: -130 | D32: -131 | E32: -2 | F32: -1 | G32: -2 | H32: -1 | I32: -321.62 | J32: 10 | K32: =Table1789101112132357834[[#This Row],[On Time Counts]]/45 -> 0.22222222 | L32: 7573.54 | M32: =Table1789101112132357834[[#This Row],[Wipers +/-]]/Table1789101112132357834[[#This Row],[Comp Sales]] -> -0.0002640773 | N32: 0 | O32: =Table1789101112132357834[[#This Row],[Big 4 Items]]/Table1789101112132357834[[#This Row],[Oil +/- ]] -> 0 | P32: =J32/S32 -> 0.90909091 | S32: =$T$1 -> 11
A33: Gulf Coast North | B33: 23 | K33: =Table1789101112132357834[[#This Row],[On Time Counts]]/45 -> 0 | L33: 5842.02 | M33: =Table1789101112132357834[[#This Row],[Wipers +/-]]/Table1789101112132357834[[#This Row],[Comp Sales]] -> 0 | N33: 0 | O33: =Table1789101112132357834[[#This Row],[Big 4 Items]]/Table1789101112132357834[[#This Row],[Oil +/- ]] -> #DIV/0! | P33: =J33/S33 -> 0 | S33: =$T$1 -> 11
A34: Gulf Coast North | B34: 24 | C34: 684 | D34: 128 | E34: -107 | F34: -6 | G34: -12 | H34: 58 | I34: 2060.49 | J34: 10 | K34: =Table1789101112132357834[[#This Row],[On Time Counts]]/45 -> 0.22222222 | L34: 6567.35 | M34: =Table1789101112132357834[[#This Row],[Wipers +/-]]/Table1789101112132357834[[#This Row],[Comp Sales]] -> -0.001827221 | N34: 0 | O34: =Table1789101112132357834[[#This Row],[Big 4 Items]]/Table1789101112132357834[[#This Row],[Oil +/- ]] -> 0 | P34: =J34/S34 -> 0.90909091 | S34: =$T$1 -> 11
A35: Gulf Coast North | B35: 26 | C35: 50 | D35: 18 | E35: 138 | F35: 8 | H35: -1 | I35: -319.65 | J35: 5 | K35: =Table1789101112132357834[[#This Row],[On Time Counts]]/45 -> 0.11111111 | L35: 5286.48 | M35: =Table1789101112132357834[[#This Row],[Wipers +/-]]/Table1789101112132357834[[#This Row],[Comp Sales]] -> 0 | N35: 0 | O35: =Table1789101112132357834[[#This Row],[Big 4 Items]]/Table1789101112132357834[[#This Row],[Oil +/- ]] -> 0 | P35: =J35/S35 -> 0.45454545 | S35: =$T$1 -> 11
A36: Gulf Coast West | B36: 46 | C36: 195 | D36: -151 | E36: 0 | F36: 0 | G36: 0 | I36: 1981.7 | J36: 9 | K36: =Table1789101112132357834[[#This Row],[On Time Counts]]/45 -> 0.2 | L36: 4596.08 | M36: =Table1789101112132357834[[#This Row],[Wipers +/-]]/Table1789101112132357834[[#This Row],[Comp Sales]] -> 0 | N36: 0 | O36: =Table1789101112132357834[[#This Row],[Big 4 Items]]/Table1789101112132357834[[#This Row],[Oil +/- ]] -> 0 | P36: =J36/S36 -> 0.81818182 | S36: =$T$1 -> 11
A37: Gulf Coast West | B37: 283 | C37: -155 | D37: -29 | E37: 7 | F37: -13 | H37: -14 | I37: -807.82 | J37: 3 | K37: =Table1789101112132357834[[#This Row],[On Time Counts]]/45 -> 0.066666667 | L37: 7096.63 | M37: =Table1789101112132357834[[#This Row],[Wipers +/-]]/Table1789101112132357834[[#This Row],[Comp Sales]] -> 0 | N37: 0 | O37: =Table1789101112132357834[[#This Row],[Big 4 Items]]/Table1789101112132357834[[#This Row],[Oil +/- ]] -> 0 | P37: =J37/S37 -> 0.27272727 | S37: =$T$1 -> 11
A38: Gulf Coast West | B38: 847 | C38: -223 | D38: -223 | E38: 71 | F38: 103 | G38: 27 | H38: 14 | I38: -795.99 | J38: 5 | K38: =Table1789101112132357834[[#This Row],[On Time Counts]]/45 -> 0.11111111 | L38: 6662.04 | M38: =Table1789101112132357834[[#This Row],[Wipers +/-]]/Table1789101112132357834[[#This Row],[Comp Sales]] -> 0.0040528127 | N38: 0 | O38: =Table1789101112132357834[[#This Row],[Big 4 Items]]/Table1789101112132357834[[#This Row],[Oil +/- ]] -> 0 | P38: =J38/S38 -> 0.45454545 | S38: =$T$1 -> 11
A39: Gulf Coast West | B39: 865 | C39: 108 | D39: -23 | E39: -1 | F39: 1 | G39: -1 | H39: 1 | I39: 235.8 | J39: 8 | K39: =Table1789101112132357834[[#This Row],[On Time Counts]]/45 -> 0.17777778 | L39: 3219.44 | M39: =Table1789101112132357834[[#This Row],[Wipers +/-]]/Table1789101112132357834[[#This Row],[Comp Sales]] -> -0.00031061303 | N39: 0 | O39: =Table1789101112132357834[[#This Row],[Big 4 Items]]/Table1789101112132357834[[#This Row],[Oil +/- ]] -> 0 | P39: =J39/S39 -> 0.72727273 | S39: =$T$1 -> 11
A40: Gulf Coast West | B40: 919 | C40: 76 | D40: 39 | E40: -4 | F40: 0 | G40: 0 | H40: 2 | I40: 308.59 | J40: 10 | K40: =Table1789101112132357834[[#This Row],[On Time Counts]]/45 -> 0.22222222 | L40: 3981.57 | M40: =Table1789101112132357834[[#This Row],[Wipers +/-]]/Table1789101112132357834[[#This Row],[Comp Sales]] -> 0 | N40: 0 | O40: =Table1789101112132357834[[#This Row],[Big 4 Items]]/Table1789101112132357834[[#This Row],[Oil +/- ]] -> 0 | P40: =J40/S40 -> 0.90909091 | S40: =$T$1 -> 11
A41: Gulf Coast West | B41: 954 | C41: 12 | D41: 8 | E41: -4 | I41: 35.02 | J41: 3 | K41: =Table1789101112132357834[[#This Row],[On Time Counts]]/45 -> 0.066666667 | M41: =Table1789101112132357834[[#This Row],[Wipers +/-]]/Table1789101112132357834[[#This Row],[Comp Sales]] -> #DIV/0! | O41: =Table1789101112132357834[[#This Row],[Big 4 Items]]/Table1789101112132357834[[#This Row],[Oil +/- ]] -> 0 | P41: =J41/S41 -> 0.27272727 | S41: =$T$1 -> 11
A42: Gulf Coast West | B42: 3017 | C42: -362 | D42: -364 | E42: -18 | G42: 8 | H42: -2 | I42: -1870.88 | J42: 9 | K42: =Table1789101112132357834[[#This Row],[On Time Counts]]/45 -> 0.2 | L42: 4219.46 | M42: =Table1789101112132357834[[#This Row],[Wipers +/-]]/Table1789101112132357834[[#This Row],[Comp Sales]] -> 0.0018959772 | N42: 0 | O42: =Table1789101112132357834[[#This Row],[Big 4 Items]]/Table1789101112132357834[[#This Row],[Oil +/- ]] -> 0 | P42: =J42/S42 -> 0.81818182 | S42: =$T$1 -> 11
A43: Lafayette | B43: 29 | C43: 35 | D43: 35 | E43: -2 | F43: -3 | I43: 61.59 | J43: 8 | K43: =Table1789101112132357834[[#This Row],[On Time Counts]]/45 -> 0.17777778 | L43: 6761.54 | M43: =Table1789101112132357834[[#This Row],[Wipers +/-]]/Table1789101112132357834[[#This Row],[Comp Sales]] -> 0 | N43: 0 | O43: =Table1789101112132357834[[#This Row],[Big 4 Items]]/Table1789101112132357834[[#This Row],[Oil +/- ]] -> 0 | P43: =J43/S43 -> 0.72727273 | S43: =$T$1 -> 11
A44: Lafayette | B44: 40 | C44: 74 | D44: 74 | E44: -38 | F44: 16 | H44: -12 | I44: 114.63 | J44: 7 | K44: =Table1789101112132357834[[#This Row],[On Time Counts]]/45 -> 0.15555556 | L44: 4100.43 | M44: =Table1789101112132357834[[#This Row],[Wipers +/-]]/Table1789101112132357834[[#This Row],[Comp Sales]] -> 0 | N44: 0 | O44: =Table1789101112132357834[[#This Row],[Big 4 Items]]/Table1789101112132357834[[#This Row],[Oil +/- ]] -> 0 | P44: =J44/S44 -> 0.63636364 | S44: =$T$1 -> 11
A45: Lafayette | B45: 280 | C45: 209 | D45: 101 | E45: 33 | F45: 2 | G45: -7 | H45: -1 | I45: 513.76 | J45: 11 | K45: =Table1789101112132357834[[#This Row],[On Time Counts]]/45 -> 0.24444444 | L45: 2513.65 | M45: =Table1789101112132357834[[#This Row],[Wipers +/-]]/Table1789101112132357834[[#This Row],[Comp Sales]] -> -0.002784795 | N45: 0 | O45: =Table1789101112132357834[[#This Row],[Big 4 Items]]/Table1789101112132357834[[#This Row],[Oil +/- ]] -> 0 | P45: =J45/S45 -> 1 | S45: =$T$1 -> 11
A46: Lafayette | B46: 599 | C46: 49 | D46: 45 | E46: 24 | F46: 2 | G46: 1 | H46: 0 | I46: 204.12 | J46: 11 | K46: =Table1789101112132357834[[#This Row],[On Time Counts]]/45 -> 0.24444444 | L46: 2026.59 | M46: =Table1789101112132357834[[#This Row],[Wipers +/-]]/Table1789101112132357834[[#This Row],[Comp Sales]] -> 0.00049343972 | N46: 0 | O46: =Table1789101112132357834[[#This Row],[Big 4 Items]]/Table1789101112132357834[[#This Row],[Oil +/- ]] -> 0 | P46: =J46/S46 -> 1 | S46: =$T$1 -> 11
A47: Lafayette | B47: 720 | C47: 201 | D47: 201 | E47: 3 | F47: 2 | G47: 3 | H47: 9 | I47: 725.23 | J47: 3 | K47: =Table1789101112132357834[[#This Row],[On Time Counts]]/45 -> 0.066666667 | L47: 0 | M47: =Table1789101112132357834[[#This Row],[Wipers +/-]]/Table1789101112132357834[[#This Row],[Comp Sales]] -> #DIV/0! | N47: 0 | O47: =Table1789101112132357834[[#This Row],[Big 4 Items]]/Table1789101112132357834[[#This Row],[Oil +/- ]] -> 0 | P47: =J47/S47 -> 0.27272727 | S47: =$T$1 -> 11
A48: Lafayette | B48: 728 | C48: 54 | D48: 54 | E48: -30 | F48: -11 | G48: -1 | H48: 0 | I48: -71.67 | J48: 7 | K48: =Table1789101112132357834[[#This Row],[On Time Counts]]/45 -> 0.15555556 | L48: 3487.35 | M48: =Table1789101112132357834[[#This Row],[Wipers +/-]]/Table1789101112132357834[[#This Row],[Comp Sales]] -> -0.00028675068 | N48: 0 | O48: =Table1789101112132357834[[#This Row],[Big 4 Items]]/Table1789101112132357834[[#This Row],[Oil +/- ]] -> 0 | P48: =J48/S48 -> 0.63636364 | S48: =$T$1 -> 11
A49: Lafayette | B49: 830 | C49: 64 | D49: 28 | E49: 0 | F49: 8 | G49: -1 | H49: 0 | I49: 586.49 | J49: 10 | K49: =Table1789101112132357834[[#This Row],[On Time Counts]]/45 -> 0.22222222 | L49: 3488.35 | M49: =Table1789101112132357834[[#This Row],[Wipers +/-]]/Table1789101112132357834[[#This Row],[Comp Sales]] -> -0.00028666848 | N49: 1 | O49: =Table1789101112132357834[[#This Row],[Big 4 Items]]/Table1789101112132357834[[#This Row],[Oil +/- ]] -> 0.035714286 | P49: =J49/S49 -> 0.90909091 | S49: =$T$1 -> 11
A50: Lafayette | B50: 975 | C50: -103 | D50: -103 | E50: 0 | F50: 0 | G50: -5 | H50: 1 | I50: -266.33 | J50: 11 | K50: =Table1789101112132357834[[#This Row],[On Time Counts]]/45 -> 0.24444444 | L50: 1986.68 | M50: =Table1789101112132357834[[#This Row],[Wipers +/-]]/Table1789101112132357834[[#This Row],[Comp Sales]] -> -0.0025167616 | N50: 0 | O50: =Table1789101112132357834[[#This Row],[Big 4 Items]]/Table1789101112132357834[[#This Row],[Oil +/- ]] -> 0 | P50: =J50/S50 -> 1 | S50: =$T$1 -> 11
A51: NOLA North | B51: 1 | C51: 1174 | D51: 1174 | E51: 4 | F51: 2 | G51: -1 | H51: -1 | I51: 3796.36 | J51: 10 | K51: =Table1789101112132357834[[#This Row],[On Time Counts]]/45 -> 0.22222222 | L51: 2791.49 | M51: =Table1789101112132357834[[#This Row],[Wipers +/-]]/Table1789101112132357834[[#This Row],[Comp Sales]] -> -0.00035823163 | N51: 0 | O51: =Table1789101112132357834[[#This Row],[Big 4 Items]]/Table1789101112132357834[[#This Row],[Oil +/- ]] -> 0 | P51: =J51/S51 -> 0.90909091 | S51: =$T$1 -> 11
A52: NOLA North | B52: 2 | C52: 71 | D52: 47 | E52: 0 | G52: -1 | H52: -2 | I52: 669.73 | J52: 8 | K52: =Table1789101112132357834[[#This Row],[On Time Counts]]/45 -> 0.17777778 | L52: 5684.97 | M52: =Table1789101112132357834[[#This Row],[Wipers +/-]]/Table1789101112132357834[[#This Row],[Comp Sales]] -> -0.00017590242 | N52: 0 | O52: =Table1789101112132357834[[#This Row],[Big 4 Items]]/Table1789101112132357834[[#This Row],[Oil +/- ]] -> 0 | P52: =J52/S52 -> 0.72727273 | S52: =$T$1 -> 11
A53: NOLA North | B53: 4 | C53: 94 | D53: 10 | E53: -3 | F53: 10 | G53: 0 | H53: 0 | I53: 1073.54 | J53: 11 | K53: =Table1789101112132357834[[#This Row],[On Time Counts]]/45 -> 0.24444444 | L53: 0 | M53: =Table1789101112132357834[[#This Row],[Wipers +/-]]/Table1789101112132357834[[#This Row],[Comp Sales]] -> #DIV/0! | N53: 0 | O53: =Table1789101112132357834[[#This Row],[Big 4 Items]]/Table1789101112132357834[[#This Row],[Oil +/- ]] -> 0 | P53: =J53/S53 -> 1 | S53: =$T$1 -> 11
A54: NOLA North | B54: 6 | C54: -307 | D54: -313 | E54: -24 | F54: -9 | H54: 2 | I54: -1649.81 | J54: 10 | K54: =Table1789101112132357834[[#This Row],[On Time Counts]]/45 -> 0.22222222 | L54: 0 | M54: =Table1789101112132357834[[#This Row],[Wipers +/-]]/Table1789101112132357834[[#This Row],[Comp Sales]] -> #DIV/0! | O54: =Table1789101112132357834[[#This Row],[Big 4 Items]]/Table1789101112132357834[[#This Row],[Oil +/- ]] -> 0 | P54: =J54/S54 -> 0.90909091 | S54: =$T$1 -> 11
A55: NOLA North | B55: 15 | C55: -300 | D55: -300 | E55: 8 | F55: 5 | G55: 5 | H55: -1 | I55: -756.47 | J55: 10 | K55: =Table1789101112132357834[[#This Row],[On Time Counts]]/45 -> 0.22222222 | L55: 6979.44 | M55: =Table1789101112132357834[[#This Row],[Wipers +/-]]/Table1789101112132357834[[#This Row],[Comp Sales]] -> 0.00071638985 | O55: =Table1789101112132357834[[#This Row],[Big 4 Items]]/Table1789101112132357834[[#This Row],[Oil +/- ]] -> 0 | P55: =J55/S55 -> 0.90909091 | S55: =$T$1 -> 11
A56: NOLA North | B56: 28 | C56: -42 | D56: -42 | E56: 3 | F56: -15 | I56: 50.41 | J56: 8 | K56: =Table1789101112132357834[[#This Row],[On Time Counts]]/45 -> 0.17777778 | L56: 6567.35 | M56: =Table1789101112132357834[[#This Row],[Wipers +/-]]/Table1789101112132357834[[#This Row],[Comp Sales]] -> 0 | O56: =Table1789101112132357834[[#This Row],[Big 4 Items]]/Table1789101112132357834[[#This Row],[Oil +/- ]] -> 0 | P56: =J56/S56 -> 0.72727273 | S56: =$T$1 -> 11
A57: NOLA North | B57: 32 | C57: 24 | D57: 24 | E57: 5 | F57: 17 | I57: 121.53 | J57: 5 | K57: =Table1789101112132357834[[#This Row],[On Time Counts]]/45 -> 0.11111111 | M57: =Table1789101112132357834[[#This Row],[Wipers +/-]]/Table1789101112132357834[[#This Row],[Comp Sales]] -> #DIV/0! | O57: =Table1789101112132357834[[#This Row],[Big 4 Items]]/Table1789101112132357834[[#This Row],[Oil +/- ]] -> 0 | P57: =J57/S57 -> 0.45454545 | S57: =$T$1 -> 11
A58: NOLA North | B58: 606 | C58: 13 | D58: 13 | E58: -1 | F58: 2 | G58: -2 | H58: 2 | I58: 42.31 | J58: 10 | K58: =Table1789101112132357834[[#This Row],[On Time Counts]]/45 -> 0.22222222 | L58: 6761.54 | M58: =Table1789101112132357834[[#This Row],[Wipers +/-]]/Table1789101112132357834[[#This Row],[Comp Sales]] -> -0.0002957906 | O58: =Table1789101112132357834[[#This Row],[Big 4 Items]]/Table1789101112132357834[[#This Row],[Oil +/- ]] -> 0 | P58: =J58/S58 -> 0.90909091 | S58: =$T$1 -> 11
A59: NOLA North | B59: 999 | C59: 0 | D59: 0 | E59: 0 | F59: 0 | G59: 0 | H59: 0 | I59: 0 | J59: 0 | K59: =Table1789101112132357834[[#This Row],[On Time Counts]]/45 -> 0 | L59: 6083.18 | M59: =Table1789101112132357834[[#This Row],[Wipers +/-]]/Table1789101112132357834[[#This Row],[Comp Sales]] -> 0 | O59: =Table1789101112132357834[[#This Row],[Big 4 Items]]/Table1789101112132357834[[#This Row],[Oil +/- ]] -> #DIV/0! | P59: =J59/S59 -> #DIV/0! | S59: 0
A60: NOLA South | B60: 8 | C60: 1052 | D60: 1052 | E60: -17 | F60: -10 | H60: 2 | I60: 3097.2 | J60: 2 | K60: =Table1789101112132357834[[#This Row],[On Time Counts]]/45 -> 0.044444444 | L60: 4849.02 | M60: =Table1789101112132357834[[#This Row],[Wipers +/-]]/Table1789101112132357834[[#This Row],[Comp Sales]] -> 0 | O60: =Table1789101112132357834[[#This Row],[Big 4 Items]]/Table1789101112132357834[[#This Row],[Oil +/- ]] -> 0 | P60: =J60/S60 -> 0.18181818 | S60: =$T$1 -> 11
A61: NOLA South | B61: 10 | C61: 998 | D61: 998 | E61: 27 | F61: -6 | G61: 10 | H61: -3 | I61: 2663.64 | J61: 10 | K61: =Table1789101112132357834[[#This Row],[On Time Counts]]/45 -> 0.22222222 | L61: 6870.99 | M61: =Table1789101112132357834[[#This Row],[Wipers +/-]]/Table1789101112132357834[[#This Row],[Comp Sales]] -> 0.0014553943 | O61: =Table1789101112132357834[[#This Row],[Big 4 Items]]/Table1789101112132357834[[#This Row],[Oil +/- ]] -> 0 | P61: =J61/S61 -> 0.90909091 | S61: =$T$1 -> 11
A62: NOLA South | B62: 12 | C62: -1017 | D62: -1243 | E62: -6 | F62: 15 | G62: 104 | H62: 19 | I62: -4941.82 | J62: 9 | K62: =Table1789101112132357834[[#This Row],[On Time Counts]]/45 -> 0.2 | L62: 6806.79 | M62: =Table1789101112132357834[[#This Row],[Wipers +/-]]/Table1789101112132357834[[#This Row],[Comp Sales]] -> 0.015278861 | O62: =Table1789101112132357834[[#This Row],[Big 4 Items]]/Table1789101112132357834[[#This Row],[Oil +/- ]] -> 0 | P62: =J62/S62 -> 0.81818182 | S62: =$T$1 -> 11
A63: NOLA South | B63: 13 | C63: 110 | D63: 0 | E63: 1 | F63: -4 | I63: 167.71 | J63: 8 | K63: =Table1789101112132357834[[#This Row],[On Time Counts]]/45 -> 0.17777778 | L63: 5842.02 | M63: =Table1789101112132357834[[#This Row],[Wipers +/-]]/Table1789101112132357834[[#This Row],[Comp Sales]] -> 0 | O63: =Table1789101112132357834[[#This Row],[Big 4 Items]]/Table1789101112132357834[[#This Row],[Oil +/- ]] -> #DIV/0! | P63: =J63/S63 -> 0.72727273 | S63: =$T$1 -> 11
A64: NOLA South | B64: 31 | C64: 291 | D64: 258 | E64: -1 | F64: 4 | G64: -3 | H64: 2 | I64: 2085.52 | J64: 11 | K64: =Table1789101112132357834[[#This Row],[On Time Counts]]/45 -> 0.24444444 | L64: 7096.63 | M64: =Table1789101112132357834[[#This Row],[Wipers +/-]]/Table1789101112132357834[[#This Row],[Comp Sales]] -> -0.00042273586 | O64: =Table1789101112132357834[[#This Row],[Big 4 Items]]/Table1789101112132357834[[#This Row],[Oil +/- ]] -> 0 | P64: =J64/S64 -> 1 | S64: =$T$1 -> 11
A65: NOLA South | B65: 92 | C65: -17 | D65: -38 | E65: 3 | F65: 0 | G65: 24 | H65: 7 | I65: 645.55 | J65: 11 | K65: =Table1789101112132357834[[#This Row],[On Time Counts]]/45 -> 0.24444444 | L65: 6662.04 | M65: =Table1789101112132357834[[#This Row],[Wipers +/-]]/Table1789101112132357834[[#This Row],[Comp Sales]] -> 0.0036025001 | O65: =Table1789101112132357834[[#This Row],[Big 4 Items]]/Table1789101112132357834[[#This Row],[Oil +/- ]] -> 0 | P65: =J65/S65 -> 1 | S65: =$T$1 -> 11
A66: NOLA South | B66: 116 | C66: 1971 | D66: 280 | E66: 25 | G66: -17 | H66: -2 | I66: 1842.83 | J66: 10 | K66: =Table1789101112132357834[[#This Row],[On Time Counts]]/45 -> 0.22222222 | L66: 2791.49 | M66: =Table1789101112132357834[[#This Row],[Wipers +/-]]/Table1789101112132357834[[#This Row],[Comp Sales]] -> -0.0060899376 | O66: =Table1789101112132357834[[#This Row],[Big 4 Items]]/Table1789101112132357834[[#This Row],[Oil +/- ]] -> 0 | P66: =J66/S66 -> 0.90909091 | S66: =$T$1 -> 11
A67: NOLA South | B67: 870 | C67: 69 | D67: 69 | E67: -1 | F67: 22 | G67: -1 | I67: 295.11 | J67: 9 | K67: =Table1789101112132357834[[#This Row],[On Time Counts]]/45 -> 0.2 | M67: =Table1789101112132357834[[#This Row],[Wipers +/-]]/Table1789101112132357834[[#This Row],[Comp Sales]] -> #DIV/0! | O67: =Table1789101112132357834[[#This Row],[Big 4 Items]]/Table1789101112132357834[[#This Row],[Oil +/- ]] -> 0 | P67: =J67/S67 -> 0.81818182 | S67: =$T$1 -> 11
A68: NOLA South | B68: 3004 | C68: 848 | D68: 886 | G68: -8 | H68: 21 | I68: 4575.08 | J68: 5 | K68: =Table1789101112132357834[[#This Row],[On Time Counts]]/45 -> 0.11111111 | M68: =Table1789101112132357834[[#This Row],[Wipers +/-]]/Table1789101112132357834[[#This Row],[Comp Sales]] -> #DIV/0! | O68: =Table1789101112132357834[[#This Row],[Big 4 Items]]/Table1789101112132357834[[#This Row],[Oil +/- ]] -> 0 | P68: =J68/S68 -> 0.45454545 | S68: =$T$1 -> 11
A284: 0.01 | B284: -0.01
A285: =A284+1% -> 0.02 | B285: =B284-1% -> -0.02
A286: =A285+1% -> 0.03 | B286: =B285-1% -> -0.03
A287: =A286+1% -> 0.04 | B287: =B286-1% -> -0.04
A288: =A287+1% -> 0.05 | B288: =B287-1% -> -0.05
A289: =A288+1% -> 0.06 | B289: =B288-1% -> -0.06
A290: =A289+1% -> 0.07 | B290: =B289-1% -> -0.07
A291: =A290+1% -> 0.08 | B291: =B290-1% -> -0.08
A292: =A291+1% -> 0.09 | B292: =B291-1% -> -0.09
A293: =A292+1% -> 0.1 | B293: =B292-1% -> -0.1
A294: =A293+1% -> 0.11 | B294: =B293-1% -> -0.11
A295: =A294+1% -> 0.12 | B295: =B294-1% -> -0.12
A296: =A295+1% -> 0.13 | B296: =B295-1% -> -0.13
... A383: =A382+1% -> 1 | B383: =B382-1% -> -1

Sheet P10 - 11-01
A1: District | B1: Lubricants/Oil +/- | C1: Oil +/- | D1: Oil Filters +/- | E1: Air Filters +/- | F1: Wipers +/- | G1: Cabins +/- | H1: Adjustment Variance | I1: On Time Counts | J1: Count Compliance | L1: Comp Sales | M1: Comp Attainment | N1: Big 4 | O1: Coolant | S1: Total Count Target | T1: 15
A2: =A12 -> Baton Rouge North | B2: =SUM(C12:C19) -> 6752.18 | C2: =SUM(D12:D19) -> 4623.48 | D2: =SUM(E12:E19) -> 545 | E2: =SUM(F12:F19) -> -1572 | F2: =SUM(G12:G19) -> 57 | G2: =SUM(H12:H19) -> 15 | H2: =SUM(I12:I19) -> 27207.744 | I2: =SUM(J12:J19) -> 31 | J2: =I2/SUM(S12:S19) -> 0.34444444 | L2: =SUM(L12:L12) -> 4238.98 | M2: =((F2-G12)/L2)-100% -> -0.98655337 | N2: =SUM(N12:N12)/C2 -> 0 | O2: =SUM(P12:P12)/C2 -> 2.8838306e-05
A3: =A20 -> Baton Rouge South | B3: =SUM(C20:C26) -> 3585.9 | C3: =SUM(D20:D26) -> 3330.4 | D3: =SUM(E20:E26) -> 88 | E3: =SUM(F20:F26) -> 268 | F3: =SUM(G20:G26) -> 446 | G3: =SUM(H20:H26) -> 106 | H3: =SUM(I20:I26) -> 17740.487 | I3: =SUM(J20:J26) -> 67 | J3: =I3/SUM(S20:S26) -> 0.63809524 | L3: =SUM(L13:L13) -> 5844.34 | M3: =((F3-G13)/L3)-100% -> -0.8981921 | N3: =SUM(N13:N13)/C3 -> 0 | O3: =SUM(P13:P13)/C3 -> 0.00018015854
A4: =A27 -> Gulf Coast North | B4: =SUM(C27:C35) -> 3616 | C4: =SUM(D27:D35) -> -950 | D4: =SUM(E27:E35) -> -336 | E4: =SUM(F27:F35) -> 54 | F4: =SUM(G27:G35) -> 116 | G4: =SUM(H27:H35) -> 49 | H4: =SUM(I27:I35) -> -3083.5 | I4: =SUM(J27:J35) -> 86 | J4: =I4/SUM(S27:S35) -> 0.63703704 | L4: =SUM(L14:L24) -> 52541.38 | M4: =(F4/L4)-100% -> -0.99779222 | N4: =SUM(N14:N24)/C4 -> 0 | O4: =SUM(P14:P24)/C4 -> #DIV/0!
A5: =A36 -> Gulf Coast West | B5: =SUM(C36:C42) -> 1742 | C5: =SUM(D36:D42) -> 2452 | D5: =SUM(E36:E42) -> 179 | E5: =SUM(F36:F42) -> 81 | F5: =SUM(G36:G42) -> 154 | G5: =SUM(H36:H42) -> -25 | H5: =SUM(I36:I42) -> 14292.78 | I5: =SUM(J36:J42) -> 50 | J5: =I5/SUM(S36:S42) -> 0.47619048 | L5: =SUM(L25:L37) -> 80972.98 | M5: =((F5-G35-G36-G37)/L5)-100% -> -1.0008398 | N5: =SUM(N25:N37)/C5 -> 0 | O5: =SUM(P25:P37)/C5 -> 0.0033713975
A6: =A43 -> Lafayette | B6: =SUM(C43:C50) -> 2905 | C6: =SUM(D43:D50) -> 350 | D6: =SUM(E43:E50) -> 71 | E6: =SUM(F43:F50) -> 4 | F6: =SUM(G43:G50) -> -155 | G6: =SUM(H43:H50) -> -9 | H6: =SUM(I43:I50) -> 2781.12 | I6: =SUM(J43:J50) -> 74 | J6: =I6/SUM(S43:S50) -> 0.61666667
A7: =A51 -> NOLA North | B7: =SUM(C51:C59) -> 1032 | C7: =SUM(D51:D59) -> -1261 | D7: =SUM(E51:E59) -> 60 | E7: =SUM(F51:F59) -> 66 | F7: =SUM(G51:G59) -> -30 | G7: =SUM(H51:H59) -> 28 | H7: =SUM(I51:I59) -> -4229.01 | I7: =SUM(J51:J59) -> 93 | J7: =I7/SUM(S51:S59) -> 0.69402985 | L7: =SUM(L38:L46) -> 38554.76 | M7: =(F7/L7)-100% -> -1.0007781 | N7: =SUM(N38:N46)/C7 -> 0 | O7: =SUM(P38:P46)/C7 -> -0.0039651071
A8: =A60 -> NOLA South | B8: =SUM(C60:C68) -> 1061 | C8: =SUM(D60:D68) -> -372 | D8: =SUM(E60:E68) -> 427 | E8: =SUM(F60:F68) -> 5857 | F8: =SUM(G60:G68) -> -87 | G8: =SUM(H60:H68) -> 8 | H8: =SUM(I60:I68) -> 17691.09 | I8: =SUM(J60:J68) -> 100 | J8: =I8/SUM(S60:S68) -> 0.74074074 | L8: =SUM(L47:L55) -> 19465.43 | M8: =((F8-G55)/L8)-100% -> -1.0036475 | N8: =SUM(N47:N55)/C8 -> -0.002688172 | O8: =SUM(P47:P55)/C8 -> -0.016845878
A9: Gulf Coast | B9: =SUM(B2:B8) -> 20694.08 | C9: =SUM(C2:C8) -> 8172.88 | D9: =SUM(D2:D8) -> 1034 | E9: =SUM(E2:E8) -> 4758 | F9: =SUM(F2:F8) -> 501 | G9: =SUM(G2:G8) -> 172 | H9: =SUM(H2:H8) -> 72400.711 | I9: =SUM(I2:I8) -> 501 | J9: =I9/SUM(S12:S68) -> 0.60800971 | L9: =SUM(L2:L8) -> 201617.87 | M9: =((F9-G12-G13-G35-G36-G37-G55)/L9)-100% -> -0.99779781 | N9: {=SUM(Table17891011121323578345[Big 4 Items]/C9)} -> 0.00012235589 | O9: =SUM(Table17891011121323578345[Count Compliance2])/C9 -> #DIV/0!
A11: District | B11: Store | C11: Lubricants/Oil +/- | D11: Oil +/- | E11: Oil Filters +/- | F11: Air Filters +/- | G11: Wipers +/- | H11: Cabins +/- | I11: Adjustment Variance | J11: On Time Counts | K11: Count Compliance | L11: Comp Sales | M11: Comp Sales Attainment | N11: Big 4 Items | O11: Big 4 | P11: Count Compliance2
A12: Baton Rouge North | B12: 17 | C12: -839.93 | D12: -839.93 | F12: -1484 | I12: -2211.9839 | J12: 2 | K12: =Table17891011121323578345[[#This Row],[On Time Counts]]/45 -> 0.044444444 | L12: 4238.98 | M12: =Table17891011121323578345[[#This Row],[Wipers +/-]]/Table17891011121323578345[[#This Row],[Comp Sales]] -> 0 | N12: 0 | O12: =Table17891011121323578345[[#This Row],[Big 4 Items]]/Table17891011121323578345[[#This Row],[Oil +/- ]] -> 0 | P12: =J12/S12 -> 0.13333333 | S12: =$T$1 -> 15
A13: Baton Rouge North | B13: 22 | C13: 3996.7 | D13: 2068.7 | E13: -67 | F13: -17 | G13: -149 | H13: -21 | I13: 6899.673 | J13: 9 | K13: =Table17891011121323578345[[#This Row],[On Time Counts]]/45 -> 0.2 | L13: 5844.34 | M13: =Table17891011121323578345[[#This Row],[Wipers +/-]]/Table17891011121323578345[[#This Row],[Comp Sales]] -> -0.025494752 | N13: 0 | O13: =Table17891011121323578345[[#This Row],[Big 4 Items]]/Table17891011121323578345[[#This Row],[Oil +/- ]] -> 0 | P13: =J13/S13 -> 0.6 | S13: =$T$1 -> 15
A14: Baton Rouge North | B14: 641 | C14: -348.87 | D14: -325.07 | E14: -9 | G14: -3 | H14: 3 | I14: -1808.8019 | J14: 9 | K14: =Table17891011121323578345[[#This Row],[On Time Counts]]/45 -> 0.2 | L14: 3219.34 | M14: =Table17891011121323578345[[#This Row],[Wipers +/-]]/Table17891011121323578345[[#This Row],[Comp Sales]] -> -0.00093186802 | N14: 0 | O14: =Table17891011121323578345[[#This Row],[Big 4 Items]]/Table17891011121323578345[[#This Row],[Oil +/- ]] -> 0 | P14: =J14/S14 -> 0.6 | S14: =$T$1 -> 15
A15: Baton Rouge North | B15: 717 | C15: 1330.94 | D15: 1092.94 | E15: 176 | F15: -19 | G15: -63 | H15: 1 | I15: 3295.8926 | J15: 3 | K15: =Table17891011121323578345[[#This Row],[On Time Counts]]/45 -> 0.066666667 | L15: 8034.77 | M15: =Table17891011121323578345[[#This Row],[Wipers +/-]]/Table17891011121323578345[[#This Row],[Comp Sales]] -> -0.0078409214 | N15: 0 | O15: =Table17891011121323578345[[#This Row],[Big 4 Items]]/Table17891011121323578345[[#This Row],[Oil +/- ]] -> 0 | P15: =J15/S15 -> 0.2 | S15: =$T$1 -> 15
A16: Baton Rouge North | B16: 843 | C16: 2278.34 | D16: 2291.84 | E16: 363 | F16: -52 | G16: 272 | H16: -5 | I16: 18180.114 | J16: 6 | K16: =Table17891011121323578345[[#This Row],[On Time Counts]]/45 -> 0.13333333 | L16: 6497.34 | M16: =Table17891011121323578345[[#This Row],[Wipers +/-]]/Table17891011121323578345[[#This Row],[Comp Sales]] -> 0.041863286 | N16: 0 | O16: =Table17891011121323578345[[#This Row],[Big 4 Items]]/Table17891011121323578345[[#This Row],[Oil +/- ]] -> 0 | P16: =J16/S16 -> 0.4 | S16: =$T$1 -> 15
A17: Baton Rouge North | B17: 881 | C17: 335 | D17: 335 | E17: 82 | H17: 37 | I17: 2852.85 | J17: 2 | K17: =Table17891011121323578345[[#This Row],[On Time Counts]]/45 -> 0.044444444 | M17: =Table17891011121323578345[[#This Row],[Wipers +/-]]/Table17891011121323578345[[#This Row],[Comp Sales]] -> #DIV/0! | O17: =Table17891011121323578345[[#This Row],[Big 4 Items]]/Table17891011121323578345[[#This Row],[Oil +/- ]] -> 0 | P17: =J17/S17 -> 0.13333333 | S17: =$T$1 -> 15
A18: Baton Rouge North | B18: 953 | C18: 0 | D18: 0 | E18: 0 | F18: 0 | G18: 0 | H18: 0 | I18: 0 | J18: 0 | K18: =Table17891011121323578345[[#This Row],[On Time Counts]]/45 -> 0 | M18: =Table17891011121323578345[[#This Row],[Wipers +/-]]/Table17891011121323578345[[#This Row],[Comp Sales]] -> #DIV/0! | O18: =Table17891011121323578345[[#This Row],[Big 4 Items]]/Table17891011121323578345[[#This Row],[Oil +/- ]] -> #DIV/0! | P18: =J18/S18 -> #DIV/0! | S18: 0
A19: Baton Rouge North | B19: 3040 | C19: 0 | D19: 0 | E19: 0 | F19: 0 | G19: 0 | H19: 0 | I19: 0 | J19: 0 | K19: =Table17891011121323578345[[#This Row],[On Time Counts]]/45 -> 0 | L19: 7185.39 | M19: =Table17891011121323578345[[#This Row],[Wipers +/-]]/Table17891011121323578345[[#This Row],[Comp Sales]] -> 0 | N19: 0 | O19: =Table17891011121323578345[[#This Row],[Big 4 Items]]/Table17891011121323578345[[#This Row],[Oil +/- ]] -> #DIV/0! | P19: =J19/S19 -> #DIV/0! | S19: 0
A20: Baton Rouge South | B20: 18 | C20: 685.18 | D20: 368.68 | E20: 73 | F20: 31 | G20: 1 | H20: 16 | I20: 2376.2562 | J20: 8 | K20: =Table17891011121323578345[[#This Row],[On Time Counts]]/45 -> 0.17777778 | L20: 6083.18 | M20: =Table17891011121323578345[[#This Row],[Wipers +/-]]/Table17891011121323578345[[#This Row],[Comp Sales]] -> 0.00016438771 | N20: 0 | O20: =Table17891011121323578345[[#This Row],[Big 4 Items]]/Table17891011121323578345[[#This Row],[Oil +/- ]] -> 0 | P20: =J20/S20 -> 0.53333333 | S20: =$T$1 -> 15
A21: Baton Rouge South | B21: 19 | C21: 1321.24 | D21: 1321.24 | E21: -88 | F21: 21 | G21: 17 | H21: 4 | I21: 5578.7664 | J21: 11 | K21: =Table17891011121323578345[[#This Row],[On Time Counts]]/45 -> 0.24444444 | L21: 4849.02 | M21: =Table17891011121323578345[[#This Row],[Wipers +/-]]/Table17891011121323578345[[#This Row],[Comp Sales]] -> 0.003505863 | N21: 0 | O21: =Table17891011121323578345[[#This Row],[Big 4 Items]]/Table17891011121323578345[[#This Row],[Oil +/- ]] -> 0 | P21: =J21/S21 -> 0.73333333 | S21: =$T$1 -> 15
A22: Baton Rouge South | B22: 282 | C22: 270.88 | D22: 234.88 | E22: -34 | F22: -24 | G22: -4 | H22: 51 | I22: 379.378 | J22: 8 | K22: =Table17891011121323578345[[#This Row],[On Time Counts]]/45 -> 0.17777778 | L22: 2994.56 | M22: =Table17891011121323578345[[#This Row],[Wipers +/-]]/Table17891011121323578345[[#This Row],[Comp Sales]] -> -0.0013357555 | N22: 0 | O22: =Table17891011121323578345[[#This Row],[Big 4 Items]]/Table17891011121323578345[[#This Row],[Oil +/- ]] -> 0 | P22: =J22/S22 -> 0.53333333 | S22: =$T$1 -> 15
A23: Baton Rouge South | B23: 447 | C23: 360.22 | D23: 457.22 | E23: -49 | F23: 241 | G23: 322 | H23: 30 | I23: 3560.8824 | J23: 9 | K23: =Table17891011121323578345[[#This Row],[On Time Counts]]/45 -> 0.2 | L23: 6870.99 | M23: =Table17891011121323578345[[#This Row],[Wipers +/-]]/Table17891011121323578345[[#This Row],[Comp Sales]] -> 0.046863698 | N23: 0 | O23: =Table17891011121323578345[[#This Row],[Big 4 Items]]/Table17891011121323578345[[#This Row],[Oil +/- ]] -> 0 | P23: =J23/S23 -> 0.6 | S23: =$T$1 -> 15
A24: Baton Rouge South | B24: 448 | C24: 978.22 | D24: 978.22 | E24: 50 | F24: -10 | G24: 113 | H24: -4 | I24: 5193.629 | J24: 9 | K24: =Table17891011121323578345[[#This Row],[On Time Counts]]/45 -> 0.2 | L24: 6806.79 | M24: =Table17891011121323578345[[#This Row],[Wipers +/-]]/Table17891011121323578345[[#This Row],[Comp Sales]] -> 0.01660107 | N24: 0 | O24: =Table17891011121323578345[[#This Row],[Big 4 Items]]/Table17891011121323578345[[#This Row],[Oil +/- ]] -> 0 | P24: =J24/S24 -> 0.6 | S24: =$T$1 -> 15
A25: Baton Rouge South | B25: 531 | C25: 67.16 | D25: 67.16 | E25: -2 | F25: 5 | G25: -8 | H25: 1 | I25: -67.3452 | J25: 12 | K25: =Table17891011121323578345[[#This Row],[On Time Counts]]/45 -> 0.26666667 | L25: 3933.29 | M25: =Table17891011121323578345[[#This Row],[Wipers +/-]]/Table17891011121323578345[[#This Row],[Comp Sales]] -> -0.0020339207 | N25: 0 | O25: =Table17891011121323578345[[#This Row],[Big 4 Items]]/Table17891011121323578345[[#This Row],[Oil +/- ]] -> 0 | P25: =J25/S25 -> 0.8 | S25: =$T$1 -> 15
A26: Baton Rouge South | B26: 832 | C26: -97 | D26: -97 | E26: 138 | F26: 4 | G26: 5 | H26: 8 | I26: 718.92 | J26: 10 | K26: =Table17891011121323578345[[#This Row],[On Time Counts]]/45 -> 0.22222222 | L26: 6987.69 | M26: =Table17891011121323578345[[#This Row],[Wipers +/-]]/Table17891011121323578345[[#This Row],[Comp Sales]] -> 0.00071554405 | N26: 0 | O26: =Table17891011121323578345[[#This Row],[Big 4 Items]]/Table17891011121323578345[[#This Row],[Oil +/- ]] -> 0 | P26: =J26/S26 -> 0.66666667 | S26: =$T$1 -> 15
A27: Gulf Coast North | B27: 3 | C27: -1934 | D27: -2015 | E27: -661 | F27: 33 | G27: 93 | H27: 13 | I27: -5267.07 | J27: 7 | K27: =Table17891011121323578345[[#This Row],[On Time Counts]]/45 -> 0.15555556 | L27: 5562.48 | M27: =Table17891011121323578345[[#This Row],[Wipers +/-]]/Table17891011121323578345[[#This Row],[Comp Sales]] -> 0.016719161 | N27: 0 | O27: =Table17891011121323578345[[#This Row],[Big 4 Items]]/Table17891011121323578345[[#This Row],[Oil +/- ]] -> 0 | P27: =J27/S27 -> 0.46666667 | S27: =$T$1 -> 15
A28: Gulf Coast North | B28: 5 | C28: 3996 | D28: 142 | E28: 101 | F28: 12 | G28: 3 | H28: 10 | I28: 2259.22 | J28: 13 | K28: =Table17891011121323578345[[#This Row],[On Time Counts]]/45 -> 0.28888889 | L28: 10385.27 | M28: =Table17891011121323578345[[#This Row],[Wipers +/-]]/Table17891011121323578345[[#This Row],[Comp Sales]] -> 0.00028887068 | N28: 0 | O28: =Table17891011121323578345[[#This Row],[Big 4 Items]]/Table17891011121323578345[[#This Row],[Oil +/- ]] -> 0 | P28: =J28/S28 -> 0.86666667 | S28: =$T$1 -> 15
A29: Gulf Coast North | B29: 11 | C29: -410 | D29: 26 | E29: 130 | F29: 4 | G29: 1 | H29: 0 | I29: -1562.96 | J29: 13 | K29: =Table17891011121323578345[[#This Row],[On Time Counts]]/45 -> 0.28888889 | L29: 5512.41 | M29: =Table17891011121323578345[[#This Row],[Wipers +/-]]/Table17891011121323578345[[#This Row],[Comp Sales]] -> 0.00018140886 | N29: 0 | O29: =Table17891011121323578345[[#This Row],[Big 4 Items]]/Table17891011121323578345[[#This Row],[Oil +/- ]] -> 0 | P29: =J29/S29 -> 0.86666667 | S29: =$T$1 -> 15
A30: Gulf Coast North | B30: 14 | C30: 812 | D30: 816 | E30: 1 | G30: -5 | H30: 1 | I30: 2594.13 | J30: 7 | K30: =Table17891011121323578345[[#This Row],[On Time Counts]]/45 -> 0.15555556 | L30: 7892.5 | M30: =Table17891011121323578345[[#This Row],[Wipers +/-]]/Table17891011121323578345[[#This Row],[Comp Sales]] -> -0.00063351283 | N30: 0 | O30: =Table17891011121323578345[[#This Row],[Big 4 Items]]/Table17891011121323578345[[#This Row],[Oil +/- ]] -> 0 | P30: =J30/S30 -> 0.46666667 | S30: =$T$1 -> 15
A31: Gulf Coast North | B31: 20 | C31: 867 | D31: -53 | E31: -2 | F31: 0 | G31: -6 | H31: -5 | I31: 194.91 | J31: 6 | K31: =Table17891011121323578345[[#This Row],[On Time Counts]]/45 -> 0.13333333 | L31: 3854.43 | M31: =Table17891011121323578345[[#This Row],[Wipers +/-]]/Table17891011121323578345[[#This Row],[Comp Sales]] -> -0.0015566504 | N31: 0 | O31: =Table17891011121323578345[[#This Row],[Big 4 Items]]/Table17891011121323578345[[#This Row],[Oil +/- ]] -> 0 | P31: =J31/S31 -> 0.4 | S31: =$T$1 -> 15
A32: Gulf Coast North | B32: 21 | C32: -47 | D32: 6 | E32: 69 | F32: -13 | G32: 0 | H32: 13 | I32: -110.29 | J32: 14 | K32: =Table17891011121323578345[[#This Row],[On Time Counts]]/45 -> 0.31111111 | L32: 6979.44 | M32: =Table17891011121323578345[[#This Row],[Wipers +/-]]/Table17891011121323578345[[#This Row],[Comp Sales]] -> 0 | N32: 0 | O32: =Table17891011121323578345[[#This Row],[Big 4 Items]]/Table17891011121323578345[[#This Row],[Oil +/- ]] -> 0 | P32: =J32/S32 -> 0.93333333 | S32: =$T$1 -> 15
A33: Gulf Coast North | B33: 23 | C33: 490 | D33: 276 | E33: -2 | F33: -6 | G33: -23 | H33: 6 | I33: 289.55 | J33: 10 | K33: =Table17891011121323578345[[#This Row],[On Time Counts]]/45 -> 0.22222222 | L33: 7573.54 | M33: =Table17891011121323578345[[#This Row],[Wipers +/-]]/Table17891011121323578345[[#This Row],[Comp Sales]] -> -0.003036889 | N33: 0 | O33: =Table17891011121323578345[[#This Row],[Big 4 Items]]/Table17891011121323578345[[#This Row],[Oil +/- ]] -> 0 | P33: =J33/S33 -> 0.66666667 | S33: =$T$1 -> 15
A34: Gulf Coast North | B34: 24 | C34: 49 | D34: 49 | E34: 28 | F34: -8 | G34: -2 | H34: 2 | I34: -244.5 | J34: 10 | K34: =Table17891011121323578345[[#This Row],[On Time Counts]]/45 -> 0.22222222 | L34: 5842.02 | M34: =Table17891011121323578345[[#This Row],[Wipers +/-]]/Table17891011121323578345[[#This Row],[Comp Sales]] -> -0.00034234734 | N34: 0 | O34: =Table17891011121323578345[[#This Row],[Big 4 Items]]/Table17891011121323578345[[#This Row],[Oil +/- ]] -> 0 | P34: =J34/S34 -> 0.66666667 | S34: =$T$1 -> 15
A35: Gulf Coast North | B35: 26 | C35: -207 | D35: -197 | F35: 32 | G35: 55 | H35: 9 | I35: -1236.49 | J35: 6 | K35: =Table17891011121323578345[[#This Row],[On Time Counts]]/45 -> 0.13333333 | L35: 6567.35 | M35: =Table17891011121323578345[[#This Row],[Wipers +/-]]/Table17891011121323578345[[#This Row],[Comp Sales]] -> 0.008374763 | N35: 0 | O35: =Table17891011121323578345[[#This Row],[Big 4 Items]]/Table17891011121323578345[[#This Row],[Oil +/- ]] -> 0 | P35: =J35/S35 -> 0.4 | S35: =$T$1 -> 15
A36: Gulf Coast West | B36: 46 | C36: 248 | D36: 265 | E36: 5 | F36: 0 | H36: 1 | I36: 750.57 | J36: 10 | K36: =Table17891011121323578345[[#This Row],[On Time Counts]]/45 -> 0.22222222 | L36: 5286.48 | M36: =Table17891011121323578345[[#This Row],[Wipers +/-]]/Table17891011121323578345[[#This Row],[Comp Sales]] -> 0 | N36: 0 | O36: =Table17891011121323578345[[#This Row],[Big 4 Items]]/Table17891011121323578345[[#This Row],[Oil +/- ]] -> 0 | P36: =J36/S36 -> 0.66666667 | S36: =$T$1 -> 15
A37: Gulf Coast West | B37: 283 | C37: -260 | D37: 430 | E37: 133 | F37: 41 | G37: 167 | H37: 9 | I37: 3864.05 | J37: 6 | K37: =Table17891011121323578345[[#This Row],[On Time Counts]]/45 -> 0.13333333 | L37: 4596.08 | M37: =Table17891011121323578345[[#This Row],[Wipers +/-]]/Table17891011121323578345[[#This Row],[Comp Sales]] -> 0.036335312 | N37: 0 | O37: =Table17891011121323578345[[#This Row],[Big 4 Items]]/Table17891011121323578345[[#This Row],[Oil +/- ]] -> 0 | P37: =J37/S37 -> 0.4 | S37: =$T$1 -> 15
A38: Gulf Coast West | B38: 847 | C38: 710 | D38: 710 | F38: 2 | H38: -10 | I38: 3832.78 | J38: 4 | K38: =Table17891011121323578345[[#This Row],[On Time Counts]]/45 -> 0.088888889 | L38: 7096.63 | M38: =Table17891011121323578345[[#This Row],[Wipers +/-]]/Table17891011121323578345[[#This Row],[Comp Sales]] -> 0 | N38: 0 | O38: =Table17891011121323578345[[#This Row],[Big 4 Items]]/Table17891011121323578345[[#This Row],[Oil +/- ]] -> 0 | P38: =J38/S38 -> 0.26666667 | S38: =$T$1 -> 15
A39: Gulf Coast West | B39: 865 | C39: -86 | D39: -120 | E39: 2 | F39: -4 | G39: -1 | H39: -14 | I39: -345.16 | J39: 8 | K39: =Table17891011121323578345[[#This Row],[On Time Counts]]/45 -> 0.17777778 | L39: 6662.04 | M39: =Table17891011121323578345[[#This Row],[Wipers +/-]]/Table17891011121323578345[[#This Row],[Comp Sales]] -> -0.00015010417 | N39: 0 | O39: =Table17891011121323578345[[#This Row],[Big 4 Items]]/Table17891011121323578345[[#This Row],[Oil +/- ]] -> 0 | P39: =J39/S39 -> 0.53333333 | S39: =$T$1 -> 15
A40: Gulf Coast West | B40: 919 | C40: -11 | D40: -10 | E40: 24 | F40: -1 | G40: -1 | H40: 0 | I40: 24.55 | J40: 9 | K40: =Table17891011121323578345[[#This Row],[On Time Counts]]/45 -> 0.2 | L40: 3219.44 | M40: =Table17891011121323578345[[#This Row],[Wipers +/-]]/Table17891011121323578345[[#This Row],[Comp Sales]] -> -0.00031061303 | N40: 0 | O40: =Table17891011121323578345[[#This Row],[Big 4 Items]]/Table17891011121323578345[[#This Row],[Oil +/- ]] -> 0 | P40: =J40/S40 -> 0.6 | S40: =$T$1 -> 15
A41: Gulf Coast West | B41: 954 | C41: 209 | D41: 209 | G41: 0 | H41: 0 | I41: 704.98 | J41: 3 | K41: =Table17891011121323578345[[#This Row],[On Time Counts]]/45 -> 0.066666667 | M41: =Table17891011121323578345[[#This Row],[Wipers +/-]]/Table17891011121323578345[[#This Row],[Comp Sales]] -> #DIV/0! | O41: =Table17891011121323578345[[#This Row],[Big 4 Items]]/Table17891011121323578345[[#This Row],[Oil +/- ]] -> 0 | P41: =J41/S41 -> 0.2 | S41: =$T$1 -> 15
A42: Gulf Coast West | B42: 3017 | C42: 932 | D42: 968 | E42: 15 | F42: 43 | G42: -11 | H42: -11 | I42: 5461.01 | J42: 10 | K42: =Table17891011121323578345[[#This Row],[On Time Counts]]/45 -> 0.22222222 | L42: 3981.57 | M42: =Table17891011121323578345[[#This Row],[Wipers +/-]]/Table17891011121323578345[[#This Row],[Comp Sales]] -> -0.0027627293 | N42: 0 | O42: =Table17891011121323578345[[#This Row],[Big 4 Items]]/Table17891011121323578345[[#This Row],[Oil +/- ]] -> 0 | P42: =J42/S42 -> 0.66666667 | S42: =$T$1 -> 15
A43: Lafayette | B43: 29 | C43: 2556 | D43: 202 | E43: 3 | F43: 2 | G43: -101 | H43: -7 | I43: 1262.77 | J43: 9 | K43: =Table17891011121323578345[[#This Row],[On Time Counts]]/45 -> 0.2 | L43: 4219.46 | M43: =Table17891011121323578345[[#This Row],[Wipers +/-]]/Table17891011121323578345[[#This Row],[Comp Sales]] -> -0.023936712 | N43: 0 | O43: =Table17891011121323578345[[#This Row],[Big 4 Items]]/Table17891011121323578345[[#This Row],[Oil +/- ]] -> 0 | P43: =J43/S43 -> 0.6 | S43: =$T$1 -> 15
A44: Lafayette | B44: 40 | C44: 186 | D44: 186 | E44: -2 | F44: 7 | G44: -78 | H44: 30 | I44: 468.56 | J44: 9 | K44: =Table17891011121323578345[[#This Row],[On Time Counts]]/45 -> 0.2 | L44: 6761.54 | M44: =Table17891011121323578345[[#This Row],[Wipers +/-]]/Table17891011121323578345[[#This Row],[Comp Sales]] -> -0.011535834 | N44: 0 | O44: =Table17891011121323578345[[#This Row],[Big 4 Items]]/Table17891011121323578345[[#This Row],[Oil +/- ]] -> 0 | P44: =J44/S44 -> 0.6 | S44: =$T$1 -> 15
A45: Lafayette | B45: 280 | C45: 313 | D45: 125 | E45: 1 | F45: -1 | G45: 8 | H45: -4 | I45: 755.06 | J45: 13 | K45: =Table17891011121323578345[[#This Row],[On Time Counts]]/45 -> 0.28888889 | L45: 4100.43 | M45: =Table17891011121323578345[[#This Row],[Wipers +/-]]/Table17891011121323578345[[#This Row],[Comp Sales]] -> 0.0019510149 | N45: 0 | O45: =Table17891011121323578345[[#This Row],[Big 4 Items]]/Table17891011121323578345[[#This Row],[Oil +/- ]] -> 0 | P45: =J45/S45 -> 0.86666667 | S45: =$T$1 -> 15
A46: Lafayette | B46: 599 | C46: -16 | D46: -24 | E46: -13 | F46: -4 | G46: 12 | H46: 7 | I46: 61.28 | J46: 10 | K46: =Table17891011121323578345[[#This Row],[On Time Counts]]/45 -> 0.22222222 | L46: 2513.65 | M46: =Table17891011121323578345[[#This Row],[Wipers +/-]]/Table17891011121323578345[[#This Row],[Comp Sales]] -> 0.0047739343 | N46: 0 | O46: =Table17891011121323578345[[#This Row],[Big 4 Items]]/Table17891011121323578345[[#This Row],[Oil +/- ]] -> 0 | P46: =J46/S46 -> 0.66666667 | S46: =$T$1 -> 15
A47: Lafayette | B47: 720 | C47: -97 | D47: -97 | E47: 84 | F47: 1 | G47: 4 | H47: -7 | I47: -17.81 | J47: 7 | K47: =Table17891011121323578345[[#This Row],[On Time Counts]]/45 -> 0.15555556 | L47: 2026.59 | M47: =Table17891011121323578345[[#This Row],[Wipers +/-]]/Table17891011121323578345[[#This Row],[Comp Sales]] -> 0.0019737589 | N47: 0 | O47: =Table17891011121323578345[[#This Row],[Big 4 Items]]/Table17891011121323578345[[#This Row],[Oil +/- ]] -> 0 | P47: =J47/S47 -> 0.46666667 | S47: =$T$1 -> 15
A48: Lafayette | B48: 728 | C48: -22 | D48: -22 | E48: 0 | F48: -3 | G48: -8 | H48: 0 | I48: 258.72 | J48: 10 | K48: =Table17891011121323578345[[#This Row],[On Time Counts]]/45 -> 0.22222222 | L48: 0 | M48: =Table17891011121323578345[[#This Row],[Wipers +/-]]/Table17891011121323578345[[#This Row],[Comp Sales]] -> #DIV/0! | N48: 0 | O48: =Table17891011121323578345[[#This Row],[Big 4 Items]]/Table17891011121323578345[[#This Row],[Oil +/- ]] -> 0 | P48: =J48/S48 -> 0.66666667 | S48: =$T$1 -> 15
A49: Lafayette | B49: 830 | C49: 33 | D49: 28 | E49: 33 | F49: 2 | G49: 0 | H49: -26 | I49: 130.2 | J49: 7 | K49: =Table17891011121323578345[[#This Row],[On Time Counts]]/45 -> 0.15555556 | L49: 3487.35 | M49: =Table17891011121323578345[[#This Row],[Wipers +/-]]/Table17891011121323578345[[#This Row],[Comp Sales]] -> 0 | N49: 0 | O49: =Table17891011121323578345[[#This Row],[Big 4 Items]]/Table17891011121323578345[[#This Row],[Oil +/- ]] -> 0 | P49: =J49/S49 -> 0.46666667 | S49: =$T$1 -> 15
A50: Lafayette | B50: 975 | C50: -48 | D50: -48 | E50: -35 | G50: 8 | H50: -2 | I50: -137.66 | J50: 9 | K50: =Table17891011121323578345[[#This Row],[On Time Counts]]/45 -> 0.2 | L50: 3488.35 | M50: =Table17891011121323578345[[#This Row],[Wipers +/-]]/Table17891011121323578345[[#This Row],[Comp Sales]] -> 0.0022933479 | N50: 1 | O50: =Table17891011121323578345[[#This Row],[Big 4 Items]]/Table17891011121323578345[[#This Row],[Oil +/- ]] -> -0.020833333 | P50: =J50/S50 -> 0.6 | S50: =$T$1 -> 15
A51: NOLA North | B51: 1 | C51: -645 | D51: -645 | E51: 73 | F51: 6 | G51: 2 | H51: 10 | I51: -6266.7 | J51: 15 | K51: =Table17891011121323578345[[#This Row],[On Time Counts]]/45 -> 0.33333333 | L51: 1986.68 | M51: =Table17891011121323578345[[#This Row],[Wipers +/-]]/Table17891011121323578345[[#This Row],[Comp Sales]] -> 0.0010067047 | N51: 0 | O51: =Table17891011121323578345[[#This Row],[Big 4 Items]]/Table17891011121323578345[[#This Row],[Oil +/- ]] -> 0 | P51: =J51/S51 -> 1 | S51: =$T$1 -> 15
A52: NOLA North | B52: 2 | C52: -136 | D52: -136 | E52: 7 | F52: 4 | G52: 1 | H52: 3 | I52: -249.46 | J52: 10 | K52: =Table17891011121323578345[[#This Row],[On Time Counts]]/45 -> 0.22222222 | L52: 2791.49 | M52: =Table17891011121323578345[[#This Row],[Wipers +/-]]/Table17891011121323578345[[#This Row],[Comp Sales]] -> 0.00035823163 | N52: 0 | O52: =Table17891011121323578345[[#This Row],[Big 4 Items]]/Table17891011121323578345[[#This Row],[Oil +/- ]] -> 0 | P52: =J52/S52 -> 0.66666667 | S52: =$T$1 -> 15
A53: NOLA North | B53: 4 | C53: 1107 | D53: 9 | E53: 30 | F53: 27 | G53: 0 | H53: 10 | I53: 1288.15 | J53: 12 | K53: =Table17891011121323578345[[#This Row],[On Time Counts]]/45 -> 0.26666667 | L53: 5684.97 | M53: =Table17891011121323578345[[#This Row],[Wipers +/-]]/Table17891011121323578345[[#This Row],[Comp Sales]] -> 0 | N53: 0 | O53: =Table17891011121323578345[[#This Row],[Big 4 Items]]/Table17891011121323578345[[#This Row],[Oil +/- ]] -> 0 | P53: =J53/S53 -> 0.8 | S53: =$T$1 -> 15
A54: NOLA North | B54: 6 | C54: -87 | D54: -87 | E54: 4 | F54: 1 | G54: 0 | H54: -3 | I54: -147.13 | J54: 11 | K54: =Table17891011121323578345[[#This Row],[On Time Counts]]/45 -> 0.24444444 | L54: 0 | M54: =Table17891011121323578345[[#This Row],[Wipers +/-]]/Table17891011121323578345[[#This Row],[Comp Sales]] -> #DIV/0! | N54: 0 | O54: =Table17891011121323578345[[#This Row],[Big 4 Items]]/Table17891011121323578345[[#This Row],[Oil +/- ]] -> 0 | P54: =J54/S54 -> 0.73333333 | S54: =$T$1 -> 15
A55: NOLA North | B55: 15 | C55: -112 | D55: -112 | E55: -13 | F55: 2 | G55: -16 | H55: 3 | I55: -429.52 | J55: 13 | K55: =Table17891011121323578345[[#This Row],[On Time Counts]]/45 -> 0.28888889 | L55: 0 | M55: =Table17891011121323578345[[#This Row],[Wipers +/-]]/Table17891011121323578345[[#This Row],[Comp Sales]] -> #DIV/0! | O55: =Table17891011121323578345[[#This Row],[Big 4 Items]]/Table17891011121323578345[[#This Row],[Oil +/- ]] -> 0 | P55: =J55/S55 -> 0.86666667 | S55: =$T$1 -> 15
A56: NOLA North | B56: 28 | C56: -100 | D56: -100 | E56: -18 | F56: 35 | G56: -13 | H56: 6 | I56: 243.74 | J56: 10 | K56: =Table17891011121323578345[[#This Row],[On Time Counts]]/45 -> 0.22222222 | L56: 6979.44 | M56: =Table17891011121323578345[[#This Row],[Wipers +/-]]/Table17891011121323578345[[#This Row],[Comp Sales]] -> -0.0018626136 | O56: =Table17891011121323578345[[#This Row],[Big 4 Items]]/Table17891011121323578345[[#This Row],[Oil +/- ]] -> 0 | P56: =J56/S56 -> 0.66666667 | S56: =$T$1 -> 15
A57: NOLA North | B57: 32 | C57: 116 | D57: 116 | E57: -8 | F57: -8 | G57: -4 | H57: -1 | I57: 223.49 | J57: 10 | K57: =Table17891011121323578345[[#This Row],[On Time Counts]]/45 -> 0.22222222 | L57: 6567.35 | M57: =Table17891011121323578345[[#This Row],[Wipers +/-]]/Table17891011121323578345[[#This Row],[Comp Sales]] -> -0.00060907368 | O57: =Table17891011121323578345[[#This Row],[Big 4 Items]]/Table17891011121323578345[[#This Row],[Oil +/- ]] -> 0 | P57: =J57/S57 -> 0.66666667 | S57: =$T$1 -> 15
A58: NOLA North | B58: 606 | C58: 30 | D58: 40 | E58: -15 | F58: -1 | G58: 0 | H58: 0 | I58: 35.54 | J58: 10 | K58: =Table17891011121323578345[[#This Row],[On Time Counts]]/45 -> 0.22222222 | M58: =Table17891011121323578345[[#This Row],[Wipers +/-]]/Table17891011121323578345[[#This Row],[Comp Sales]] -> #DIV/0! | O58: =Table17891011121323578345[[#This Row],[Big 4 Items]]/Table17891011121323578345[[#This Row],[Oil +/- ]] -> 0 | P58: =J58/S58 -> 0.66666667 | S58: =$T$1 -> 15
A59: NOLA North | B59: 999 | C59: 859 | D59: -346 | I59: 1072.88 | J59: 2 | K59: =Table17891011121323578345[[#This Row],[On Time Counts]]/45 -> 0.044444444 | L59: 6761.54 | M59: =Table17891011121323578345[[#This Row],[Wipers +/-]]/Table17891011121323578345[[#This Row],[Comp Sales]] -> 0 | O59: =Table17891011121323578345[[#This Row],[Big 4 Items]]/Table17891011121323578345[[#This Row],[Oil +/- ]] -> 0 | P59: =J59/S59 -> 0.14285714 | S59: 14
A60: NOLA South | B60: 8 | C60: 198 | D60: 198 | E60: 172 | F60: -2 | G60: -4 | H60: 5 | I60: 312.19 | J60: 5 | K60: =Table17891011121323578345[[#This Row],[On Time Counts]]/45 -> 0.11111111 | L60: 6083.18 | M60: =Table17891011121323578345[[#This Row],[Wipers +/-]]/Table17891011121323578345[[#This Row],[Comp Sales]] -> -0.00065755082 | O60: =Table17891011121323578345[[#This Row],[Big 4 Items]]/Table17891011121323578345[[#This Row],[Oil +/- ]] -> 0 | P60: =J60/S60 -> 0.33333333 | S60: =$T$1 -> 15
A61: NOLA South | B61: 10 | C61: 123 | D61: 123 | E61: 11 | F61: 5783 | G61: 2 | H61: 1 | I61: 18000.94 | J61: 13 | K61: =Table17891011121323578345[[#This Row],[On Time Counts]]/45 -> 0.28888889 | L61: 4849.02 | M61: =Table17891011121323578345[[#This Row],[Wipers +/-]]/Table17891011121323578345[[#This Row],[Comp Sales]] -> 0.00041245448 | O61: =Table17891011121323578345[[#This Row],[Big 4 Items]]/Table17891011121323578345[[#This Row],[Oil +/- ]] -> 0 | P61: =J61/S61 -> 0.86666667 | S61: =$T$1 -> 15
A62: NOLA South | B62: 12 | C62: 40 | D62: 40 | E62: -3 | F62: 26 | G62: -54 | H62: 10 | I62: 22.51 | J62: 12 | K62: =Table17891011121323578345[[#This Row],[On Time Counts]]/45 -> 0.26666667 | L62: 6870.99 | M62: =Table17891011121323578345[[#This Row],[Wipers +/-]]/Table17891011121323578345[[#This Row],[Comp Sales]] -> -0.0078591295 | O62: =Table17891011121323578345[[#This Row],[Big 4 Items]]/Table17891011121323578345[[#This Row],[Oil +/- ]] -> 0 | P62: =J62/S62 -> 0.8 | S62: =$T$1 -> 15
A63: NOLA South | B63: 13 | C63: 184 | D63: -29 | E63: 6 | F63: -12 | G63: -13 | H63: 10 | I63: 259.87 | J63: 13 | K63: =Table17891011121323578345[[#This Row],[On Time Counts]]/45 -> 0.28888889 | L63: 6806.79 | M63: =Table17891011121323578345[[#This Row],[Wipers +/-]]/Table17891011121323578345[[#This Row],[Comp Sales]] -> -0.0019098577 | O63: =Table17891011121323578345[[#This Row],[Big 4 Items]]/Table17891011121323578345[[#This Row],[Oil +/- ]] -> 0 | P63: =J63/S63 -> 0.86666667 | S63: =$T$1 -> 15
A64: NOLA South | B64: 31 | C64: -109 | D64: -121 | E64: 20 | F64: 23 | G64: 0 | H64: 10 | I64: -58.27 | J64: 15 | K64: =Table17891011121323578345[[#This Row],[On Time Counts]]/45 -> 0.33333333 | L64: 5842.02 | M64: =Table17891011121323578345[[#This Row],[Wipers +/-]]/Table17891011121323578345[[#This Row],[Comp Sales]] -> 0 | O64: =Table17891011121323578345[[#This Row],[Big 4 Items]]/Table17891011121323578345[[#This Row],[Oil +/- ]] -> 0 | P64: =J64/S64 -> 1 | S64: =$T$1 -> 15
A65: NOLA South | B65: 92 | C65: 60 | D65: 60 | E65: 51 | F65: 20 | G65: -12 | H65: -16 | I65: 1326.98 | J65: 14 | K65: =Table17891011121323578345[[#This Row],[On Time Counts]]/45 -> 0.31111111 | L65: 7096.63 | M65: =Table17891011121323578345[[#This Row],[Wipers +/-]]/Table17891011121323578345[[#This Row],[Comp Sales]] -> -0.0016909434 | O65: =Table17891011121323578345[[#This Row],[Big 4 Items]]/Table17891011121323578345[[#This Row],[Oil +/- ]] -> 0 | P65: =J65/S65 -> 0.93333333 | S65: =$T$1 -> 15
A66: NOLA South | B66: 116 | C66: 1595 | D66: -58 | E66: 56 | F66: -1 | G66: -4 | H66: 1 | I66: 108.32 | J66: 14 | K66: =Table17891011121323578345[[#This Row],[On Time Counts]]/45 -> 0.31111111 | L66: 6662.04 | M66: =Table17891011121323578345[[#This Row],[Wipers +/-]]/Table17891011121323578345[[#This Row],[Comp Sales]] -> -0.00060041669 | O66: =Table17891011121323578345[[#This Row],[Big 4 Items]]/Table17891011121323578345[[#This Row],[Oil +/- ]] -> 0 | P66: =J66/S66 -> 0.93333333 | S66: =$T$1 -> 15
A67: NOLA South | B67: 870 | C67: -413 | D67: -140 | E67: -11 | G67: -2 | H67: 0 | I67: -1041.3 | J67: 6 | K67: =Table17891011121323578345[[#This Row],[On Time Counts]]/45 -> 0.13333333 | L67: 2791.49 | M67: =Table17891011121323578345[[#This Row],[Wipers +/-]]/Table17891011121323578345[[#This Row],[Comp Sales]] -> -0.00071646325 | O67: =Table17891011121323578345[[#This Row],[Big 4 Items]]/Table17891011121323578345[[#This Row],[Oil +/- ]] -> 0 | P67: =J67/S67 -> 0.4 | S67: =$T$1 -> 15
A68: NOLA South | B68: 3004 | C68: -617 | D68: -445 | E68: 125 | F68: 20 | H68: -13 | I68: -1240.15 | J68: 8 | K68: =Table17891011121323578345[[#This Row],[On Time Counts]]/45 -> 0.17777778 | M68: =Table17891011121323578345[[#This Row],[Wipers +/-]]/Table17891011121323578345[[#This Row],[Comp Sales]] -> #DIV/0! | O68: =Table17891011121323578345[[#This Row],[Big 4 Items]]/Table17891011121323578345[[#This Row],[Oil +/- ]] -> 0 | P68: =J68/S68 -> 0.53333333 | S68: =$T$1 -> 15
A285: 0.01 | B285: -0.01
A286: =A285+1% -> 0.02 | B286: =B285-1% -> -0.02
A287: =A286+1% -> 0.03 | B287: =B286-1% -> -0.03
A288: =A287+1% -> 0.04 | B288: =B287-1% -> -0.04
A289: =A288+1% -> 0.05 | B289: =B288-1% -> -0.05
A290: =A289+1% -> 0.06 | B290: =B289-1% -> -0.06
A291: =A290+1% -> 0.07 | B291: =B290-1% -> -0.07
A292: =A291+1% -> 0.08 | B292: =B291-1% -> -0.08
A293: =A292+1% -> 0.09 | B293: =B292-1% -> -0.09
A294: =A293+1% -> 0.1 | B294: =B293-1% -> -0.1
A295: =A294+1% -> 0.11 | B295: =B294-1% -> -0.11
A296: =A295+1% -> 0.12 | B296: =B295-1% -> -0.12
A297: =A296+1% -> 0.13 | B297: =B296-1% -> -0.13
... A384: =A383+1% -> 1 | B384: =B383-1% -> -1

Sheet P10 PTD
A1: District | B1: Lubricants/Oil +/- | C1: Oil +/- | D1: Oil Filters +/- | E1: Air Filters +/- | F1: Wipers +/- | G1: Cabins +/- | H1: Adjustment Variance | I1: On Time Counts | J1: Count Compliance | L1: Comp Sales | M1: Comp Attainment | N1: Big 4 | O1: Coolant | S1: Total Count Target | T1: ='P10 - 10-04'!T1+'P10 - 10-11'!T1+'P10 - 10-18'!T1+'P10 - 10-25'!T1+'P10 - 11-01'!T1 -> 58
A2: =A12 -> Baton Rouge North | B2: =SUM(C12:C19) -> 10847.58 | C2: =SUM(D12:D19) -> 8082.78 | D2: =SUM(E12:E19) -> 4028 | E2: =SUM(F12:F19) -> 399 | F2: =SUM(G12:G19) -> -144 | G2: =SUM(H12:H19) -> 436 | H2: =SUM(I12:I19) -> 45441.438 | I2: =SUM(J12:J19) -> 132 | J2: =I2/SUM(S12:S19) -> 0.37931034 | L2: =SUM(L12:L12) -> 4238.98 | M2: =((F2-G12)/L2)-100% -> -1.0658177 | N2: =SUM(N12:N12)/C2 -> 0 | O2: =SUM(P12:P12)/C2 -> 1.0665501e-05
A3: =A20 -> Baton Rouge South | B3: =SUM(C20:C26) -> 22307.59 | C3: =SUM(D20:D26) -> 21861.09 | D3: =SUM(E20:E26) -> 1525 | E3: =SUM(F20:F26) -> 110 | F3: =SUM(G20:G26) -> 557 | G3: =SUM(H20:H26) -> 143 | H3: =SUM(I20:I26) -> 72797.79 | I3: =SUM(J20:J26) -> 255 | J3: =I3/SUM(S20:S26) -> 0.62807882 | L3: =SUM(L13:L13) -> 5844.34 | M3: =((F3-G13)/L3)-100% -> -0.90554964 | N3: =SUM(N13:N13)/C3 -> 0 | O3: =SUM(P13:P13)/C3 -> 3.0758475e-05
A4: =A27 -> Gulf Coast North | B4: =SUM(C27:C35) -> 17602 | C4: =SUM(D27:D35) -> 6372 | D4: =SUM(E27:E35) -> 600 | E4: =SUM(F27:F35) -> 127 | F4: =SUM(G27:G35) -> 96 | G4: =SUM(H27:H35) -> 187 | H4: =SUM(I27:I35) -> 41470.49 | I4: =SUM(J27:J35) -> 310 | J4: =I4/SUM(S27:S35) -> 0.59386973 | L4: =SUM(L14:L24) -> 52541.38 | M4: =(F4/L4)-100% -> -0.99817287 | N4: =SUM(N14:N24)/C4 -> 0 | O4: =SUM(P14:P24)/C4 -> #DIV/0!
A5: =A36 -> Gulf Coast West | B5: =SUM(C36:C42) -> 3217 | C5: =SUM(D36:D42) -> 3080 | D5: =SUM(E36:E42) -> -116 | E5: =SUM(F36:F42) -> 235 | F5: =SUM(G36:G42) -> 208 | G5: =SUM(H36:H42) -> 8 | H5: =SUM(I36:I42) -> 20217.61 | I5: =SUM(J36:J42) -> 241 | J5: =I5/SUM(S36:S42) -> 0.59359606 | L5: =SUM(L25:L37) -> 80972.98 | M5: =((F5-G35-G36-G37)/L5)-100% -> -0.99993825 | N5: =SUM(N25:N37)/C5 -> 0 | O5: =SUM(P25:P37)/C5 -> 0.0026030004
A6: =A43 -> Lafayette | B6: =SUM(C43:C50) -> 6626 | C6: =SUM(D43:D50) -> 2372 | D6: =SUM(E43:E50) -> 169 | E6: =SUM(F43:F50) -> -3 | F6: =SUM(G43:G50) -> -144 | G6: =SUM(H43:H50) -> -7 | H6: =SUM(I43:I50) -> 13644.59 | I6: =SUM(J43:J50) -> 335 | J6: =I6/SUM(S43:S50) -> 0.72198276
A7: =A51 -> NOLA North | B7: =SUM(C51:C59) -> 18198 | C7: =SUM(D51:D59) -> 4163 | D7: =SUM(E51:E59) -> 104 | E7: =SUM(F51:F59) -> 73 | F7: =SUM(G51:G59) -> -6 | G7: =SUM(H51:H59) -> 34 | H7: =SUM(I51:I59) -> 24316.88 | I7: =SUM(J51:J59) -> 381 | J7: =I7/SUM(S51:S59) -> 0.79707113 | L7: =SUM(L38:L46) -> 38554.76 | M7: =(F7/L7)-100% -> -1.0001556 | N7: =SUM(N38:N46)/C7 -> 0 | O7: =SUM(P38:P46)/C7 -> 0.0014868256
A8: =A60 -> NOLA South | B8: =SUM(C60:C68) -> 17069 | C8: =SUM(D60:D68) -> 12049 | D8: =SUM(E60:E68) -> 1128 | E8: =SUM(F60:F68) -> 92 | F8: =SUM(G60:G68) -> 16 | G8: =SUM(H60:H68) -> 108 | H8: =SUM(I60:I68) -> 51591.97 | I8: =SUM(J60:J68) -> 376 | J8: =I8/SUM(S60:S68) -> 0.72030651 | L8: =SUM(L47:L55) -> 19465.43 | M8: =((F8-G55)/L8)-100% -> -0.99825331 | N8: =SUM(N47:N55)/C8 -> 8.2994439e-05 | O8: =SUM(P47:P55)/C8 -> 0.00056951357
A9: Gulf Coast | B9: =SUM(B2:B8) -> 95867.17 | C9: =SUM(C2:C8) -> 57979.87 | D9: =SUM(D2:D8) -> 7438 | E9: =SUM(E2:E8) -> 1033 | F9: =SUM(F2:F8) -> 583 | G9: =SUM(G2:G8) -> 909 | H9: =SUM(H2:H8) -> 269480.77 | I9: =SUM(I2:I8) -> 2030 | J9: =I9/SUM(S12:S68) -> 0.64526383 | L9: =SUM(L2:L8) -> 201617.87 | M9: =((F9-G12-G13-G35-G36-G37-G55)/L9)-100% -> -0.99872035 | N9: {=SUM(Table178910111213235783456[Big 4 Items]/C9)} -> 1.7247365e-05 | O9: =SUM(Table178910111213235783456[Count Compliance2])/C9 -> #DIV/0!
A11: District | B11: Store | C11: Lubricants/Oil +/- | D11: Oil +/- | E11: Oil Filters +/- | F11: Air Filters +/- | G11: Wipers +/- | H11: Cabins +/- | I11: Adjustment Variance | J11: On Time Counts | K11: Count Compliance | L11: Comp Sales | M11: Comp Sales Attainment | N11: Big 4 Items | O11: Big 4 | P11: Count Compliance2
A12: Baton Rouge North | B12: 17 | C12: =Table17891011121323578[[#This Row],[Lubricants/Oil +/-]]+Table178910111213235787[[#This Row],[Lubricants/Oil +/-]]+Table178910111213235783[[#This Row],[Lubricants/Oil +/-]]+Table1789101112132357834[[#This Row],[Lubricants/Oil +/-]]+Table17891011121323578345[[#This Row],[Lubricants/Oil +/-]] -> -791.93 | D12: =Table17891011121323578[[#This Row],[Oil +/- ]]+Table178910111213235787[[#This Row],[Oil +/- ]]+Table178910111213235783[[#This Row],[Oil +/- ]]+Table1789101112132357834[[#This Row],[Oil +/- ]]+Table17891011121323578345[[#This Row],[Oil +/- ]] -> -839.93 | E12: =Table17891011121323578[[#This Row],[Oil Filters +/-]]+Table178910111213235787[[#This Row],[Oil Filters +/-]]+Table178910111213235783[[#This Row],[Oil Filters +/-]]+Table1789101112132357834[[#This Row],[Oil Filters +/-]]+Table17891011121323578345[[#This Row],[Oil Filters +/-]] -> 3112 | F12: =Table17891011121323578[[#This Row],[Air Filters +/-]]+Table178910111213235787[[#This Row],[Air Filters +/-]]+Table178910111213235783[[#This Row],[Air Filters +/-]]+Table1789101112132357834[[#This Row],[Air Filters +/-]]+Table17891011121323578345[[#This Row],[Air Filters +/-]] -> 318 | G12: =Table17891011121323578[[#This Row],[Wipers +/-]]+Table178910111213235787[[#This Row],[Wipers +/-]]+Table178910111213235783[[#This Row],[Wipers +/-]]+Table1789101112132357834[[#This Row],[Wipers +/-]]+Table17891011121323578345[[#This Row],[Wipers +/-]] -> 135 | H12: =Table17891011121323578[[#This Row],[Cabins +/-]]+Table178910111213235787[[#This Row],[Cabins +/-]]+Table178910111213235783[[#This Row],[Cabins +/-]]+Table1789101112132357834[[#This Row],[Cabins +/-]]+Table17891011121323578345[[#This Row],[Cabins +/-]] -> 348 | I12: =Table17891011121323578[[#This Row],[Adjustment Variance]]+Table178910111213235787[[#This Row],[Adjustment Variance]]+Table178910111213235783[[#This Row],[Adjustment Variance]]+Table1789101112132357834[[#This Row],[Adjustment Variance]]+Table17891011121323578345[[#This Row],[Adjustment Variance]] -> 6196.3361 | J12: =Table17891011121323578[[#This Row],[On Time Counts]]+Table178910111213235787[[#This Row],[On Time Counts]]+Table178910111213235783[[#This Row],[On Time Counts]]+Table1789101112132357834[[#This Row],[On Time Counts]]+Table17891011121323578345[[#This Row],[On Time Counts]] -> 5 | K12: =Table178910111213235783456[[#This Row],[On Time Counts]]/45 -> 0.11111111 | L12: 4238.98 | M12: =Table178910111213235783456[[#This Row],[Wipers +/-]]/Table178910111213235783456[[#This Row],[Comp Sales]] -> 0.031847284 | N12: 0 | O12: =Table178910111213235783456[[#This Row],[Big 4 Items]]/Table178910111213235783456[[#This Row],[Oil +/- ]] -> 0 | P12: =J12/S12 -> 0.086206897 | S12: ='P10 - 10-04'!S12+'P10 - 10-11'!S12+'P10 - 10-18'!S12+'P10 - 10-25'!S12+'P10 - 11-01'!S12 -> 58
A13: Baton Rouge North | B13: 22 | C13: =Table17891011121323578[[#This Row],[Lubricants/Oil +/-]]+Table178910111213235787[[#This Row],[Lubricants/Oil +/-]]+Table178910111213235783[[#This Row],[Lubricants/Oil +/-]]+Table1789101112132357834[[#This Row],[Lubricants/Oil +/-]]+Table17891011121323578345[[#This Row],[Lubricants/Oil +/-]] -> 3451.55 | D13: =Table17891011121323578[[#This Row],[Oil +/- ]]+Table178910111213235787[[#This Row],[Oil +/- ]]+Table178910111213235783[[#This Row],[Oil +/- ]]+Table1789101112132357834[[#This Row],[Oil +/- ]]+Table17891011121323578345[[#This Row],[Oil +/- ]] -> 1084.45 | E13: =Table17891011121323578[[#This Row],[Oil Filters +/-]]+Table178910111213235787[[#This Row],[Oil Filters +/-]]+Table178910111213235783[[#This Row],[Oil Filters +/-]]+Table1789101112132357834[[#This Row],[Oil Filters +/-]]+Table17891011121323578345[[#This Row],[Oil Filters +/-]] -> 354 | F13: =Table17891011121323578[[#This Row],[Air Filters +/-]]+Table178910111213235787[[#This Row],[Air Filters +/-]]+Table178910111213235783[[#This Row],[Air Filters +/-]]+Table1789101112132357834[[#This Row],[Air Filters +/-]]+Table17891011121323578345[[#This Row],[Air Filters +/-]] -> 119 | G13: =Table17891011121323578[[#This Row],[Wipers +/-]]+Table178910111213235787[[#This Row],[Wipers +/-]]+Table178910111213235783[[#This Row],[Wipers +/-]]+Table1789101112132357834[[#This Row],[Wipers +/-]]+Table17891011121323578345[[#This Row],[Wipers +/-]] -> 5 | H13: =Table17891011121323578[[#This Row],[Cabins +/-]]+Table178910111213235787[[#This Row],[Cabins +/-]]+Table178910111213235783[[#This Row],[Cabins +/-]]+Table1789101112132357834[[#This Row],[Cabins +/-]]+Table17891011121323578345[[#This Row],[Cabins +/-]] -> 79 | I13: =Table17891011121323578[[#This Row],[Adjustment Variance]]+Table178910111213235787[[#This Row],[Adjustment Variance]]+Table178910111213235783[[#This Row],[Adjustment Variance]]+Table1789101112132357834[[#This Row],[Adjustment Variance]]+Table17891011121323578345[[#This Row],[Adjustment Variance]] -> 6456.1024 | J13: =Table17891011121323578[[#This Row],[On Time Counts]]+Table178910111213235787[[#This Row],[On Time Counts]]+Table178910111213235783[[#This Row],[On Time Counts]]+Table1789101112132357834[[#This Row],[On Time Counts]]+Table17891011121323578345[[#This Row],[On Time Counts]] -> 39 | K13: =Table178910111213235783456[[#This Row],[On Time Counts]]/45 -> 0.86666667 | L13: 5844.34 | M13: =Table178910111213235783456[[#This Row],[Wipers +/-]]/Table178910111213235783456[[#This Row],[Comp Sales]] -> 0.0008555286 | N13: 0 | O13: =Table178910111213235783456[[#This Row],[Big 4 Items]]/Table178910111213235783456[[#This Row],[Oil +/- ]] -> 0 | P13: =J13/S13 -> 0.67241379 | S13: ='P10 - 10-04'!S13+'P10 - 10-11'!S13+'P10 - 10-18'!S13+'P10 - 10-25'!S13+'P10 - 11-01'!S13 -> 58
A14: Baton Rouge North | B14: 641 | C14: =Table17891011121323578[[#This Row],[Lubricants/Oil +/-]]+Table178910111213235787[[#This Row],[Lubricants/Oil +/-]]+Table178910111213235783[[#This Row],[Lubricants/Oil +/-]]+Table1789101112132357834[[#This Row],[Lubricants/Oil +/-]]+Table17891011121323578345[[#This Row],[Lubricants/Oil +/-]] -> -697.56 | D14: =Table17891011121323578[[#This Row],[Oil +/- ]]+Table178910111213235787[[#This Row],[Oil +/- ]]+Table178910111213235783[[#This Row],[Oil +/- ]]+Table1789101112132357834[[#This Row],[Oil +/- ]]+Table17891011121323578345[[#This Row],[Oil +/- ]] -> -497.46 | E14: =Table17891011121323578[[#This Row],[Oil Filters +/-]]+Table178910111213235787[[#This Row],[Oil Filters +/-]]+Table178910111213235783[[#This Row],[Oil Filters +/-]]+Table1789101112132357834[[#This Row],[Oil Filters +/-]]+Table17891011121323578345[[#This Row],[Oil Filters +/-]] -> -105 | F14: =Table17891011121323578[[#This Row],[Air Filters +/-]]+Table178910111213235787[[#This Row],[Air Filters +/-]]+Table178910111213235783[[#This Row],[Air Filters +/-]]+Table1789101112132357834[[#This Row],[Air Filters +/-]]+Table17891011121323578345[[#This Row],[Air Filters +/-]] -> 1 | G14: =Table17891011121323578[[#This Row],[Wipers +/-]]+Table178910111213235787[[#This Row],[Wipers +/-]]+Table178910111213235783[[#This Row],[Wipers +/-]]+Table1789101112132357834[[#This Row],[Wipers +/-]]+Table17891011121323578345[[#This Row],[Wipers +/-]] -> -19 | H14: =Table17891011121323578[[#This Row],[Cabins +/-]]+Table178910111213235787[[#This Row],[Cabins +/-]]+Table178910111213235783[[#This Row],[Cabins +/-]]+Table1789101112132357834[[#This Row],[Cabins +/-]]+Table17891011121323578345[[#This Row],[Cabins +/-]] -> 23 | I14: =Table17891011121323578[[#This Row],[Adjustment Variance]]+Table178910111213235787[[#This Row],[Adjustment Variance]]+Table178910111213235783[[#This Row],[Adjustment Variance]]+Table1789101112132357834[[#This Row],[Adjustment Variance]]+Table17891011121323578345[[#This Row],[Adjustment Variance]] -> -2705.9567 | J14: =Table17891011121323578[[#This Row],[On Time Counts]]+Table178910111213235787[[#This Row],[On Time Counts]]+Table178910111213235783[[#This Row],[On Time Counts]]+Table1789101112132357834[[#This Row],[On Time Counts]]+Table17891011121323578345[[#This Row],[On Time Counts]] -> 40 | K14: =Table178910111213235783456[[#This Row],[On Time Counts]]/45 -> 0.88888889 | L14: 3219.34 | M14: =Table178910111213235783456[[#This Row],[Wipers +/-]]/Table178910111213235783456[[#This Row],[Comp Sales]] -> -0.0059018308 | N14: 0 | O14: =Table178910111213235783456[[#This Row],[Big 4 Items]]/Table178910111213235783456[[#This Row],[Oil +/- ]] -> 0 | P14: =J14/S14 -> 0.68965517 | S14: ='P10 - 10-04'!S14+'P10 - 10-11'!S14+'P10 - 10-18'!S14+'P10 - 10-25'!S14+'P10 - 11-01'!S14 -> 58
A15: Baton Rouge North | B15: 717 | C15: =Table17891011121323578[[#This Row],[Lubricants/Oil +/-]]+Table178910111213235787[[#This Row],[Lubricants/Oil +/-]]+Table178910111213235783[[#This Row],[Lubricants/Oil +/-]]+Table1789101112132357834[[#This Row],[Lubricants/Oil +/-]]+Table17891011121323578345[[#This Row],[Lubricants/Oil +/-]] -> 3009.84 | D15: =Table17891011121323578[[#This Row],[Oil +/- ]]+Table178910111213235787[[#This Row],[Oil +/- ]]+Table178910111213235783[[#This Row],[Oil +/- ]]+Table1789101112132357834[[#This Row],[Oil +/- ]]+Table17891011121323578345[[#This Row],[Oil +/- ]] -> 2659.54 | E15: =Table17891011121323578[[#This Row],[Oil Filters +/-]]+Table178910111213235787[[#This Row],[Oil Filters +/-]]+Table178910111213235783[[#This Row],[Oil Filters +/-]]+Table1789101112132357834[[#This Row],[Oil Filters +/-]]+Table17891011121323578345[[#This Row],[Oil Filters +/-]] -> 198 | F15: =Table17891011121323578[[#This Row],[Air Filters +/-]]+Table178910111213235787[[#This Row],[Air Filters +/-]]+Table178910111213235783[[#This Row],[Air Filters +/-]]+Table1789101112132357834[[#This Row],[Air Filters +/-]]+Table17891011121323578345[[#This Row],[Air Filters +/-]] -> -5 | G15: =Table17891011121323578[[#This Row],[Wipers +/-]]+Table178910111213235787[[#This Row],[Wipers +/-]]+Table178910111213235783[[#This Row],[Wipers +/-]]+Table1789101112132357834[[#This Row],[Wipers +/-]]+Table17891011121323578345[[#This Row],[Wipers +/-]] -> -92 | H15: =Table17891011121323578[[#This Row],[Cabins +/-]]+Table178910111213235787[[#This Row],[Cabins +/-]]+Table178910111213235783[[#This Row],[Cabins +/-]]+Table1789101112132357834[[#This Row],[Cabins +/-]]+Table17891011121323578345[[#This Row],[Cabins +/-]] -> -55 | I15: =Table17891011121323578[[#This Row],[Adjustment Variance]]+Table178910111213235787[[#This Row],[Adjustment Variance]]+Table178910111213235783[[#This Row],[Adjustment Variance]]+Table1789101112132357834[[#This Row],[Adjustment Variance]]+Table17891011121323578345[[#This Row],[Adjustment Variance]] -> 6315.6986 | J15: =Table17891011121323578[[#This Row],[On Time Counts]]+Table178910111213235787[[#This Row],[On Time Counts]]+Table178910111213235783[[#This Row],[On Time Counts]]+Table1789101112132357834[[#This Row],[On Time Counts]]+Table17891011121323578345[[#This Row],[On Time Counts]] -> 11 | K15: =Table178910111213235783456[[#This Row],[On Time Counts]]/45 -> 0.24444444 | L15: 8034.77 | M15: =Table178910111213235783456[[#This Row],[Wipers +/-]]/Table178910111213235783456[[#This Row],[Comp Sales]] -> -0.011450234 | N15: 0 | O15: =Table178910111213235783456[[#This Row],[Big 4 Items]]/Table178910111213235783456[[#This Row],[Oil +/- ]] -> 0 | P15: =J15/S15 -> 0.18965517 | S15: ='P10 - 10-04'!S15+'P10 - 10-11'!S15+'P10 - 10-18'!S15+'P10 - 10-25'!S15+'P10 - 11-01'!S15 -> 58
A16: Baton Rouge North | B16: 843 | C16: =Table17891011121323578[[#This Row],[Lubricants/Oil +/-]]+Table178910111213235787[[#This Row],[Lubricants/Oil +/-]]+Table178910111213235783[[#This Row],[Lubricants/Oil +/-]]+Table1789101112132357834[[#This Row],[Lubricants/Oil +/-]]+Table17891011121323578345[[#This Row],[Lubricants/Oil +/-]] -> 3467.68 | D16: =Table17891011121323578[[#This Row],[Oil +/- ]]+Table178910111213235787[[#This Row],[Oil +/- ]]+Table178910111213235783[[#This Row],[Oil +/- ]]+Table1789101112132357834[[#This Row],[Oil +/- ]]+Table17891011121323578345[[#This Row],[Oil +/- ]] -> 3280.18 | E16: =Table17891011121323578[[#This Row],[Oil Filters +/-]]+Table178910111213235787[[#This Row],[Oil Filters +/-]]+Table178910111213235783[[#This Row],[Oil Filters +/-]]+Table1789101112132357834[[#This Row],[Oil Filters +/-]]+Table17891011121323578345[[#This Row],[Oil Filters +/-]] -> 363 | F16: =Table17891011121323578[[#This Row],[Air Filters +/-]]+Table178910111213235787[[#This Row],[Air Filters +/-]]+Table178910111213235783[[#This Row],[Air Filters +/-]]+Table1789101112132357834[[#This Row],[Air Filters +/-]]+Table17891011121323578345[[#This Row],[Air Filters +/-]] -> -34 | G16: =Table17891011121323578[[#This Row],[Wipers +/-]]+Table178910111213235787[[#This Row],[Wipers +/-]]+Table178910111213235783[[#This Row],[Wipers +/-]]+Table1789101112132357834[[#This Row],[Wipers +/-]]+Table17891011121323578345[[#This Row],[Wipers +/-]] -> -177 | H16: =Table17891011121323578[[#This Row],[Cabins +/-]]+Table178910111213235787[[#This Row],[Cabins +/-]]+Table178910111213235783[[#This Row],[Cabins +/-]]+Table1789101112132357834[[#This Row],[Cabins +/-]]+Table17891011121323578345[[#This Row],[Cabins +/-]] -> 3 | I16: =Table17891011121323578[[#This Row],[Adjustment Variance]]+Table178910111213235787[[#This Row],[Adjustment Variance]]+Table178910111213235783[[#This Row],[Adjustment Variance]]+Table1789101112132357834[[#This Row],[Adjustment Variance]]+Table17891011121323578345[[#This Row],[Adjustment Variance]] -> 20322.178 | J16: =Table17891011121323578[[#This Row],[On Time Counts]]+Table178910111213235787[[#This Row],[On Time Counts]]+Table178910111213235783[[#This Row],[On Time Counts]]+Table1789101112132357834[[#This Row],[On Time Counts]]+Table17891011121323578345[[#This Row],[On Time Counts]] -> 16 | K16: =Table178910111213235783456[[#This Row],[On Time Counts]]/45 -> 0.35555556 | L16: 6497.34 | M16: =Table178910111213235783456[[#This Row],[Wipers +/-]]/Table178910111213235783456[[#This Row],[Comp Sales]] -> -0.027241917 | N16: 0 | O16: =Table178910111213235783456[[#This Row],[Big 4 Items]]/Table178910111213235783456[[#This Row],[Oil +/- ]] -> 0 | P16: =J16/S16 -> 0.27586207 | S16: ='P10 - 10-04'!S16+'P10 - 10-11'!S16+'P10 - 10-18'!S16+'P10 - 10-25'!S16+'P10 - 11-01'!S16 -> 58
A17: Baton Rouge North | B17: 881 | C17: =Table17891011121323578[[#This Row],[Lubricants/Oil +/-]]+Table178910111213235787[[#This Row],[Lubricants/Oil +/-]]+Table178910111213235783[[#This Row],[Lubricants/Oil +/-]]+Table1789101112132357834[[#This Row],[Lubricants/Oil +/-]]+Table17891011121323578345[[#This Row],[Lubricants/Oil +/-]] -> 2408 | D17: =Table17891011121323578[[#This Row],[Oil +/- ]]+Table178910111213235787[[#This Row],[Oil +/- ]]+Table178910111213235783[[#This Row],[Oil +/- ]]+Table1789101112132357834[[#This Row],[Oil +/- ]]+Table17891011121323578345[[#This Row],[Oil +/- ]] -> 2396 | E17: =Table17891011121323578[[#This Row],[Oil Filters +/-]]+Table178910111213235787[[#This Row],[Oil Filters +/-]]+Table178910111213235783[[#This Row],[Oil Filters +/-]]+Table1789101112132357834[[#This Row],[Oil Filters +/-]]+Table17891011121323578345[[#This Row],[Oil Filters +/-]] -> 106 | F17: =Table17891011121323578[[#This Row],[Air Filters +/-]]+Table178910111213235787[[#This Row],[Air Filters +/-]]+Table178910111213235783[[#This Row],[Air Filters +/-]]+Table1789101112132357834[[#This Row],[Air Filters +/-]]+Table17891011121323578345[[#This Row],[Air Filters +/-]] -> 0 | G17: =Table17891011121323578[[#This Row],[Wipers +/-]]+Table178910111213235787[[#This Row],[Wipers +/-]]+Table178910111213235783[[#This Row],[Wipers +/-]]+Table1789101112132357834[[#This Row],[Wipers +/-]]+Table17891011121323578345[[#This Row],[Wipers +/-]] -> 4 | H17: =Table17891011121323578[[#This Row],[Cabins +/-]]+Table178910111213235787[[#This Row],[Cabins +/-]]+Table178910111213235783[[#This Row],[Cabins +/-]]+Table1789101112132357834[[#This Row],[Cabins +/-]]+Table17891011121323578345[[#This Row],[Cabins +/-]] -> 38 | I17: =Table17891011121323578[[#This Row],[Adjustment Variance]]+Table178910111213235787[[#This Row],[Adjustment Variance]]+Table178910111213235783[[#This Row],[Adjustment Variance]]+Table1789101112132357834[[#This Row],[Adjustment Variance]]+Table17891011121323578345[[#This Row],[Adjustment Variance]] -> 8857.08 | J17: =Table17891011121323578[[#This Row],[On Time Counts]]+Table178910111213235787[[#This Row],[On Time Counts]]+Table178910111213235783[[#This Row],[On Time Counts]]+Table1789101112132357834[[#This Row],[On Time Counts]]+Table17891011121323578345[[#This Row],[On Time Counts]] -> 21 | K17: =Table178910111213235783456[[#This Row],[On Time Counts]]/45 -> 0.46666667 | M17: =Table178910111213235783456[[#This Row],[Wipers +/-]]/Table178910111213235783456[[#This Row],[Comp Sales]] -> #DIV/0! | O17: =Table178910111213235783456[[#This Row],[Big 4 Items]]/Table178910111213235783456[[#This Row],[Oil +/- ]] -> 0 | P17: =J17/S17 -> 0.36206897 | S17: ='P10 - 10-04'!S17+'P10 - 10-11'!S17+'P10 - 10-18'!S17+'P10 - 10-25'!S17+'P10 - 11-01'!S17 -> 58
A18: Baton Rouge North | B18: 953 | C18: =Table17891011121323578[[#This Row],[Lubricants/Oil +/-]]+Table178910111213235787[[#This Row],[Lubricants/Oil +/-]]+Table178910111213235783[[#This Row],[Lubricants/Oil +/-]]+Table1789101112132357834[[#This Row],[Lubricants/Oil +/-]]+Table17891011121323578345[[#This Row],[Lubricants/Oil +/-]] -> 0 | D18: =Table17891011121323578[[#This Row],[Oil +/- ]]+Table178910111213235787[[#This Row],[Oil +/- ]]+Table178910111213235783[[#This Row],[Oil +/- ]]+Table1789101112132357834[[#This Row],[Oil +/- ]]+Table17891011121323578345[[#This Row],[Oil +/- ]] -> 0 | E18: =Table17891011121323578[[#This Row],[Oil Filters +/-]]+Table178910111213235787[[#This Row],[Oil Filters +/-]]+Table178910111213235783[[#This Row],[Oil Filters +/-]]+Table1789101112132357834[[#This Row],[Oil Filters +/-]]+Table17891011121323578345[[#This Row],[Oil Filters +/-]] -> 0 | F18: =Table17891011121323578[[#This Row],[Air Filters +/-]]+Table178910111213235787[[#This Row],[Air Filters +/-]]+Table178910111213235783[[#This Row],[Air Filters +/-]]+Table1789101112132357834[[#This Row],[Air Filters +/-]]+Table17891011121323578345[[#This Row],[Air Filters +/-]] -> 0 | G18: =Table17891011121323578[[#This Row],[Wipers +/-]]+Table178910111213235787[[#This Row],[Wipers +/-]]+Table178910111213235783[[#This Row],[Wipers +/-]]+Table1789101112132357834[[#This Row],[Wipers +/-]]+Table17891011121323578345[[#This Row],[Wipers +/-]] -> 0 | H18: =Table17891011121323578[[#This Row],[Cabins +/-]]+Table178910111213235787[[#This Row],[Cabins +/-]]+Table178910111213235783[[#This Row],[Cabins +/-]]+Table1789101112132357834[[#This Row],[Cabins +/-]]+Table17891011121323578345[[#This Row],[Cabins +/-]] -> 0 | I18: =Table17891011121323578[[#This Row],[Adjustment Variance]]+Table178910111213235787[[#This Row],[Adjustment Variance]]+Table178910111213235783[[#This Row],[Adjustment Variance]]+Table1789101112132357834[[#This Row],[Adjustment Variance]]+Table17891011121323578345[[#This Row],[Adjustment Variance]] -> 0 | J18: =Table17891011121323578[[#This Row],[On Time Counts]]+Table178910111213235787[[#This Row],[On Time Counts]]+Table178910111213235783[[#This Row],[On Time Counts]]+Table1789101112132357834[[#This Row],[On Time Counts]]+Table17891011121323578345[[#This Row],[On Time Counts]] -> 0 | K18: =Table178910111213235783456[[#This Row],[On Time Counts]]/45 -> 0 | M18: =Table178910111213235783456[[#This Row],[Wipers +/-]]/Table178910111213235783456[[#This Row],[Comp Sales]] -> #DIV/0! | O18: =Table178910111213235783456[[#This Row],[Big 4 Items]]/Table178910111213235783456[[#This Row],[Oil +/- ]] -> #DIV/0! | P18: =J18/S18 -> #DIV/0! | S18: ='P10 - 10-04'!S18+'P10 - 10-11'!S18+'P10 - 10-18'!S18+'P10 - 10-25'!S18+'P10 - 11-01'!S18 -> 0
A19: Baton Rouge North | B19: 3040 | C19: =Table17891011121323578[[#This Row],[Lubricants/Oil +/-]]+Table178910111213235787[[#This Row],[Lubricants/Oil +/-]]+Table178910111213235783[[#This Row],[Lubricants/Oil +/-]]+Table1789101112132357834[[#This Row],[Lubricants/Oil +/-]]+Table17891011121323578345[[#This Row],[Lubricants/Oil +/-]] -> 0 | D19: =Table17891011121323578[[#This Row],[Oil +/- ]]+Table178910111213235787[[#This Row],[Oil +/- ]]+Table178910111213235783[[#This Row],[Oil +/- ]]+Table1789101112132357834[[#This Row],[Oil +/- ]]+Table17891011121323578345[[#This Row],[Oil +/- ]] -> 0 | E19: =Table17891011121323578[[#This Row],[Oil Filters +/-]]+Table178910111213235787[[#This Row],[Oil Filters +/-]]+Table178910111213235783[[#This Row],[Oil Filters +/-]]+Table1789101112132357834[[#This Row],[Oil Filters +/-]]+Table17891011121323578345[[#This Row],[Oil Filters +/-]] -> 0 | F19: =Table17891011121323578[[#This Row],[Air Filters +/-]]+Table178910111213235787[[#This Row],[Air Filters +/-]]+Table178910111213235783[[#This Row],[Air Filters +/-]]+Table1789101112132357834[[#This Row],[Air Filters +/-]]+Table17891011121323578345[[#This Row],[Air Filters +/-]] -> 0 | G19: =Table17891011121323578[[#This Row],[Wipers +/-]]+Table178910111213235787[[#This Row],[Wipers +/-]]+Table178910111213235783[[#This Row],[Wipers +/-]]+Table1789101112132357834[[#This Row],[Wipers +/-]]+Table17891011121323578345[[#This Row],[Wipers +/-]] -> 0 | H19: =Table17891011121323578[[#This Row],[Cabins +/-]]+Table178910111213235787[[#This Row],[Cabins +/-]]+Table178910111213235783[[#This Row],[Cabins +/-]]+Table1789101112132357834[[#This Row],[Cabins +/-]]+Table17891011121323578345[[#This Row],[Cabins +/-]] -> 0 | I19: =Table17891011121323578[[#This Row],[Adjustment Variance]]+Table178910111213235787[[#This Row],[Adjustment Variance]]+Table178910111213235783[[#This Row],[Adjustment Variance]]+Table1789101112132357834[[#This Row],[Adjustment Variance]]+Table17891011121323578345[[#This Row],[Adjustment Variance]] -> 0 | J19: =Table17891011121323578[[#This Row],[On Time Counts]]+Table178910111213235787[[#This Row],[On Time Counts]]+Table178910111213235783[[#This Row],[On Time Counts]]+Table1789101112132357834[[#This Row],[On Time Counts]]+Table17891011121323578345[[#This Row],[On Time Counts]] -> 0 | K19: =Table178910111213235783456[[#This Row],[On Time Counts]]/45 -> 0 | L19: 7185.39 | M19: =Table178910111213235783456[[#This Row],[Wipers +/-]]/Table178910111213235783456[[#This Row],[Comp Sales]] -> 0 | N19: 0 | O19: =Table178910111213235783456[[#This Row],[Big 4 Items]]/Table178910111213235783456[[#This Row],[Oil +/- ]] -> #DIV/0! | P19: =J19/S19 -> #DIV/0! | S19: ='P10 - 10-04'!S19+'P10 - 10-11'!S19+'P10 - 10-18'!S19+'P10 - 10-25'!S19+'P10 - 11-01'!S19 -> 0
A20: Baton Rouge South | B20: 18 | C20: =Table17891011121323578[[#This Row],[Lubricants/Oil +/-]]+Table178910111213235787[[#This Row],[Lubricants/Oil +/-]]+Table178910111213235783[[#This Row],[Lubricants/Oil +/-]]+Table1789101112132357834[[#This Row],[Lubricants/Oil +/-]]+Table17891011121323578345[[#This Row],[Lubricants/Oil +/-]] -> 9011.46 | D20: =Table17891011121323578[[#This Row],[Oil +/- ]]+Table178910111213235787[[#This Row],[Oil +/- ]]+Table178910111213235783[[#This Row],[Oil +/- ]]+Table1789101112132357834[[#This Row],[Oil +/- ]]+Table17891011121323578345[[#This Row],[Oil +/- ]] -> 8381.96 | E20: =Table17891011121323578[[#This Row],[Oil Filters +/-]]+Table178910111213235787[[#This Row],[Oil Filters +/-]]+Table178910111213235783[[#This Row],[Oil Filters +/-]]+Table1789101112132357834[[#This Row],[Oil Filters +/-]]+Table17891011121323578345[[#This Row],[Oil Filters +/-]] -> 340 | F20: =Table17891011121323578[[#This Row],[Air Filters +/-]]+Table178910111213235787[[#This Row],[Air Filters +/-]]+Table178910111213235783[[#This Row],[Air Filters +/-]]+Table1789101112132357834[[#This Row],[Air Filters +/-]]+Table17891011121323578345[[#This Row],[Air Filters +/-]] -> 100 | G20: =Table17891011121323578[[#This Row],[Wipers +/-]]+Table178910111213235787[[#This Row],[Wipers +/-]]+Table178910111213235783[[#This Row],[Wipers +/-]]+Table1789101112132357834[[#This Row],[Wipers +/-]]+Table17891011121323578345[[#This Row],[Wipers +/-]] -> 200 | H20: =Table17891011121323578[[#This Row],[Cabins +/-]]+Table178910111213235787[[#This Row],[Cabins +/-]]+Table178910111213235783[[#This Row],[Cabins +/-]]+Table1789101112132357834[[#This Row],[Cabins +/-]]+Table17891011121323578345[[#This Row],[Cabins +/-]] -> 226 | I20: =Table17891011121323578[[#This Row],[Adjustment Variance]]+Table178910111213235787[[#This Row],[Adjustment Variance]]+Table178910111213235783[[#This Row],[Adjustment Variance]]+Table1789101112132357834[[#This Row],[Adjustment Variance]]+Table17891011121323578345[[#This Row],[Adjustment Variance]] -> 23930.444 | J20: =Table17891011121323578[[#This Row],[On Time Counts]]+Table178910111213235787[[#This Row],[On Time Counts]]+Table178910111213235783[[#This Row],[On Time Counts]]+Table1789101112132357834[[#This Row],[On Time Counts]]+Table17891011121323578345[[#This Row],[On Time Counts]] -> 38 | K20: =Table178910111213235783456[[#This Row],[On Time Counts]]/45 -> 0.84444444 | L20: 6083.18 | M20: =Table178910111213235783456[[#This Row],[Wipers +/-]]/Table178910111213235783456[[#This Row],[Comp Sales]] -> 0.032877541 | N20: 0 | O20: =Table178910111213235783456[[#This Row],[Big 4 Items]]/Table178910111213235783456[[#This Row],[Oil +/- ]] -> 0 | P20: =J20/S20 -> 0.65517241 | S20: ='P10 - 10-04'!S20+'P10 - 10-11'!S20+'P10 - 10-18'!S20+'P10 - 10-25'!S20+'P10 - 11-01'!S20 -> 58
A21: Baton Rouge South | B21: 19 | C21: =Table17891011121323578[[#This Row],[Lubricants/Oil +/-]]+Table178910111213235787[[#This Row],[Lubricants/Oil +/-]]+Table178910111213235783[[#This Row],[Lubricants/Oil +/-]]+Table1789101112132357834[[#This Row],[Lubricants/Oil +/-]]+Table17891011121323578345[[#This Row],[Lubricants/Oil +/-]] -> 2843.12 | D21: =Table17891011121323578[[#This Row],[Oil +/- ]]+Table178910111213235787[[#This Row],[Oil +/- ]]+Table178910111213235783[[#This Row],[Oil +/- ]]+Table1789101112132357834[[#This Row],[Oil +/- ]]+Table17891011121323578345[[#This Row],[Oil +/- ]] -> 2843.12 | E21: =Table17891011121323578[[#This Row],[Oil Filters +/-]]+Table178910111213235787[[#This Row],[Oil Filters +/-]]+Table178910111213235783[[#This Row],[Oil Filters +/-]]+Table1789101112132357834[[#This Row],[Oil Filters +/-]]+Table17891011121323578345[[#This Row],[Oil Filters +/-]] -> -194 | F21: =Table17891011121323578[[#This Row],[Air Filters +/-]]+Table178910111213235787[[#This Row],[Air Filters +/-]]+Table178910111213235783[[#This Row],[Air Filters +/-]]+Table1789101112132357834[[#This Row],[Air Filters +/-]]+Table17891011121323578345[[#This Row],[Air Filters +/-]] -> -98 | G21: =Table17891011121323578[[#This Row],[Wipers +/-]]+Table178910111213235787[[#This Row],[Wipers +/-]]+Table178910111213235783[[#This Row],[Wipers +/-]]+Table1789101112132357834[[#This Row],[Wipers +/-]]+Table17891011121323578345[[#This Row],[Wipers +/-]] -> -26 | H21: =Table17891011121323578[[#This Row],[Cabins +/-]]+Table178910111213235787[[#This Row],[Cabins +/-]]+Table178910111213235783[[#This Row],[Cabins +/-]]+Table1789101112132357834[[#This Row],[Cabins +/-]]+Table17891011121323578345[[#This Row],[Cabins +/-]] -> -82 | I21: =Table17891011121323578[[#This Row],[Adjustment Variance]]+Table178910111213235787[[#This Row],[Adjustment Variance]]+Table178910111213235783[[#This Row],[Adjustment Variance]]+Table1789101112132357834[[#This Row],[Adjustment Variance]]+Table17891011121323578345[[#This Row],[Adjustment Variance]] -> 10601.318 | J21: =Table17891011121323578[[#This Row],[On Time Counts]]+Table178910111213235787[[#This Row],[On Time Counts]]+Table178910111213235783[[#This Row],[On Time Counts]]+Table1789101112132357834[[#This Row],[On Time Counts]]+Table17891011121323578345[[#This Row],[On Time Counts]] -> 34 | K21: =Table178910111213235783456[[#This Row],[On Time Counts]]/45 -> 0.75555556 | L21: 4849.02 | M21: =Table178910111213235783456[[#This Row],[Wipers +/-]]/Table178910111213235783456[[#This Row],[Comp Sales]] -> -0.0053619082 | N21: 0 | O21: =Table178910111213235783456[[#This Row],[Big 4 Items]]/Table178910111213235783456[[#This Row],[Oil +/- ]] -> 0 | P21: =J21/S21 -> 0.5862069 | S21: ='P10 - 10-04'!S21+'P10 - 10-11'!S21+'P10 - 10-18'!S21+'P10 - 10-25'!S21+'P10 - 11-01'!S21 -> 58
A22: Baton Rouge South | B22: 282 | C22: =Table17891011121323578[[#This Row],[Lubricants/Oil +/-]]+Table178910111213235787[[#This Row],[Lubricants/Oil +/-]]+Table178910111213235783[[#This Row],[Lubricants/Oil +/-]]+Table1789101112132357834[[#This Row],[Lubricants/Oil +/-]]+Table17891011121323578345[[#This Row],[Lubricants/Oil +/-]] -> 229.86 | D22: =Table17891011121323578[[#This Row],[Oil +/- ]]+Table178910111213235787[[#This Row],[Oil +/- ]]+Table178910111213235783[[#This Row],[Oil +/- ]]+Table1789101112132357834[[#This Row],[Oil +/- ]]+Table17891011121323578345[[#This Row],[Oil +/- ]] -> 315.86 | E22: =Table17891011121323578[[#This Row],[Oil Filters +/-]]+Table178910111213235787[[#This Row],[Oil Filters +/-]]+Table178910111213235783[[#This Row],[Oil Filters +/-]]+Table1789101112132357834[[#This Row],[Oil Filters +/-]]+Table17891011121323578345[[#This Row],[Oil Filters +/-]] -> 161 | F22: =Table17891011121323578[[#This Row],[Air Filters +/-]]+Table178910111213235787[[#This Row],[Air Filters +/-]]+Table178910111213235783[[#This Row],[Air Filters +/-]]+Table1789101112132357834[[#This Row],[Air Filters +/-]]+Table17891011121323578345[[#This Row],[Air Filters +/-]] -> -3 | G22: =Table17891011121323578[[#This Row],[Wipers +/-]]+Table178910111213235787[[#This Row],[Wipers +/-]]+Table178910111213235783[[#This Row],[Wipers +/-]]+Table1789101112132357834[[#This Row],[Wipers +/-]]+Table17891011121323578345[[#This Row],[Wipers +/-]] -> 24 | H22: =Table17891011121323578[[#This Row],[Cabins +/-]]+Table178910111213235787[[#This Row],[Cabins +/-]]+Table178910111213235783[[#This Row],[Cabins +/-]]+Table1789101112132357834[[#This Row],[Cabins +/-]]+Table17891011121323578345[[#This Row],[Cabins +/-]] -> 19 | I22: =Table17891011121323578[[#This Row],[Adjustment Variance]]+Table178910111213235787[[#This Row],[Adjustment Variance]]+Table178910111213235783[[#This Row],[Adjustment Variance]]+Table1789101112132357834[[#This Row],[Adjustment Variance]]+Table17891011121323578345[[#This Row],[Adjustment Variance]] -> 572.3364 | J22: =Table17891011121323578[[#This Row],[On Time Counts]]+Table178910111213235787[[#This Row],[On Time Counts]]+Table178910111213235783[[#This Row],[On Time Counts]]+Table1789101112132357834[[#This Row],[On Time Counts]]+Table17891011121323578345[[#This Row],[On Time Counts]] -> 27 | K22: =Table178910111213235783456[[#This Row],[On Time Counts]]/45 -> 0.6 | L22: 2994.56 | M22: =Table178910111213235783456[[#This Row],[Wipers +/-]]/Table178910111213235783456[[#This Row],[Comp Sales]] -> 0.008014533 | N22: 0 | O22: =Table178910111213235783456[[#This Row],[Big 4 Items]]/Table178910111213235783456[[#This Row],[Oil +/- ]] -> 0 | P22: =J22/S22 -> 0.46551724 | S22: ='P10 - 10-04'!S22+'P10 - 10-11'!S22+'P10 - 10-18'!S22+'P10 - 10-25'!S22+'P10 - 11-01'!S22 -> 58
A23: Baton Rouge South | B23: 447 | C23: =Table17891011121323578[[#This Row],[Lubricants/Oil +/-]]+Table178910111213235787[[#This Row],[Lubricants/Oil +/-]]+Table178910111213235783[[#This Row],[Lubricants/Oil +/-]]+Table1789101112132357834[[#This Row],[Lubricants/Oil +/-]]+Table17891011121323578345[[#This Row],[Lubricants/Oil +/-]] -> -166.16 | D23: =Table17891011121323578[[#This Row],[Oil +/- ]]+Table178910111213235787[[#This Row],[Oil +/- ]]+Table178910111213235783[[#This Row],[Oil +/- ]]+Table1789101112132357834[[#This Row],[Oil +/- ]]+Table17891011121323578345[[#This Row],[Oil +/- ]] -> -69.16 | E23: =Table17891011121323578[[#This Row],[Oil Filters +/-]]+Table178910111213235787[[#This Row],[Oil Filters +/-]]+Table178910111213235783[[#This Row],[Oil Filters +/-]]+Table1789101112132357834[[#This Row],[Oil Filters +/-]]+Table17891011121323578345[[#This Row],[Oil Filters +/-]] -> -114 | F23: =Table17891011121323578[[#This Row],[Air Filters +/-]]+Table178910111213235787[[#This Row],[Air Filters +/-]]+Table178910111213235783[[#This Row],[Air Filters +/-]]+Table1789101112132357834[[#This Row],[Air Filters +/-]]+Table17891011121323578345[[#This Row],[Air Filters +/-]] -> 45 | G23: =Table17891011121323578[[#This Row],[Wipers +/-]]+Table178910111213235787[[#This Row],[Wipers +/-]]+Table178910111213235783[[#This Row],[Wipers +/-]]+Table1789101112132357834[[#This Row],[Wipers +/-]]+Table17891011121323578345[[#This Row],[Wipers +/-]] -> 127 | H23: =Table17891011121323578[[#This Row],[Cabins +/-]]+Table178910111213235787[[#This Row],[Cabins +/-]]+Table178910111213235783[[#This Row],[Cabins +/-]]+Table1789101112132357834[[#This Row],[Cabins +/-]]+Table17891011121323578345[[#This Row],[Cabins +/-]] -> 9 | I23: =Table17891011121323578[[#This Row],[Adjustment Variance]]+Table178910111213235787[[#This Row],[Adjustment Variance]]+Table178910111213235783[[#This Row],[Adjustment Variance]]+Table1789101112132357834[[#This Row],[Adjustment Variance]]+Table17891011121323578345[[#This Row],[Adjustment Variance]] -> 340.3453 | J23: =Table17891011121323578[[#This Row],[On Time Counts]]+Table178910111213235787[[#This Row],[On Time Counts]]+Table178910111213235783[[#This Row],[On Time Counts]]+Table1789101112132357834[[#This Row],[On Time Counts]]+Table17891011121323578345[[#This Row],[On Time Counts]] -> 26 | K23: =Table178910111213235783456[[#This Row],[On Time Counts]]/45 -> 0.57777778 | L23: 6870.99 | M23: =Table178910111213235783456[[#This Row],[Wipers +/-]]/Table178910111213235783456[[#This Row],[Comp Sales]] -> 0.018483508 | N23: 0 | O23: =Table178910111213235783456[[#This Row],[Big 4 Items]]/Table178910111213235783456[[#This Row],[Oil +/- ]] -> 0 | P23: =J23/S23 -> 0.44827586 | S23: ='P10 - 10-04'!S23+'P10 - 10-11'!S23+'P10 - 10-18'!S23+'P10 - 10-25'!S23+'P10 - 11-01'!S23 -> 58
